event_id,match_id,home_team,away_team,team,opponent,player,position,shirt_number,minute,second,event_type,x,y,outcome,xg
1,1,Barau,Remo Stars,Remo Stars,Barau,Femi Osazuwa,LW,25,0,1,Pass,86.34,44.65,Complete,0.0
2,1,Barau,Remo Stars,Remo Stars,Barau,Femi Osazuwa,LW,25,0,7,Pass,79.13,75.36,Complete,0.0
3,1,Barau,Remo Stars,Barau,Remo Stars,Joseph Nnamdi,ST,27,0,9,Successful Dribble,57.88,46.27,Complete,0.0
4,1,Barau,Remo Stars,Remo Stars,Barau,Chukwuemeka Osazuwa,CAM,12,0,12,Corner,83.96,36.55,Complete,0.0
5,1,Barau,Remo Stars,Barau,Remo Stars,Tunde Osazuwa,CB,23,0,14,Turnover,54.39,80.0,Complete,0.0
6,1,Barau,Remo Stars,Barau,Remo Stars,Ifeanyi Usman,LW,10,0,17,Shot,114.44,42.2,On Target,0.434
7,1,Barau,Remo Stars,Barau,Remo Stars,Ifeanyi Ogundele,LB,1,0,20,Corner,74.32,13.69,Complete,0.0
8,1,Barau,Remo Stars,Barau,Remo Stars,Chukwuemeka Ojo,LW,11,0,26,Pass,54.69,5.45,Complete,0.0
9,1,Barau,Remo Stars,Remo Stars,Barau,Damilare Onuoha,CM,24,0,45,Tackle,72.3,54.75,Complete,0.0
10,1,Barau,Remo Stars,Remo Stars,Barau,Musa Osazuwa,CAM,2,0,45,Tackle,13.33,67.18,Complete,0.0
11,1,Barau,Remo Stars,Barau,Remo Stars,Ifeanyi Ogundele,LB,1,0,47,Foul,61.17,45.92,Complete,0.0
12,1,Barau,Remo Stars,Barau,Remo Stars,Suleiman Okonkwo,LW,9,0,50,Turnover,82.21,17.79,Complete,0.0
13,1,Barau,Remo Stars,Barau,Remo Stars,Daniel Adisa,CAM,22,0,56,Pass,83.56,53.31,Complete,0.0
14,1,Barau,Remo Stars,Barau,Remo Stars,Emmanuel Oyelaran,GK,28,0,57,Successful Dribble,14.16,20.06,Complete,0.0
15,1,Barau,Remo Stars,Remo Stars,Barau,Peter Ogundele,CB,13,0,59,Pass,116.62,39.9,Complete,0.0
16,1,Barau,Remo Stars,Remo Stars,Barau,Femi Osazuwa,LW,25,1,1,Pass,88.68,40.61,Complete,0.0
17,1,Barau,Remo Stars,Remo Stars,Barau,Victor Mustapha,GK,1,1,7,Dangerous Pass,101.82,69.42,Complete,0.0
18,1,Barau,Remo Stars,Remo Stars,Barau,Praise Lawal,CDM,11,1,7,Successful Dribble,51.11,38.11,Complete,0.0
19,1,Barau,Remo Stars,Remo Stars,Barau,Chukwuemeka Chukwu,RW,28,1,13,Interception,51.51,66.12,Complete,0.0
20,1,Barau,Remo Stars,Barau,Remo Stars,Tunde Osazuwa,CB,23,1,15,Pass,27.92,36.75,Complete,0.0
21,1,Barau,Remo Stars,Remo Stars,Barau,Praise Lawal,CDM,11,1,44,Successful Dribble,56.09,28.19,Complete,0.0
22,1,Barau,Remo Stars,Remo Stars,Barau,Chukwuemeka Osazuwa,CAM,12,2,0,Dangerous Pass,95.14,15.53,Incomplete,0.0
23,1,Barau,Remo Stars,Barau,Remo Stars,Ifeanyi Usman,LW,10,2,1,Pass,14.62,39.03,Complete,0.0
24,1,Barau,Remo Stars,Remo Stars,Barau,Peter Ogundele,CB,13,2,8,Pass,12.71,41.81,Complete,0.0
25,1,Barau,Remo Stars,Barau,Remo Stars,Ifeanyi Usman,LW,10,2,10,Pass,20.47,21.47,Complete,0.0
26,1,Barau,Remo Stars,Barau,Remo Stars,Tunde Osazuwa,CB,23,2,25,Cross,92.01,22.53,Complete,0.0
27,1,Barau,Remo Stars,Barau,Remo Stars,Musa Nnamdi,GK,26,2,31,Turnover,44.81,14.44,Complete,0.0
28,1,Barau,Remo Stars,Remo Stars,Barau,Peter Ogundele,CB,13,2,34,Pass,13.86,35.24,Complete,0.0
29,1,Barau,Remo Stars,Barau,Remo Stars,Olamide Etim,RW,16,2,35,Interception,78.86,41.41,Complete,0.0
30,1,Barau,Remo Stars,Barau,Remo Stars,Adewale Ibrahim,RB,12,2,58,Pass,28.63,0.0,Complete,0.0
31,1,Barau,Remo Stars,Barau,Remo Stars,Joseph Nnamdi,ST,27,3,11,Successful Dribble,37.24,35.09,Complete,0.0
32,1,Barau,Remo Stars,Remo Stars,Barau,Daniel Chukwu,CAM,8,3,23,Interception,80.34,30.56,Complete,0.0
33,1,Barau,Remo Stars,Barau,Remo Stars,Ifeanyi Usman,LW,10,3,24,Foul,17.34,29.32,Complete,0.0
34,1,Barau,Remo Stars,Remo Stars,Barau,Chukwuemeka Osazuwa,CAM,12,3,29,Foul,28.94,80.0,Complete,0.0
35,1,Barau,Remo Stars,Barau,Remo Stars,Ifeanyi Ogundele,LB,1,3,30,Pass,47.24,47.04,Complete,0.0
36,1,Barau,Remo Stars,Remo Stars,Barau,Peter Ogundele,CB,13,3,36,Interception,20.76,34.96,Complete,0.0
37,1,Barau,Remo Stars,Barau,Remo Stars,Musa Nnamdi,GK,26,3,44,Turnover,68.37,25.13,Complete,0.0
38,1,Barau,Remo Stars,Barau,Remo Stars,Ifeanyi Usman,LW,10,3,47,Tackle,83.31,74.65,Complete,0.0
39,1,Barau,Remo Stars,Remo Stars,Barau,Chukwuemeka Adeyemi,CM,9,3,53,Tackle,69.74,43.66,Complete,0.0
40,1,Barau,Remo Stars,Remo Stars,Barau,Femi Osazuwa,LW,25,4,4,Pass,18.39,32.34,Complete,0.0
41,1,Barau,Remo Stars,Remo Stars,Barau,Rasheed Mohammed,GK,29,4,7,Pass,68.69,0.0,Complete,0.0
42,1,Barau,Remo Stars,Remo Stars,Barau,Femi Osazuwa,LW,25,4,17,Red Card,93.84,18.56,Complete,0.0
43,1,Barau,Remo Stars,Barau,Remo Stars,Musa Balogun,RW,3,4,30,Successful Dribble,115.01,80.0,Complete,0.0
44,1,Barau,Remo Stars,Barau,Remo Stars,Emmanuel Oyelaran,GK,28,4,36,Cross,87.64,59.0,Complete,0.0
45,1,Barau,Remo Stars,Barau,Remo Stars,Obinna Oyelaran,LW,6,5,26,Cross,97.44,0.0,Complete,0.0
46,1,Barau,Remo Stars,Remo Stars,Barau,Chukwuemeka Osazuwa,CAM,12,5,37,Pass,107.64,50.6,Complete,0.0
47,1,Barau,Remo Stars,Barau,Remo Stars,Ifeanyi Ogundele,LB,1,5,43,Pass,92.92,56.28,Complete,0.0
48,1,Barau,Remo Stars,Remo Stars,Barau,Chukwuemeka Chukwu,RW,28,5,47,Interception,35.16,36.95,Complete,0.0
49,1,Barau,Remo Stars,Remo Stars,Barau,Praise Lawal,CDM,11,5,59,Successful Dribble,113.52,40.66,Complete,0.0
50,1,Barau,Remo Stars,Barau,Remo Stars,Joseph Nnamdi,ST,27,6,0,Interception,62.5,34.68,Complete,0.0
51,1,Barau,Remo Stars,Barau,Remo Stars,Divine Bello,RW,18,6,7,Turnover,37.25,22.22,Complete,0.0
52,1,Barau,Remo Stars,Remo Stars,Barau,Chukwuemeka Osazuwa,CAM,12,6,8,Interception,88.93,57.14,Complete,0.0
53,1,Barau,Remo Stars,Remo Stars,Barau,Femi Osazuwa,LW,25,6,9,Successful Dribble,26.12,0.0,Complete,0.0
54,1,Barau,Remo Stars,Remo Stars,Barau,Femi Osazuwa,LW,25,6,14,Interception,84.5,51.82,Complete,0.0
55,1,Barau,Remo Stars,Remo Stars,Barau,Segun Oyelaran,CM,10,6,15,Cross,97.48,47.96,Incomplete,0.0
56,1,Barau,Remo Stars,Remo Stars,Barau,Victor Mustapha,GK,1,6,16,Cross,105.81,80.0,Complete,0.0
57,1,Barau,Remo Stars,Remo Stars,Barau,Ifeanyi Ibrahim,LB,22,6,16,Cross,85.09,21.27,Complete,0.0
58,1,Barau,Remo Stars,Barau,Remo Stars,Divine Bello,RW,18,6,26,Interception,78.52,67.28,Complete,0.0
59,1,Barau,Remo Stars,Barau,Remo Stars,Musa Balogun,RW,3,6,28,Pass,27.07,20.76,Complete,0.0
60,1,Barau,Remo Stars,Barau,Remo Stars,Ifeanyi Usman,LW,10,6,29,Shot,113.74,35.85,Off Target,0.417
61,1,Barau,Remo Stars,Remo Stars,Barau,Kunle Okoye,CB,26,6,34,Pass,112.31,38.66,Incomplete,0.0
62,1,Barau,Remo Stars,Remo Stars,Barau,Damilare Onuoha,CM,24,6,36,Successful Dribble,94.49,61.28,Complete,0.0
63,1,Barau,Remo Stars,Barau,Remo Stars,Joseph Nnamdi,ST,27,6,38,Tackle,62.33,72.22,Complete,0.0
64,1,Barau,Remo Stars,Remo Stars,Barau,Chukwuemeka Osazuwa,CAM,12,6,50,Turnover,77.04,38.62,Complete,0.0
65,1,Barau,Remo Stars,Barau,Remo Stars,Musa Nnamdi,GK,26,6,59,Pass,59.19,24.27,Complete,0.0
66,1,Barau,Remo Stars,Barau,Remo Stars,Obinna Oyelaran,LW,6,7,15,Big Chance,118.1,45.37,Off Target,0.687
67,1,Barau,Remo Stars,Remo Stars,Barau,Musa Osazuwa,CAM,2,7,24,Successful Dribble,91.55,44.07,Complete,0.0
68,1,Barau,Remo Stars,Remo Stars,Barau,Chukwuemeka Osazuwa,CAM,12,7,30,Offside,47.11,69.1,Complete,0.0
69,1,Barau,Remo Stars,Barau,Remo Stars,Musa Nnamdi,GK,26,7,31,Pass,73.39,47.86,Complete,0.0
70,1,Barau,Remo Stars,Barau,Remo Stars,Adewale Ibrahim,RB,12,7,32,Cross,110.85,26.92,Complete,0.0
71,1,Barau,Remo Stars,Remo Stars,Barau,Chukwuemeka Chukwu,RW,28,8,6,Pass,102.98,40.64,Complete,0.0
72,1,Barau,Remo Stars,Remo Stars,Barau,Rasheed Mohammed,GK,29,8,8,Progressive Pass,46.54,41.99,Complete,0.0
73,1,Barau,Remo Stars,Barau,Remo Stars,Aliyu Okafor,CAM,4,8,15,Shot on Target,114.32,46.27,On Target,0.406
74,1,Barau,Remo Stars,Barau,Remo Stars,Joseph Nnamdi,ST,27,8,23,Turnover,37.11,54.79,Complete,0.0
75,1,Barau,Remo Stars,Remo Stars,Barau,Daniel Chukwu,CAM,8,8,41,Pass,80.59,19.19,Incomplete,0.0
76,1,Barau,Remo Stars,Barau,Remo Stars,Daniel Adisa,CAM,22,8,42,Shot,114.76,62.81,Off Target,0.24
77,1,Barau,Remo Stars,Barau,Remo Stars,Adewale Ibrahim,RB,12,8,42,Tackle,59.63,64.96,Complete,0.0
78,1,Barau,Remo Stars,Barau,Remo Stars,Obinna Oyelaran,LW,6,8,42,Foul,41.76,34.28,Complete,0.0
79,1,Barau,Remo Stars,Barau,Remo Stars,Chukwuemeka Ojo,LW,11,8,49,Pass,33.67,49.08,Complete,0.0
80,1,Barau,Remo Stars,Remo Stars,Barau,Segun Oyelaran,CM,10,8,52,Pass,14.63,72.09,Complete,0.0
81,1,Barau,Remo Stars,Barau,Remo Stars,Tunde Osazuwa,CB,23,8,55,Shot,103.44,44.15,Off Target,0.31
82,1,Barau,Remo Stars,Barau,Remo Stars,Emmanuel Oyelaran,GK,28,8,57,Pass,41.2,33.52,Incomplete,0.0
83,1,Barau,Remo Stars,Barau,Remo Stars,Emmanuel Oyelaran,GK,28,9,7,Dangerous Pass,117.88,12.04,Complete,0.0
84,1,Barau,Remo Stars,Barau,Remo Stars,Obinna Oyelaran,LW,6,9,15,Offside,108.31,31.29,Complete,0.0
85,1,Barau,Remo Stars,Barau,Remo Stars,Suleiman Okonkwo,LW,9,9,17,Turnover,29.69,20.73,Complete,0.0
86,1,Barau,Remo Stars,Remo Stars,Barau,Chukwuemeka Chukwu,RW,28,9,20,Shot,95.52,17.38,Off Target,0.13
87,1,Barau,Remo Stars,Barau,Remo Stars,Olamide Etim,RW,16,9,25,Turnover,57.88,38.64,Complete,0.0
88,1,Barau,Remo Stars,Barau,Remo Stars,Divine Bello,RW,18,9,29,Turnover,66.92,41.17,Complete,0.0
89,1,Barau,Remo Stars,Barau,Remo Stars,Chukwuemeka Ojo,LW,11,9,38,Cross,88.19,37.41,Complete,0.0
90,1,Barau,Remo Stars,Barau,Remo Stars,Aliyu Okafor,CAM,4,9,45,Pass,92.85,23.87,Complete,0.0
91,1,Barau,Remo Stars,Barau,Remo Stars,Adewale Ibrahim,RB,12,9,50,Pass,88.63,67.18,Incomplete,0.0
92,1,Barau,Remo Stars,Barau,Remo Stars,Olamide Etim,RW,16,9,58,Cross,83.35,63.68,Complete,0.0
93,1,Barau,Remo Stars,Remo Stars,Barau,Chukwuemeka Osazuwa,CAM,12,10,8,Interception,51.17,35.96,Complete,0.0
94,1,Barau,Remo Stars,Remo Stars,Barau,Musa Osazuwa,CAM,2,10,8,Pass,88.99,5.53,Complete,0.0
95,1,Barau,Remo Stars,Remo Stars,Barau,Damilare Onuoha,CM,24,10,16,Pass,39.97,53.71,Complete,0.0
96,1,Barau,Remo Stars,Barau,Remo Stars,Obinna Oyelaran,LW,6,10,31,Successful Dribble,81.31,65.75,Complete,0.0
97,1,Barau,Remo Stars,Remo Stars,Barau,Joseph Osazuwa,CDM,15,10,40,Pass,86.12,53.98,Incomplete,0.0
98,1,Barau,Remo Stars,Remo Stars,Barau,Chukwuemeka Osazuwa,CAM,12,10,51,Cross,116.94,51.34,Complete,0.0
99,1,Barau,Remo Stars,Remo Stars,Barau,Chukwuemeka Chukwu,RW,28,10,55,Dangerous Pass,78.68,30.13,Complete,0.0
100,1,Barau,Remo Stars,Barau,Remo Stars,Olamide Etim,RW,16,10,57,Successful Dribble,88.4,41.83,Complete,0.0
101,1,Barau,Remo Stars,Remo Stars,Barau,Chukwuemeka Osazuwa,CAM,12,10,59,Pass,30.51,34.01,Complete,0.0
102,1,Barau,Remo Stars,Remo Stars,Barau,Ifeanyi Ibrahim,LB,22,11,3,Foul,28.5,60.52,Complete,0.0
103,1,Barau,Remo Stars,Barau,Remo Stars,Ifeanyi Ogundele,LB,1,11,5,Pass,22.6,56.14,Complete,0.0
104,1,Barau,Remo Stars,Remo Stars,Barau,Damilare Onuoha,CM,24,11,29,Pass,49.99,39.73,Complete,0.0
105,1,Barau,Remo Stars,Remo Stars,Barau,Praise Lawal,CDM,11,11,35,Turnover,21.02,64.9,Complete,0.0
106,1,Barau,Remo Stars,Remo Stars,Barau,Praise Lawal,CDM,11,11,37,Interception,33.95,13.66,Complete,0.0
107,1,Barau,Remo Stars,Barau,Remo Stars,Suleiman Okonkwo,LW,9,11,40,Turnover,78.72,46.36,Complete,0.0
108,1,Barau,Remo Stars,Remo Stars,Barau,Segun Oyelaran,CM,10,11,43,Successful Dribble,71.35,50.22,Complete,0.0
109,1,Barau,Remo Stars,Remo Stars,Barau,Victor Mustapha,GK,1,11,44,Pass,65.08,31.83,Complete,0.0
110,1,Barau,Remo Stars,Remo Stars,Barau,Segun Oyelaran,CM,10,11,56,Shot,116.47,34.37,Off Target,0.426
111,1,Barau,Remo Stars,Remo Stars,Barau,Joseph Osazuwa,CDM,15,11,58,Pass,41.58,6.96,Complete,0.0
112,1,Barau,Remo Stars,Barau,Remo Stars,Joseph Nnamdi,ST,27,12,2,Shot,91.57,39.2,On Target,0.184
113,1,Barau,Remo Stars,Barau,Remo Stars,Obinna Oyelaran,LW,6,12,20,Turnover,39.23,17.93,Complete,0.0
114,1,Barau,Remo Stars,Barau,Remo Stars,Chukwuemeka Ojo,LW,11,12,25,Shot on Target,118.57,44.4,Off Target,0.449
115,1,Barau,Remo Stars,Barau,Remo Stars,Joseph Nnamdi,ST,27,12,30,Successful Dribble,23.61,40.62,Complete,0.0
116,1,Barau,Remo Stars,Barau,Remo Stars,Peter Nnamdi,CDM,8,12,31,Foul,33.68,9.29,Complete,0.0
117,1,Barau,Remo Stars,Remo Stars,Barau,Chukwuemeka Adeyemi,CM,9,12,35,Pass,57.58,21.54,Complete,0.0
118,1,Barau,Remo Stars,Remo Stars,Barau,Femi Osazuwa,LW,25,12,38,Pass,9.37,46.82,Complete,0.0
119,1,Barau,Remo Stars,Remo Stars,Barau,Femi Osazuwa,LW,25,12,40,Pass,20.75,41.21,Incomplete,0.0
120,1,Barau,Remo Stars,Remo Stars,Barau,Chukwuemeka Adeyemi,CM,9,12,44,Turnover,60.04,60.91,Complete,0.0
121,1,Barau,Remo Stars,Barau,Remo Stars,Musa Balogun,RW,3,13,2,Interception,85.32,80.0,Complete,0.0
122,1,Barau,Remo Stars,Barau,Remo Stars,Ifeanyi Ogundele,LB,1,13,2,Pass,106.56,28.57,Complete,0.0
123,1,Barau,Remo Stars,Barau,Remo Stars,Peter Nnamdi,CDM,8,13,3,Pass,95.04,36.66,Complete,0.0
124,1,Barau,Remo Stars,Remo Stars,Barau,Segun Oyelaran,CM,10,13,7,Cross,93.11,55.93,Complete,0.0
125,1,Barau,Remo Stars,Barau,Remo Stars,Musa Balogun,RW,3,13,8,Pass,91.78,39.44,Incomplete,0.0
126,1,Barau,Remo Stars,Remo Stars,Barau,Rasheed Mohammed,GK,29,13,13,Pass,101.93,41.98,Incomplete,0.0
127,1,Barau,Remo Stars,Barau,Remo Stars,Obinna Oyelaran,LW,6,13,18,Pass,40.74,53.33,Complete,0.0
128,1,Barau,Remo Stars,Barau,Remo Stars,Chukwuemeka Ojo,LW,11,13,20,Interception,26.17,13.16,Complete,0.0
129,1,Barau,Remo Stars,Remo Stars,Barau,Joseph Osazuwa,CDM,15,13,37,Foul,58.7,57.03,Complete,0.0
130,1,Barau,Remo Stars,Remo Stars,Barau,Ifeanyi Ibrahim,LB,22,13,43,Progressive Pass,79.19,11.66,Complete,0.0
131,1,Barau,Remo Stars,Remo Stars,Barau,Segun Oyelaran,CM,10,13,44,Turnover,35.47,52.79,Complete,0.0
132,1,Barau,Remo Stars,Barau,Remo Stars,Emmanuel Oyelaran,GK,28,13,45,Interception,63.43,41.04,Complete,0.0
133,1,Barau,Remo Stars,Remo Stars,Barau,Rasheed Mohammed,GK,29,13,55,Progressive Pass,95.33,80.0,Complete,0.0
134,1,Barau,Remo Stars,Barau,Remo Stars,Ifeanyi Usman,LW,10,14,0,Pass,72.98,64.01,Complete,0.0
135,1,Barau,Remo Stars,Remo Stars,Barau,Musa Osazuwa,CAM,2,14,10,Pass,21.54,47.94,Complete,0.0
136,1,Barau,Remo Stars,Barau,Remo Stars,Adewale Ibrahim,RB,12,14,22,Turnover,26.62,38.24,Complete,0.0
137,1,Barau,Remo Stars,Remo Stars,Barau,Chukwuemeka Adeyemi,CM,9,14,25,Pass,2.78,78.1,Complete,0.0
138,1,Barau,Remo Stars,Barau,Remo Stars,Adewale Ibrahim,RB,12,14,34,Pass,15.23,44.98,Incomplete,0.0
139,1,Barau,Remo Stars,Barau,Remo Stars,Tunde Osazuwa,CB,23,14,37,Progressive Pass,90.18,53.8,Complete,0.0
140,1,Barau,Remo Stars,Barau,Remo Stars,Ifeanyi Usman,LW,10,14,49,Shot,92.22,40.08,Off Target,0.191
141,1,Barau,Remo Stars,Remo Stars,Barau,Musa Osazuwa,CAM,2,15,0,Pass,66.11,80.0,Complete,0.0
142,1,Barau,Remo Stars,Remo Stars,Barau,Victor Mustapha,GK,1,15,5,Progressive Pass,101.52,52.64,Complete,0.0
143,1,Barau,Remo Stars,Barau,Remo Stars,Adewale Ibrahim,RB,12,15,19,Tackle,76.57,24.11,Complete,0.0
144,1,Barau,Remo Stars,Remo Stars,Barau,Femi Osazuwa,LW,25,15,24,Dangerous Pass,89.59,53.95,Complete,0.0
145,1,Barau,Remo Stars,Remo Stars,Barau,Daniel Chukwu,CAM,8,15,24,Progressive Pass,110.86,20.89,Incomplete,0.0
146,1,Barau,Remo Stars,Barau,Remo Stars,Musa Balogun,RW,3,15,24,Pass,102.29,39.11,Complete,0.0
147,1,Barau,Remo Stars,Remo Stars,Barau,Victor Mustapha,GK,1,15,26,Interception,82.32,24.94,Complete,0.0
148,1,Barau,Remo Stars,Remo Stars,Barau,Chukwuemeka Adeyemi,CM,9,15,31,Pass,76.68,39.29,Incomplete,0.0
149,1,Barau,Remo Stars,Remo Stars,Barau,Daniel Chukwu,CAM,8,15,32,Dangerous Pass,89.2,39.97,Complete,0.0
150,1,Barau,Remo Stars,Barau,Remo Stars,Peter Nnamdi,CDM,8,15,34,Tackle,37.15,50.59,Complete,0.0
151,1,Barau,Remo Stars,Barau,Remo Stars,Ifeanyi Usman,LW,10,15,43,Tackle,11.58,15.3,Complete,0.0
152,1,Barau,Remo Stars,Remo Stars,Barau,Femi Osazuwa,LW,25,16,2,Pass,95.7,68.9,Complete,0.0
153,1,Barau,Remo Stars,Remo Stars,Barau,Victor Mustapha,GK,1,16,6,Interception,46.52,69.44,Complete,0.0
154,1,Barau,Remo Stars,Barau,Remo Stars,Ifeanyi Ogundele,LB,1,16,16,Pass,109.24,48.2,Complete,0.0
155,1,Barau,Remo Stars,Remo Stars,Barau,Kelechi Usman,CM,6,16,18,Pass,8.1,49.01,Complete,0.0
156,1,Barau,Remo Stars,Barau,Remo Stars,Emmanuel Oyelaran,GK,28,16,22,Pass,31.22,20.04,Complete,0.0
157,1,Barau,Remo Stars,Remo Stars,Barau,Rasheed Mohammed,GK,29,16,27,Interception,62.8,57.41,Complete,0.0
158,1,Barau,Remo Stars,Remo Stars,Barau,Segun Oyelaran,CM,10,16,27,Pass,49.2,69.08,Complete,0.0
159,1,Barau,Remo Stars,Remo Stars,Barau,Victor Mustapha,GK,1,16,27,Pass,23.11,44.54,Complete,0.0
160,1,Barau,Remo Stars,Barau,Remo Stars,Joseph Nnamdi,ST,27,16,27,Foul,76.6,53.06,Complete,0.0
161,1,Barau,Remo Stars,Barau,Remo Stars,Divine Bello,RW,18,16,33,Foul,75.54,67.63,Complete,0.0
162,1,Barau,Remo Stars,Barau,Remo Stars,Emmanuel Oyelaran,GK,28,16,47,Pass,18.28,37.88,Complete,0.0
163,1,Barau,Remo Stars,Barau,Remo Stars,Suleiman Okonkwo,LW,9,17,7,Pass,38.2,62.6,Complete,0.0
164,1,Barau,Remo Stars,Barau,Remo Stars,Emmanuel Oyelaran,GK,28,17,10,Pass,43.29,22.41,Complete,0.0
165,1,Barau,Remo Stars,Remo Stars,Barau,Chukwuemeka Osazuwa,CAM,12,17,12,Offside,38.87,28.47,Complete,0.0
166,1,Barau,Remo Stars,Barau,Remo Stars,Divine Bello,RW,18,17,17,Shot on Target,108.89,30.82,Off Target,0.34
167,1,Barau,Remo Stars,Barau,Remo Stars,Emmanuel Oyelaran,GK,28,17,19,Turnover,53.56,53.97,Complete,0.0
168,1,Barau,Remo Stars,Barau,Remo Stars,Tunde Osazuwa,CB,23,17,19,Interception,50.33,40.08,Complete,0.0
169,1,Barau,Remo Stars,Barau,Remo Stars,Obinna Oyelaran,LW,6,17,20,Interception,75.85,38.03,Complete,0.0
170,1,Barau,Remo Stars,Remo Stars,Barau,Musa Osazuwa,CAM,2,17,23,Progressive Pass,67.42,55.34,Complete,0.0
171,1,Barau,Remo Stars,Remo Stars,Barau,Chukwuemeka Chukwu,RW,28,18,0,Pass,107.34,47.31,Complete,0.0
172,1,Barau,Remo Stars,Barau,Remo Stars,Suleiman Okonkwo,LW,9,18,5,Dangerous Pass,92.94,25.38,Complete,0.0
173,1,Barau,Remo Stars,Remo Stars,Barau,Joseph Osazuwa,CDM,15,18,26,Progressive Pass,75.98,31.76,Incomplete,0.0
174,1,Barau,Remo Stars,Barau,Remo Stars,Obinna Oyelaran,LW,6,18,26,Shot,93.23,32.15,On Target,0.19
175,1,Barau,Remo Stars,Remo Stars,Barau,Femi Osazuwa,LW,25,18,45,Shot on Target,104.7,21.51,Off Target,0.233
176,1,Barau,Remo Stars,Barau,Remo Stars,Daniel Adisa,CAM,22,18,48,Successful Dribble,111.56,0.0,Complete,0.0
177,1,Barau,Remo Stars,Remo Stars,Barau,Musa Osazuwa,CAM,2,18,48,Interception,49.89,41.73,Complete,0.0
178,1,Barau,Remo Stars,Remo Stars,Barau,Joseph Osazuwa,CDM,15,18,55,Foul,80.25,0.0,Complete,0.0
179,1,Barau,Remo Stars,Barau,Remo Stars,Adewale Ibrahim,RB,12,18,57,Dangerous Pass,111.9,8.81,Complete,0.0
180,1,Barau,Remo Stars,Barau,Remo Stars,Adewale Ibrahim,RB,12,19,3,Pass,118.85,45.45,Complete,0.0
181,1,Barau,Remo Stars,Barau,Remo Stars,Musa Nnamdi,GK,26,19,11,Progressive Pass,10.77,18.27,Complete,0.0
182,1,Barau,Remo Stars,Remo Stars,Barau,Victor Mustapha,GK,1,19,26,Pass,59.59,45.15,Incomplete,0.0
183,1,Barau,Remo Stars,Barau,Remo Stars,Joseph Nnamdi,ST,27,19,31,Progressive Pass,19.93,59.99,Complete,0.0
184,1,Barau,Remo Stars,Barau,Remo Stars,Olamide Etim,RW,16,19,31,Shot on Target,114.46,49.27,Off Target,0.38
185,1,Barau,Remo Stars,Remo Stars,Barau,Kunle Okoye,CB,26,19,37,Turnover,21.04,48.65,Complete,0.0
186,1,Barau,Remo Stars,Barau,Remo Stars,Emmanuel Oyelaran,GK,28,19,39,Big Chance,94.18,61.73,Off Target,0.375
187,1,Barau,Remo Stars,Barau,Remo Stars,Peter Nnamdi,CDM,8,19,42,Progressive Pass,58.95,35.19,Complete,0.0
188,1,Barau,Remo Stars,Barau,Remo Stars,Adewale Ibrahim,RB,12,20,4,Tackle,69.48,0.0,Complete,0.0
189,1,Barau,Remo Stars,Remo Stars,Barau,Kunle Okoye,CB,26,20,21,Foul,44.49,48.78,Complete,0.0
190,1,Barau,Remo Stars,Remo Stars,Barau,Peter Ogundele,CB,13,20,30,Progressive Pass,115.72,66.57,Incomplete,0.0
191,1,Barau,Remo Stars,Barau,Remo Stars,Suleiman Okonkwo,LW,9,20,34,Cross,85.87,39.49,Complete,0.0
192,1,Barau,Remo Stars,Remo Stars,Barau,Kunle Okoye,CB,26,20,38,Cross,99.15,67.12,Complete,0.0
193,1,Barau,Remo Stars,Remo Stars,Barau,Musa Osazuwa,CAM,2,20,50,Cross,72.86,80.0,Complete,0.0
194,1,Barau,Remo Stars,Barau,Remo Stars,Daniel Adisa,CAM,22,20,52,Shot,100.71,34.71,On Target,0.278
195,1,Barau,Remo Stars,Barau,Remo Stars,Musa Balogun,RW,3,21,6,Interception,45.86,28.67,Complete,0.0
196,1,Barau,Remo Stars,Barau,Remo Stars,Adewale Ibrahim,RB,12,21,8,Pass,109.49,53.03,Complete,0.0
197,1,Barau,Remo Stars,Barau,Remo Stars,Ifeanyi Usman,LW,10,21,13,Pass,34.13,51.31,Incomplete,0.0
198,1,Barau,Remo Stars,Remo Stars,Barau,Joseph Osazuwa,CDM,15,21,39,Pass,117.26,63.65,Complete,0.0
199,1,Barau,Remo Stars,Barau,Remo Stars,Daniel Adisa,CAM,22,21,49,Turnover,49.81,44.74,Complete,0.0
200,1,Barau,Remo Stars,Barau,Remo Stars,Aliyu Okafor,CAM,4,21,53,Tackle,26.56,30.28,Complete,0.0
201,1,Barau,Remo Stars,Remo Stars,Barau,Femi Osazuwa,LW,25,21,57,Shot,119.1,57.16,Off Target,0.309
202,1,Barau,Remo Stars,Barau,Remo Stars,Daniel Adisa,CAM,22,21,58,Progressive Pass,55.42,46.04,Complete,0.0
203,1,Barau,Remo Stars,Barau,Remo Stars,Joseph Nnamdi,ST,27,22,10,Progressive Pass,52.17,58.42,Complete,0.0
204,1,Barau,Remo Stars,Barau,Remo Stars,Daniel Adisa,CAM,22,22,11,Pass,97.08,77.19,Complete,0.0
205,1,Barau,Remo Stars,Barau,Remo Stars,Ifeanyi Ogundele,LB,1,22,16,Turnover,33.31,51.27,Complete,0.0
206,1,Barau,Remo Stars,Barau,Remo Stars,Suleiman Okonkwo,LW,9,22,22,Pass,66.03,18.57,Complete,0.0
207,1,Barau,Remo Stars,Remo Stars,Barau,Joseph Osazuwa,CDM,15,22,36,Pass,117.77,70.33,Incomplete,0.0
208,1,Barau,Remo Stars,Remo Stars,Barau,Chukwuemeka Adeyemi,CM,9,22,37,Foul,85.47,39.51,Complete,0.0
209,1,Barau,Remo Stars,Barau,Remo Stars,Daniel Adisa,CAM,22,22,44,Pass,113.92,32.69,Incomplete,0.0
210,1,Barau,Remo Stars,Remo Stars,Barau,Segun Oyelaran,CM,10,22,45,Pass,14.1,54.44,Incomplete,0.0
211,1,Barau,Remo Stars,Remo Stars,Barau,Musa Osazuwa,CAM,2,22,50,Pass,110.87,27.53,Complete,0.0
212,1,Barau,Remo Stars,Remo Stars,Barau,Chukwuemeka Chukwu,RW,28,22,57,Pass,25.72,37.52,Complete,0.0
213,1,Barau,Remo Stars,Barau,Remo Stars,Adewale Ibrahim,RB,12,23,0,Pass,36.36,0.05,Complete,0.0
214,1,Barau,Remo Stars,Barau,Remo Stars,Joseph Nnamdi,ST,27,23,0,Interception,83.43,80.0,Complete,0.0
215,1,Barau,Remo Stars,Barau,Remo Stars,Ifeanyi Ogundele,LB,1,23,18,Pass,60.63,63.39,Complete,0.0
216,1,Barau,Remo Stars,Remo Stars,Barau,Joseph Osazuwa,CDM,15,23,30,Foul,46.87,63.97,Complete,0.0
217,1,Barau,Remo Stars,Barau,Remo Stars,Olamide Etim,RW,16,23,31,Cross,103.14,48.32,Complete,0.0
218,1,Barau,Remo Stars,Barau,Remo Stars,Daniel Adisa,CAM,22,23,37,Pass,45.4,35.66,Complete,0.0
219,1,Barau,Remo Stars,Barau,Remo Stars,Olamide Etim,RW,16,23,43,Pass,93.81,69.34,Complete,0.0
220,1,Barau,Remo Stars,Remo Stars,Barau,Chukwuemeka Chukwu,RW,28,23,57,Corner,116.3,43.57,Complete,0.0
221,1,Barau,Remo Stars,Barau,Remo Stars,Daniel Adisa,CAM,22,24,5,Turnover,22.6,2.58,Complete,0.0
222,1,Barau,Remo Stars,Barau,Remo Stars,Aliyu Okafor,CAM,4,24,13,Progressive Pass,47.05,0.0,Complete,0.0
223,1,Barau,Remo Stars,Remo Stars,Barau,Segun Oyelaran,CM,10,24,20,Pass,44.59,58.86,Complete,0.0
224,1,Barau,Remo Stars,Barau,Remo Stars,Musa Nnamdi,GK,26,24,22,Dangerous Pass,105.36,10.07,Complete,0.0
225,1,Barau,Remo Stars,Remo Stars,Barau,Chukwuemeka Adeyemi,CM,9,24,22,Pass,89.67,36.18,Complete,0.0
226,1,Barau,Remo Stars,Barau,Remo Stars,Joseph Nnamdi,ST,27,24,24,Pass,34.73,43.91,Incomplete,0.0
227,1,Barau,Remo Stars,Remo Stars,Barau,Chukwuemeka Adeyemi,CM,9,24,32,Progressive Pass,15.4,45.66,Incomplete,0.0
228,1,Barau,Remo Stars,Remo Stars,Barau,Femi Osazuwa,LW,25,24,39,Offside,84.7,58.32,Complete,0.0
229,1,Barau,Remo Stars,Barau,Remo Stars,Emmanuel Oyelaran,GK,28,24,46,Dangerous Pass,107.05,39.72,Incomplete,0.0
230,1,Barau,Remo Stars,Barau,Remo Stars,Suleiman Okonkwo,LW,9,24,49,Dangerous Pass,115.06,0.82,Complete,0.0
231,1,Barau,Remo Stars,Remo Stars,Barau,Kunle Okoye,CB,26,24,50,Interception,38.61,12.54,Complete,0.0
232,1,Barau,Remo Stars,Barau,Remo Stars,Musa Balogun,RW,3,25,4,Pass,119.38,70.33,Incomplete,0.0
233,1,Barau,Remo Stars,Remo Stars,Barau,Damilare Onuoha,CM,24,25,7,Pass,16.2,26.44,Complete,0.0
234,1,Barau,Remo Stars,Remo Stars,Barau,Damilare Onuoha,CM,24,25,10,Pass,110.63,29.43,Complete,0.0
235,1,Barau,Remo Stars,Remo Stars,Barau,Kunle Okoye,CB,26,25,11,Dangerous Pass,105.75,51.07,Complete,0.0
236,1,Barau,Remo Stars,Remo Stars,Barau,Victor Mustapha,GK,1,25,13,Pass,31.77,32.16,Complete,0.0
237,1,Barau,Remo Stars,Barau,Remo Stars,Emmanuel Oyelaran,GK,28,25,21,Turnover,30.61,12.36,Complete,0.0
238,1,Barau,Remo Stars,Barau,Remo Stars,Divine Bello,RW,18,25,22,Pass,118.78,62.55,Complete,0.0
239,1,Barau,Remo Stars,Remo Stars,Barau,Segun Oyelaran,CM,10,25,24,Successful Dribble,24.46,52.89,Complete,0.0
240,1,Barau,Remo Stars,Remo Stars,Barau,Segun Oyelaran,CM,10,25,26,Successful Dribble,80.62,25.51,Complete,0.0
241,1,Barau,Remo Stars,Barau,Remo Stars,Chukwuemeka Ojo,LW,11,25,26,Pass,76.27,0.0,Complete,0.0
242,1,Barau,Remo Stars,Barau,Remo Stars,Emmanuel Oyelaran,GK,28,25,29,Cross,97.27,61.59,Incomplete,0.0
243,1,Barau,Remo Stars,Remo Stars,Barau,Kelechi Usman,CM,6,25,32,Foul,72.34,80.0,Complete,0.0
244,1,Barau,Remo Stars,Remo Stars,Barau,Ifeanyi Ibrahim,LB,22,25,36,Pass,117.6,42.7,Complete,0.0
245,1,Barau,Remo Stars,Remo Stars,Barau,Chukwuemeka Osazuwa,CAM,12,25,37,Turnover,79.37,14.64,Complete,0.0
246,1,Barau,Remo Stars,Barau,Remo Stars,Chukwuemeka Ojo,LW,11,25,39,Interception,85.91,67.36,Complete,0.0
247,1,Barau,Remo Stars,Barau,Remo Stars,Obinna Oyelaran,LW,6,26,15,Foul,22.96,40.93,Complete,0.0
248,1,Barau,Remo Stars,Barau,Remo Stars,Aliyu Okafor,CAM,4,26,21,Pass,4.64,63.79,Complete,0.0
249,1,Barau,Remo Stars,Remo Stars,Barau,Rasheed Mohammed,GK,29,26,36,Pass,101.81,71.81,Complete,0.0
250,1,Barau,Remo Stars,Remo Stars,Barau,Praise Lawal,CDM,11,26,45,Tackle,42.72,15.67,Complete,0.0
251,1,Barau,Remo Stars,Remo Stars,Barau,Joseph Osazuwa,CDM,15,27,2,Big Chance,116.23,39.57,Off Target,0.708
252,1,Barau,Remo Stars,Barau,Remo Stars,Musa Balogun,RW,3,27,10,Interception,35.31,27.17,Complete,0.0
253,1,Barau,Remo Stars,Barau,Remo Stars,Adewale Ibrahim,RB,12,27,18,Dangerous Pass,112.63,27.22,Complete,0.0
254,1,Barau,Remo Stars,Barau,Remo Stars,Daniel Adisa,CAM,22,27,44,Progressive Pass,42.27,30.86,Complete,0.0
255,1,Barau,Remo Stars,Barau,Remo Stars,Chukwuemeka Ojo,LW,11,27,59,Turnover,70.37,62.65,Complete,0.0
256,1,Barau,Remo Stars,Barau,Remo Stars,Musa Balogun,RW,3,28,9,Turnover,77.98,0.94,Complete,0.0
257,1,Barau,Remo Stars,Remo Stars,Barau,Damilare Onuoha,CM,24,28,10,Dangerous Pass,78.15,21.97,Complete,0.0
258,1,Barau,Remo Stars,Remo Stars,Barau,Rasheed Mohammed,GK,29,28,12,Interception,22.34,28.73,Complete,0.0
259,1,Barau,Remo Stars,Remo Stars,Barau,Praise Lawal,CDM,11,28,17,Progressive Pass,99.55,34.39,Complete,0.0
260,1,Barau,Remo Stars,Remo Stars,Barau,Joseph Osazuwa,CDM,15,28,25,Dangerous Pass,74.57,39.83,Complete,0.0
261,1,Barau,Remo Stars,Remo Stars,Barau,Kelechi Usman,CM,6,28,28,Shot on Target,99.14,32.46,On Target,0.254
262,1,Barau,Remo Stars,Remo Stars,Barau,Segun Oyelaran,CM,10,28,31,Progressive Pass,22.65,10.05,Complete,0.0
263,1,Barau,Remo Stars,Barau,Remo Stars,Tunde Osazuwa,CB,23,28,34,Pass,24.16,52.06,Complete,0.0
264,1,Barau,Remo Stars,Barau,Remo Stars,Joseph Nnamdi,ST,27,28,37,Successful Dribble,97.26,50.86,Complete,0.0
265,1,Barau,Remo Stars,Remo Stars,Barau,Kelechi Usman,CM,6,28,40,Pass,110.6,53.76,Complete,0.0
266,1,Barau,Remo Stars,Barau,Remo Stars,Daniel Adisa,CAM,22,28,40,Pass,69.89,53.29,Incomplete,0.0
267,1,Barau,Remo Stars,Barau,Remo Stars,Chukwuemeka Ojo,LW,11,28,41,Pass,82.33,24.51,Complete,0.0
268,1,Barau,Remo Stars,Barau,Remo Stars,Daniel Adisa,CAM,22,28,41,Cross,72.04,27.2,Complete,0.0
269,1,Barau,Remo Stars,Remo Stars,Barau,Musa Osazuwa,CAM,2,28,42,Pass,87.57,1.57,Complete,0.0
270,1,Barau,Remo Stars,Remo Stars,Barau,Musa Osazuwa,CAM,2,28,46,Turnover,64.24,35.27,Complete,0.0
271,1,Barau,Remo Stars,Remo Stars,Barau,Peter Ogundele,CB,13,28,57,Tackle,49.53,54.6,Complete,0.0
272,1,Barau,Remo Stars,Barau,Remo Stars,Peter Nnamdi,CDM,8,29,4,Successful Dribble,11.26,44.48,Complete,0.0
273,1,Barau,Remo Stars,Barau,Remo Stars,Obinna Oyelaran,LW,6,29,4,Progressive Pass,60.66,44.39,Complete,0.0
274,1,Barau,Remo Stars,Barau,Remo Stars,Joseph Nnamdi,ST,27,29,7,Progressive Pass,44.28,54.65,Complete,0.0
275,1,Barau,Remo Stars,Barau,Remo Stars,Aliyu Okafor,CAM,4,29,19,Successful Dribble,13.04,44.35,Complete,0.0
276,1,Barau,Remo Stars,Barau,Remo Stars,Suleiman Okonkwo,LW,9,29,23,Successful Dribble,49.47,41.85,Complete,0.0
277,1,Barau,Remo Stars,Remo Stars,Barau,Femi Osazuwa,LW,25,29,27,Progressive Pass,109.18,26.87,Complete,0.0
278,1,Barau,Remo Stars,Remo Stars,Barau,Ifeanyi Ibrahim,LB,22,29,28,Pass,30.95,15.44,Incomplete,0.0
279,1,Barau,Remo Stars,Remo Stars,Barau,Praise Lawal,CDM,11,29,35,Pass,65.94,44.71,Complete,0.0
280,1,Barau,Remo Stars,Barau,Remo Stars,Peter Nnamdi,CDM,8,29,43,Cross,93.61,44.63,Complete,0.0
281,1,Barau,Remo Stars,Barau,Remo Stars,Divine Bello,RW,18,29,51,Pass,8.55,80.0,Complete,0.0
282,1,Barau,Remo Stars,Remo Stars,Barau,Victor Mustapha,GK,1,30,0,Pass,69.81,36.63,Incomplete,0.0
283,1,Barau,Remo Stars,Barau,Remo Stars,Joseph Nnamdi,ST,27,30,9,Cross,83.42,0.0,Complete,0.0
284,1,Barau,Remo Stars,Remo Stars,Barau,Chukwuemeka Chukwu,RW,28,30,14,Progressive Pass,118.21,35.47,Complete,0.0
285,1,Barau,Remo Stars,Barau,Remo Stars,Obinna Oyelaran,LW,6,30,26,Shot on Target,107.95,40.99,Off Target,0.366
286,1,Barau,Remo Stars,Remo Stars,Barau,Chukwuemeka Osazuwa,CAM,12,30,29,Tackle,23.03,47.59,Complete,0.0
287,1,Barau,Remo Stars,Barau,Remo Stars,Tunde Osazuwa,CB,23,30,40,Successful Dribble,8.62,60.48,Complete,0.0
288,1,Barau,Remo Stars,Barau,Remo Stars,Musa Nnamdi,GK,26,30,43,Progressive Pass,101.13,58.16,Incomplete,0.0
289,1,Barau,Remo Stars,Barau,Remo Stars,Chukwuemeka Ojo,LW,11,30,51,Shot,91.21,45.47,Off Target,0.174
290,1,Barau,Remo Stars,Remo Stars,Barau,Damilare Onuoha,CM,24,30,52,Turnover,87.62,48.71,Complete,0.0
291,1,Barau,Remo Stars,Barau,Remo Stars,Adewale Ibrahim,RB,12,30,55,Turnover,71.61,5.71,Complete,0.0
292,1,Barau,Remo Stars,Remo Stars,Barau,Ifeanyi Ibrahim,LB,22,31,4,Shot on Target,107.64,0.0,Off Target,0.035
293,1,Barau,Remo Stars,Barau,Remo Stars,Chukwuemeka Ojo,LW,11,31,4,Turnover,77.41,52.51,Complete,0.0
294,1,Barau,Remo Stars,Barau,Remo Stars,Chukwuemeka Ojo,LW,11,31,12,Pass,49.72,35.28,Complete,0.0
295,1,Barau,Remo Stars,Barau,Remo Stars,Obinna Oyelaran,LW,6,31,19,Progressive Pass,3.02,16.93,Complete,0.0
296,1,Barau,Remo Stars,Remo Stars,Barau,Chukwuemeka Osazuwa,CAM,12,31,21,Turnover,53.76,45.04,Complete,0.0
297,1,Barau,Remo Stars,Barau,Remo Stars,Musa Balogun,RW,3,31,32,Cross,114.65,40.32,Incomplete,0.0
298,1,Barau,Remo Stars,Barau,Remo Stars,Joseph Nnamdi,ST,27,31,39,Tackle,78.21,53.21,Complete,0.0
299,1,Barau,Remo Stars,Remo Stars,Barau,Peter Ogundele,CB,13,31,41,Pass,17.0,35.28,Complete,0.0
300,1,Barau,Remo Stars,Remo Stars,Barau,Segun Oyelaran,CM,10,31,42,Turnover,12.49,42.27,Complete,0.0
301,1,Barau,Remo Stars,Barau,Remo Stars,Emmanuel Oyelaran,GK,28,31,44,Yellow Card,59.35,63.18,Complete,0.0
302,1,Barau,Remo Stars,Barau,Remo Stars,Aliyu Okafor,CAM,4,31,45,Cross,88.14,34.45,Complete,0.0
303,1,Barau,Remo Stars,Barau,Remo Stars,Joseph Nnamdi,ST,27,31,54,Successful Dribble,94.51,38.17,Complete,0.0
304,1,Barau,Remo Stars,Barau,Remo Stars,Daniel Adisa,CAM,22,32,5,Turnover,78.76,39.33,Complete,0.0
305,1,Barau,Remo Stars,Barau,Remo Stars,Aliyu Okafor,CAM,4,32,17,Interception,84.95,3.8,Complete,0.0
306,1,Barau,Remo Stars,Barau,Remo Stars,Suleiman Okonkwo,LW,9,32,41,Progressive Pass,75.23,35.7,Complete,0.0
307,1,Barau,Remo Stars,Barau,Remo Stars,Musa Balogun,RW,3,32,46,Dangerous Pass,109.83,30.07,Complete,0.0
308,1,Barau,Remo Stars,Barau,Remo Stars,Ifeanyi Usman,LW,10,32,49,Pass,33.52,14.28,Complete,0.0
309,1,Barau,Remo Stars,Remo Stars,Barau,Ifeanyi Ibrahim,LB,22,32,49,Yellow Card,46.16,36.1,Complete,0.0
310,1,Barau,Remo Stars,Remo Stars,Barau,Femi Osazuwa,LW,25,32,52,Cross,85.58,47.3,Complete,0.0
311,1,Barau,Remo Stars,Barau,Remo Stars,Suleiman Okonkwo,LW,9,33,1,Turnover,14.14,71.8,Complete,0.0
312,1,Barau,Remo Stars,Remo Stars,Barau,Rasheed Mohammed,GK,29,33,10,Foul,71.35,55.69,Complete,0.0
313,1,Barau,Remo Stars,Remo Stars,Barau,Daniel Chukwu,CAM,8,33,19,Turnover,46.2,34.01,Complete,0.0
314,1,Barau,Remo Stars,Remo Stars,Barau,Kunle Okoye,CB,26,33,20,Tackle,75.27,32.71,Complete,0.0
315,1,Barau,Remo Stars,Barau,Remo Stars,Musa Balogun,RW,3,33,29,Turnover,77.05,32.97,Complete,0.0
316,1,Barau,Remo Stars,Remo Stars,Barau,Kelechi Usman,CM,6,33,44,Pass,72.29,19.05,Complete,0.0
317,1,Barau,Remo Stars,Remo Stars,Barau,Peter Ogundele,CB,13,33,47,Turnover,35.17,49.36,Complete,0.0
318,1,Barau,Remo Stars,Barau,Remo Stars,Daniel Adisa,CAM,22,34,1,Pass,90.18,38.04,Complete,0.0
319,1,Barau,Remo Stars,Barau,Remo Stars,Tunde Osazuwa,CB,23,34,12,Pass,16.05,59.99,Incomplete,0.0
320,1,Barau,Remo Stars,Remo Stars,Barau,Daniel Chukwu,CAM,8,34,18,Pass,31.61,33.36,Complete,0.0
321,1,Barau,Remo Stars,Remo Stars,Barau,Damilare Onuoha,CM,24,34,20,Pass,111.32,36.08,Complete,0.0
322,1,Barau,Remo Stars,Remo Stars,Barau,Peter Ogundele,CB,13,34,26,Successful Dribble,101.09,18.01,Complete,0.0
323,1,Barau,Remo Stars,Barau,Remo Stars,Musa Balogun,RW,3,34,28,Yellow Card,8.06,52.06,Complete,0.0
324,1,Barau,Remo Stars,Barau,Remo Stars,Emmanuel Oyelaran,GK,28,34,30,Tackle,31.08,58.45,Complete,0.0
325,1,Barau,Remo Stars,Barau,Remo Stars,Divine Bello,RW,18,34,39,Dangerous Pass,82.73,50.77,Complete,0.0
326,1,Barau,Remo Stars,Barau,Remo Stars,Daniel Adisa,CAM,22,34,41,Tackle,81.04,38.2,Complete,0.0
327,1,Barau,Remo Stars,Barau,Remo Stars,Ifeanyi Ogundele,LB,1,34,46,Cross,97.16,49.29,Incomplete,0.0
328,1,Barau,Remo Stars,Barau,Remo Stars,Joseph Nnamdi,ST,27,34,53,Tackle,68.36,19.27,Complete,0.0
329,1,Barau,Remo Stars,Remo Stars,Barau,Segun Oyelaran,CM,10,34,55,Pass,39.34,40.88,Complete,0.0
330,1,Barau,Remo Stars,Remo Stars,Barau,Segun Oyelaran,CM,10,35,17,Interception,87.3,34.11,Complete,0.0
331,1,Barau,Remo Stars,Barau,Remo Stars,Joseph Nnamdi,ST,27,35,22,Pass,112.45,44.49,Complete,0.0
332,1,Barau,Remo Stars,Remo Stars,Barau,Femi Osazuwa,LW,25,35,26,Progressive Pass,113.98,5.19,Incomplete,0.0
333,1,Barau,Remo Stars,Barau,Remo Stars,Emmanuel Oyelaran,GK,28,35,29,Successful Dribble,18.75,21.12,Complete,0.0
334,1,Barau,Remo Stars,Barau,Remo Stars,Peter Nnamdi,CDM,8,36,0,Tackle,15.31,80.0,Complete,0.0
335,1,Barau,Remo Stars,Barau,Remo Stars,Chukwuemeka Ojo,LW,11,36,9,Shot on Target,108.75,46.79,On Target,0.354
336,1,Barau,Remo Stars,Remo Stars,Barau,Femi Osazuwa,LW,25,36,12,Yellow Card,66.71,46.48,Complete,0.0
337,1,Barau,Remo Stars,Remo Stars,Barau,Daniel Chukwu,CAM,8,36,15,Cross,114.27,67.44,Complete,0.0
338,1,Barau,Remo Stars,Barau,Remo Stars,Obinna Oyelaran,LW,6,36,15,Progressive Pass,39.23,62.81,Complete,0.0
339,1,Barau,Remo Stars,Remo Stars,Barau,Chukwuemeka Chukwu,RW,28,36,30,Pass,66.63,53.03,Complete,0.0
340,1,Barau,Remo Stars,Remo Stars,Barau,Damilare Onuoha,CM,24,36,42,Interception,65.87,59.59,Complete,0.0
341,1,Barau,Remo Stars,Remo Stars,Barau,Chukwuemeka Osazuwa,CAM,12,36,53,Pass,102.44,0.0,Complete,0.0
342,1,Barau,Remo Stars,Barau,Remo Stars,Obinna Oyelaran,LW,6,37,3,Tackle,63.15,62.46,Complete,0.0
343,1,Barau,Remo Stars,Barau,Remo Stars,Peter Nnamdi,CDM,8,37,6,Pass,59.55,30.89,Complete,0.0
344,1,Barau,Remo Stars,Barau,Remo Stars,Tunde Osazuwa,CB,23,37,6,Pass,91.47,80.0,Complete,0.0
345,1,Barau,Remo Stars,Barau,Remo Stars,Emmanuel Oyelaran,GK,28,37,9,Pass,73.26,58.85,Complete,0.0
346,1,Barau,Remo Stars,Remo Stars,Barau,Daniel Chukwu,CAM,8,37,11,Interception,14.08,37.41,Complete,0.0
347,1,Barau,Remo Stars,Barau,Remo Stars,Daniel Adisa,CAM,22,37,17,Dangerous Pass,117.33,11.88,Complete,0.0
348,1,Barau,Remo Stars,Remo Stars,Barau,Rasheed Mohammed,GK,29,37,17,Successful Dribble,53.55,0.0,Complete,0.0
349,1,Barau,Remo Stars,Remo Stars,Barau,Femi Osazuwa,LW,25,37,23,Tackle,27.74,11.17,Complete,0.0
350,1,Barau,Remo Stars,Remo Stars,Barau,Victor Mustapha,GK,1,37,38,Shot,114.22,76.45,On Target,0.09
351,1,Barau,Remo Stars,Remo Stars,Barau,Peter Ogundele,CB,13,37,46,Interception,31.85,32.91,Complete,0.0
352,1,Barau,Remo Stars,Remo Stars,Barau,Musa Osazuwa,CAM,2,38,3,Successful Dribble,86.2,9.34,Complete,0.0
353,1,Barau,Remo Stars,Remo Stars,Barau,Segun Oyelaran,CM,10,38,9,Cross,109.68,46.09,Complete,0.0
354,1,Barau,Remo Stars,Barau,Remo Stars,Suleiman Okonkwo,LW,9,38,10,Turnover,40.18,37.99,Complete,0.0
355,1,Barau,Remo Stars,Remo Stars,Barau,Praise Lawal,CDM,11,38,15,Shot,115.49,37.01,Off Target,0.44
356,1,Barau,Remo Stars,Remo Stars,Barau,Damilare Onuoha,CM,24,38,51,Pass,70.22,31.08,Complete,0.0
357,1,Barau,Remo Stars,Barau,Remo Stars,Tunde Osazuwa,CB,23,38,52,Progressive Pass,35.62,21.38,Complete,0.0
358,1,Barau,Remo Stars,Remo Stars,Barau,Kunle Okoye,CB,26,39,0,Offside,64.73,22.25,Complete,0.0
359,1,Barau,Remo Stars,Barau,Remo Stars,Obinna Oyelaran,LW,6,39,1,Interception,89.13,45.23,Complete,0.0
360,1,Barau,Remo Stars,Barau,Remo Stars,Suleiman Okonkwo,LW,9,39,1,Foul,53.89,24.52,Complete,0.0
361,1,Barau,Remo Stars,Remo Stars,Barau,Damilare Onuoha,CM,24,39,5,Pass,79.83,47.33,Complete,0.0
362,1,Barau,Remo Stars,Barau,Remo Stars,Peter Nnamdi,CDM,8,39,8,Turnover,54.83,3.81,Complete,0.0
363,1,Barau,Remo Stars,Barau,Remo Stars,Ifeanyi Usman,LW,10,39,18,Big Chance,102.31,34.51,Off Target,0.544
364,1,Barau,Remo Stars,Remo Stars,Barau,Joseph Osazuwa,CDM,15,39,20,Pass,43.1,36.23,Complete,0.0
365,1,Barau,Remo Stars,Remo Stars,Barau,Victor Mustapha,GK,1,39,32,Foul,61.14,55.24,Complete,0.0
366,1,Barau,Remo Stars,Remo Stars,Barau,Femi Osazuwa,LW,25,39,52,Shot,101.43,14.21,On Target,0.147
367,1,Barau,Remo Stars,Barau,Remo Stars,Chukwuemeka Ojo,LW,11,39,58,Pass,8.08,55.78,Complete,0.0
368,1,Barau,Remo Stars,Barau,Remo Stars,Tunde Osazuwa,CB,23,40,4,Pass,1.9,28.27,Complete,0.0
369,1,Barau,Remo Stars,Barau,Remo Stars,Obinna Oyelaran,LW,6,40,6,Interception,59.14,5.3,Complete,0.0
370,1,Barau,Remo Stars,Barau,Remo Stars,Adewale Ibrahim,RB,12,40,9,Interception,68.06,50.09,Complete,0.0
371,1,Barau,Remo Stars,Barau,Remo Stars,Tunde Osazuwa,CB,23,40,23,Shot,116.02,55.96,Off Target,0.317
372,1,Barau,Remo Stars,Remo Stars,Barau,Ifeanyi Ibrahim,LB,22,40,33,Foul,15.53,48.93,Complete,0.0
373,1,Barau,Remo Stars,Barau,Remo Stars,Olamide Etim,RW,16,40,36,Pass,40.12,29.16,Complete,0.0
374,1,Barau,Remo Stars,Remo Stars,Barau,Segun Oyelaran,CM,10,40,42,Turnover,14.27,50.82,Complete,0.0
375,1,Barau,Remo Stars,Barau,Remo Stars,Ifeanyi Ogundele,LB,1,40,46,Shot on Target,117.19,33.93,Off Target,0.426
376,1,Barau,Remo Stars,Barau,Remo Stars,Divine Bello,RW,18,40,54,Turnover,43.35,49.61,Complete,0.0
377,1,Barau,Remo Stars,Remo Stars,Barau,Victor Mustapha,GK,1,41,1,Pass,113.38,44.22,Complete,0.0
378,1,Barau,Remo Stars,Remo Stars,Barau,Kunle Okoye,CB,26,41,19,Shot,92.58,55.87,On Target,0.148
379,1,Barau,Remo Stars,Remo Stars,Barau,Victor Mustapha,GK,1,41,25,Progressive Pass,88.9,31.55,Complete,0.0
380,1,Barau,Remo Stars,Barau,Remo Stars,Olamide Etim,RW,16,41,31,Shot,95.99,43.22,On Target,0.231
381,1,Barau,Remo Stars,Remo Stars,Barau,Daniel Chukwu,CAM,8,41,33,Progressive Pass,56.21,36.87,Complete,0.0
382,1,Barau,Remo Stars,Remo Stars,Barau,Ifeanyi Ibrahim,LB,22,41,39,Pass,88.7,69.32,Complete,0.0
383,1,Barau,Remo Stars,Barau,Remo Stars,Ifeanyi Ogundele,LB,1,41,46,Interception,19.95,22.6,Complete,0.0
384,1,Barau,Remo Stars,Remo Stars,Barau,Chukwuemeka Chukwu,RW,28,41,55,Progressive Pass,59.14,47.78,Complete,0.0
385,1,Barau,Remo Stars,Remo Stars,Barau,Ifeanyi Ibrahim,LB,22,41,56,Cross,86.24,17.6,Complete,0.0
386,1,Barau,Remo Stars,Remo Stars,Barau,Segun Oyelaran,CM,10,41,56,Pass,65.2,80.0,Complete,0.0
387,1,Barau,Remo Stars,Remo Stars,Barau,Femi Osazuwa,LW,25,41,56,Pass,114.08,48.15,Complete,0.0
388,1,Barau,Remo Stars,Barau,Remo Stars,Emmanuel Oyelaran,GK,28,42,3,Cross,103.92,51.19,Complete,0.0
389,1,Barau,Remo Stars,Remo Stars,Barau,Daniel Chukwu,CAM,8,42,14,Tackle,58.32,33.86,Complete,0.0
390,1,Barau,Remo Stars,Barau,Remo Stars,Musa Nnamdi,GK,26,42,24,Turnover,18.48,29.12,Complete,0.0
391,1,Barau,Remo Stars,Remo Stars,Barau,Rasheed Mohammed,GK,29,42,31,Pass,1.46,20.99,Complete,0.0
392,1,Barau,Remo Stars,Remo Stars,Barau,Daniel Chukwu,CAM,8,42,33,Dangerous Pass,93.6,18.16,Incomplete,0.0
393,1,Barau,Remo Stars,Barau,Remo Stars,Divine Bello,RW,18,42,35,Pass,106.53,38.54,Complete,0.0
394,1,Barau,Remo Stars,Remo Stars,Barau,Rasheed Mohammed,GK,29,42,51,Pass,93.93,10.29,Complete,0.0
395,1,Barau,Remo Stars,Barau,Remo Stars,Peter Nnamdi,CDM,8,42,56,Corner,111.8,27.13,Complete,0.0
396,1,Barau,Remo Stars,Remo Stars,Barau,Segun Oyelaran,CM,10,42,59,Pass,31.49,60.17,Complete,0.0
397,1,Barau,Remo Stars,Barau,Remo Stars,Musa Nnamdi,GK,26,43,14,Cross,79.52,61.3,Complete,0.0
398,1,Barau,Remo Stars,Remo Stars,Barau,Victor Mustapha,GK,1,43,28,Pass,33.9,61.58,Complete,0.0
399,1,Barau,Remo Stars,Remo Stars,Barau,Ifeanyi Ibrahim,LB,22,43,31,Foul,38.26,21.11,Complete,0.0
400,1,Barau,Remo Stars,Barau,Remo Stars,Ifeanyi Usman,LW,10,43,31,Pass,26.63,56.51,Complete,0.0
401,1,Barau,Remo Stars,Remo Stars,Barau,Peter Ogundele,CB,13,43,32,Turnover,16.01,16.61,Complete,0.0
402,1,Barau,Remo Stars,Barau,Remo Stars,Ifeanyi Ogundele,LB,1,43,33,Pass,108.26,40.92,Incomplete,0.0
403,1,Barau,Remo Stars,Remo Stars,Barau,Rasheed Mohammed,GK,29,43,33,Progressive Pass,31.17,43.24,Complete,0.0
404,1,Barau,Remo Stars,Barau,Remo Stars,Joseph Nnamdi,ST,27,43,42,Yellow Card,66.61,68.72,Complete,0.0
405,1,Barau,Remo Stars,Remo Stars,Barau,Kelechi Usman,CM,6,43,47,Cross,105.79,24.94,Complete,0.0
406,1,Barau,Remo Stars,Remo Stars,Barau,Joseph Osazuwa,CDM,15,43,49,Foul,68.35,46.19,Complete,0.0
407,1,Barau,Remo Stars,Remo Stars,Barau,Kelechi Usman,CM,6,44,4,Pass,92.93,24.99,Complete,0.0
408,1,Barau,Remo Stars,Barau,Remo Stars,Aliyu Okafor,CAM,4,44,7,Pass,48.16,29.32,Complete,0.0
409,1,Barau,Remo Stars,Barau,Remo Stars,Obinna Oyelaran,LW,6,44,10,Tackle,64.72,24.33,Complete,0.0
410,1,Barau,Remo Stars,Barau,Remo Stars,Aliyu Okafor,CAM,4,44,12,Dangerous Pass,75.0,34.29,Complete,0.0
411,1,Barau,Remo Stars,Barau,Remo Stars,Joseph Nnamdi,ST,27,44,13,Shot on Target,107.89,13.18,On Target,0.173
412,1,Barau,Remo Stars,Remo Stars,Barau,Kunle Okoye,CB,26,44,16,Progressive Pass,79.3,62.01,Complete,0.0
413,1,Barau,Remo Stars,Remo Stars,Barau,Chukwuemeka Adeyemi,CM,9,44,17,Offside,106.49,54.13,Complete,0.0
414,1,Barau,Remo Stars,Remo Stars,Barau,Rasheed Mohammed,GK,29,44,31,Foul,52.01,47.86,Complete,0.0
415,1,Barau,Remo Stars,Barau,Remo Stars,Musa Nnamdi,GK,26,44,34,Tackle,55.05,41.29,Complete,0.0
416,1,Barau,Remo Stars,Remo Stars,Barau,Musa Osazuwa,CAM,2,44,52,Shot on Target,105.07,51.01,Off Target,0.294
417,1,Barau,Remo Stars,Remo Stars,Barau,Victor Mustapha,GK,1,44,57,Tackle,31.64,80.0,Complete,0.0
418,1,Barau,Remo Stars,Barau,Remo Stars,Aliyu Okafor,CAM,4,45,2,Pass,100.49,19.36,Incomplete,0.0
419,1,Barau,Remo Stars,Remo Stars,Barau,Daniel Chukwu,CAM,8,45,4,Pass,45.18,38.87,Complete,0.0
420,1,Barau,Remo Stars,Remo Stars,Barau,Chukwuemeka Osazuwa,CAM,12,45,10,Foul,75.11,7.84,Complete,0.0
421,1,Barau,Remo Stars,Remo Stars,Barau,Musa Osazuwa,CAM,2,45,11,Pass,117.75,78.49,Complete,0.0
422,1,Barau,Remo Stars,Barau,Remo Stars,Divine Bello,RW,18,45,18,Successful Dribble,83.03,28.29,Complete,0.0
423,1,Barau,Remo Stars,Barau,Remo Stars,Olamide Etim,RW,16,45,32,Interception,29.63,26.78,Complete,0.0
424,1,Barau,Remo Stars,Remo Stars,Barau,Kunle Okoye,CB,26,45,36,Pass,114.7,7.66,Complete,0.0
425,1,Barau,Remo Stars,Barau,Remo Stars,Obinna Oyelaran,LW,6,45,39,Corner,90.08,59.66,Complete,0.0
426,1,Barau,Remo Stars,Remo Stars,Barau,Segun Oyelaran,CM,10,45,41,Shot,88.38,30.72,Off Target,0.134
427,1,Barau,Remo Stars,Remo Stars,Barau,Rasheed Mohammed,GK,29,45,42,Cross,81.74,42.57,Incomplete,0.0
428,1,Barau,Remo Stars,Barau,Remo Stars,Ifeanyi Ogundele,LB,1,46,4,Successful Dribble,29.96,43.25,Complete,0.0
429,1,Barau,Remo Stars,Remo Stars,Barau,Segun Oyelaran,CM,10,46,7,Cross,117.0,65.92,Incomplete,0.0
430,1,Barau,Remo Stars,Remo Stars,Barau,Chukwuemeka Adeyemi,CM,9,46,10,Cross,76.78,44.06,Incomplete,0.0
431,1,Barau,Remo Stars,Remo Stars,Barau,Rasheed Mohammed,GK,29,46,11,Pass,15.38,62.85,Complete,0.0
432,1,Barau,Remo Stars,Remo Stars,Barau,Daniel Chukwu,CAM,8,46,13,Tackle,80.01,0.0,Complete,0.0
433,1,Barau,Remo Stars,Barau,Remo Stars,Musa Balogun,RW,3,46,18,Pass,65.81,9.19,Complete,0.0
434,1,Barau,Remo Stars,Remo Stars,Barau,Chukwuemeka Chukwu,RW,28,46,36,Offside,71.5,23.37,Complete,0.0
435,1,Barau,Remo Stars,Barau,Remo Stars,Tunde Osazuwa,CB,23,46,47,Progressive Pass,19.89,36.66,Incomplete,0.0
436,1,Barau,Remo Stars,Remo Stars,Barau,Musa Osazuwa,CAM,2,46,55,Turnover,72.14,42.83,Complete,0.0
437,1,Barau,Remo Stars,Barau,Remo Stars,Tunde Osazuwa,CB,23,46,55,Successful Dribble,37.15,56.01,Complete,0.0
438,1,Barau,Remo Stars,Barau,Remo Stars,Peter Nnamdi,CDM,8,47,7,Tackle,82.09,26.56,Complete,0.0
439,1,Barau,Remo Stars,Remo Stars,Barau,Peter Ogundele,CB,13,47,11,Successful Dribble,25.87,44.44,Complete,0.0
440,1,Barau,Remo Stars,Barau,Remo Stars,Adewale Ibrahim,RB,12,47,19,Interception,70.97,72.0,Complete,0.0
441,1,Barau,Remo Stars,Remo Stars,Barau,Chukwuemeka Chukwu,RW,28,47,24,Pass,74.77,49.87,Complete,0.0
442,1,Barau,Remo Stars,Remo Stars,Barau,Kunle Okoye,CB,26,47,28,Pass,77.85,61.92,Complete,0.0
443,1,Barau,Remo Stars,Barau,Remo Stars,Divine Bello,RW,18,47,55,Successful Dribble,38.45,28.79,Complete,0.0
444,1,Barau,Remo Stars,Barau,Remo Stars,Olamide Etim,RW,16,48,12,Shot on Target,100.42,49.63,On Target,0.258
445,1,Barau,Remo Stars,Remo Stars,Barau,Peter Ogundele,CB,13,48,18,Successful Dribble,76.26,39.39,Complete,0.0
446,1,Barau,Remo Stars,Remo Stars,Barau,Chukwuemeka Osazuwa,CAM,12,48,20,Turnover,79.36,61.05,Complete,0.0
447,1,Barau,Remo Stars,Remo Stars,Barau,Damilare Onuoha,CM,24,48,22,Progressive Pass,30.47,8.0,Incomplete,0.0
448,1,Barau,Remo Stars,Remo Stars,Barau,Femi Osazuwa,LW,25,48,23,Interception,88.03,24.31,Complete,0.0
449,1,Barau,Remo Stars,Remo Stars,Barau,Daniel Chukwu,CAM,8,48,39,Foul,58.88,61.21,Complete,0.0
450,1,Barau,Remo Stars,Remo Stars,Barau,Rasheed Mohammed,GK,29,48,41,Pass,80.63,23.63,Complete,0.0
451,1,Barau,Remo Stars,Barau,Remo Stars,Olamide Etim,RW,16,48,45,Successful Dribble,32.47,32.53,Complete,0.0
452,1,Barau,Remo Stars,Barau,Remo Stars,Aliyu Okafor,CAM,4,48,52,Pass,85.06,71.51,Complete,0.0
453,1,Barau,Remo Stars,Barau,Remo Stars,Adewale Ibrahim,RB,12,48,56,Turnover,67.19,64.76,Complete,0.0
454,1,Barau,Remo Stars,Remo Stars,Barau,Peter Ogundele,CB,13,49,9,Pass,8.61,32.85,Complete,0.0
455,1,Barau,Remo Stars,Barau,Remo Stars,Chukwuemeka Ojo,LW,11,49,11,Pass,28.96,58.24,Complete,0.0
456,1,Barau,Remo Stars,Barau,Remo Stars,Ifeanyi Usman,LW,10,49,14,Tackle,36.09,34.11,Complete,0.0
457,1,Barau,Remo Stars,Remo Stars,Barau,Femi Osazuwa,LW,25,49,15,Cross,88.73,40.29,Incomplete,0.0
458,1,Barau,Remo Stars,Remo Stars,Barau,Peter Ogundele,CB,13,49,16,Pass,30.62,23.3,Complete,0.0
459,1,Barau,Remo Stars,Barau,Remo Stars,Obinna Oyelaran,LW,6,49,17,Turnover,64.08,15.41,Complete,0.0
460,1,Barau,Remo Stars,Barau,Remo Stars,Joseph Nnamdi,ST,27,49,19,Tackle,87.12,53.75,Complete,0.0
461,1,Barau,Remo Stars,Barau,Remo Stars,Musa Nnamdi,GK,26,49,27,Corner,101.11,26.62,Complete,0.0
462,1,Barau,Remo Stars,Barau,Remo Stars,Peter Nnamdi,CDM,8,49,28,Pass,8.43,29.55,Incomplete,0.0
463,1,Barau,Remo Stars,Remo Stars,Barau,Chukwuemeka Chukwu,RW,28,49,32,Pass,72.5,66.57,Complete,0.0
464,1,Barau,Remo Stars,Barau,Remo Stars,Chukwuemeka Ojo,LW,11,49,34,Tackle,14.55,34.2,Complete,0.0
465,1,Barau,Remo Stars,Remo Stars,Barau,Peter Ogundele,CB,13,50,4,Shot,96.8,44.79,On Target,0.237
466,1,Barau,Remo Stars,Barau,Remo Stars,Ifeanyi Ogundele,LB,1,50,6,Successful Dribble,112.43,50.92,Complete,0.0
467,1,Barau,Remo Stars,Remo Stars,Barau,Damilare Onuoha,CM,24,50,9,Dangerous Pass,87.95,29.32,Complete,0.0
468,1,Barau,Remo Stars,Remo Stars,Barau,Kunle Okoye,CB,26,50,14,Dangerous Pass,75.26,15.25,Complete,0.0
469,1,Barau,Remo Stars,Barau,Remo Stars,Tunde Osazuwa,CB,23,50,18,Turnover,83.33,47.39,Complete,0.0
470,1,Barau,Remo Stars,Barau,Remo Stars,Tunde Osazuwa,CB,23,50,21,Pass,19.71,38.97,Incomplete,0.0
471,1,Barau,Remo Stars,Barau,Remo Stars,Joseph Nnamdi,ST,27,50,27,Progressive Pass,7.64,57.18,Complete,0.0
472,1,Barau,Remo Stars,Barau,Remo Stars,Tunde Osazuwa,CB,23,50,39,Progressive Pass,67.56,27.61,Complete,0.0
473,1,Barau,Remo Stars,Barau,Remo Stars,Olamide Etim,RW,16,50,47,Cross,111.99,28.31,Incomplete,0.0
474,1,Barau,Remo Stars,Barau,Remo Stars,Musa Balogun,RW,3,50,47,Progressive Pass,22.85,21.32,Complete,0.0
475,1,Barau,Remo Stars,Barau,Remo Stars,Adewale Ibrahim,RB,12,50,50,Pass,97.42,37.72,Complete,0.0
476,1,Barau,Remo Stars,Barau,Remo Stars,Olamide Etim,RW,16,51,8,Tackle,33.07,26.66,Complete,0.0
477,1,Barau,Remo Stars,Remo Stars,Barau,Joseph Osazuwa,CDM,15,51,12,Turnover,17.8,36.09,Complete,0.0
478,1,Barau,Remo Stars,Remo Stars,Barau,Peter Ogundele,CB,13,51,17,Tackle,10.07,5.49,Complete,0.0
479,1,Barau,Remo Stars,Barau,Remo Stars,Ifeanyi Ogundele,LB,1,51,20,Pass,16.82,61.17,Complete,0.0
480,1,Barau,Remo Stars,Barau,Remo Stars,Chukwuemeka Ojo,LW,11,51,28,Pass,33.08,60.42,Complete,0.0
481,1,Barau,Remo Stars,Barau,Remo Stars,Musa Nnamdi,GK,26,51,28,Pass,30.71,52.31,Complete,0.0
482,1,Barau,Remo Stars,Remo Stars,Barau,Femi Osazuwa,LW,25,51,33,Tackle,48.68,33.88,Complete,0.0
483,1,Barau,Remo Stars,Barau,Remo Stars,Chukwuemeka Ojo,LW,11,51,45,Shot,103.73,28.62,On Target,0.279
484,1,Barau,Remo Stars,Remo Stars,Barau,Chukwuemeka Adeyemi,CM,9,52,2,Progressive Pass,67.11,39.83,Complete,0.0
485,1,Barau,Remo Stars,Barau,Remo Stars,Suleiman Okonkwo,LW,9,52,14,Pass,93.71,42.37,Complete,0.0
486,1,Barau,Remo Stars,Barau,Remo Stars,Joseph Nnamdi,ST,27,52,16,Shot on Target,116.14,50.88,Off Target,0.372
487,1,Barau,Remo Stars,Remo Stars,Barau,Damilare Onuoha,CM,24,52,31,Dangerous Pass,71.86,61.14,Complete,0.0
488,1,Barau,Remo Stars,Barau,Remo Stars,Adewale Ibrahim,RB,12,52,33,Progressive Pass,35.08,46.61,Complete,0.0
489,1,Barau,Remo Stars,Remo Stars,Barau,Femi Osazuwa,LW,25,52,40,Pass,96.48,10.04,Complete,0.0
490,1,Barau,Remo Stars,Remo Stars,Barau,Peter Ogundele,CB,13,53,2,Successful Dribble,52.0,49.33,Complete,0.0
491,1,Barau,Remo Stars,Barau,Remo Stars,Emmanuel Oyelaran,GK,28,53,8,Dangerous Pass,99.01,59.19,Complete,0.0
492,1,Barau,Remo Stars,Remo Stars,Barau,Joseph Osazuwa,CDM,15,53,11,Pass,12.21,22.95,Complete,0.0
493,1,Barau,Remo Stars,Remo Stars,Barau,Damilare Onuoha,CM,24,53,11,Interception,11.64,46.5,Complete,0.0
494,1,Barau,Remo Stars,Remo Stars,Barau,Kunle Okoye,CB,26,53,24,Foul,30.14,39.31,Complete,0.0
495,1,Barau,Remo Stars,Barau,Remo Stars,Tunde Osazuwa,CB,23,53,28,Pass,8.26,58.2,Complete,0.0
496,1,Barau,Remo Stars,Remo Stars,Barau,Segun Oyelaran,CM,10,53,40,Interception,69.83,24.15,Complete,0.0
497,1,Barau,Remo Stars,Barau,Remo Stars,Musa Nnamdi,GK,26,53,42,Successful Dribble,102.03,55.64,Complete,0.0
498,1,Barau,Remo Stars,Remo Stars,Barau,Musa Osazuwa,CAM,2,53,47,Progressive Pass,52.71,19.06,Complete,0.0
499,1,Barau,Remo Stars,Barau,Remo Stars,Joseph Nnamdi,ST,27,53,54,Tackle,66.0,73.42,Complete,0.0
500,1,Barau,Remo Stars,Barau,Remo Stars,Musa Nnamdi,GK,26,53,59,Pass,38.68,38.88,Complete,0.0
501,1,Barau,Remo Stars,Barau,Remo Stars,Aliyu Okafor,CAM,4,53,59,Cross,111.09,0.0,Complete,0.0
502,1,Barau,Remo Stars,Barau,Remo Stars,Daniel Adisa,CAM,22,54,20,Tackle,52.29,21.66,Complete,0.0
503,1,Barau,Remo Stars,Barau,Remo Stars,Musa Nnamdi,GK,26,54,23,Interception,70.11,29.99,Complete,0.0
504,1,Barau,Remo Stars,Barau,Remo Stars,Chukwuemeka Ojo,LW,11,54,31,Dangerous Pass,111.05,49.73,Complete,0.0
505,1,Barau,Remo Stars,Barau,Remo Stars,Ifeanyi Usman,LW,10,54,31,Pass,114.51,59.52,Incomplete,0.0
506,1,Barau,Remo Stars,Barau,Remo Stars,Peter Nnamdi,CDM,8,54,32,Tackle,14.35,49.76,Complete,0.0
507,1,Barau,Remo Stars,Remo Stars,Barau,Segun Oyelaran,CM,10,54,33,Shot on Target,105.57,32.91,Off Target,0.321
508,1,Barau,Remo Stars,Remo Stars,Barau,Kunle Okoye,CB,26,54,39,Pass,57.61,80.0,Complete,0.0
509,1,Barau,Remo Stars,Remo Stars,Barau,Victor Mustapha,GK,1,54,41,Successful Dribble,83.29,35.66,Complete,0.0
510,1,Barau,Remo Stars,Barau,Remo Stars,Ifeanyi Ogundele,LB,1,54,48,Shot on Target,117.09,45.59,Off Target,0.43
511,1,Barau,Remo Stars,Remo Stars,Barau,Kunle Okoye,CB,26,54,48,Pass,36.43,35.44,Complete,0.0
512,1,Barau,Remo Stars,Remo Stars,Barau,Daniel Chukwu,CAM,8,55,14,Big Chance,118.92,41.2,Off Target,0.732
513,1,Barau,Remo Stars,Barau,Remo Stars,Ifeanyi Usman,LW,10,55,14,Pass,3.4,26.6,Incomplete,0.0
514,1,Barau,Remo Stars,Barau,Remo Stars,Suleiman Okonkwo,LW,9,55,15,Corner,95.65,35.35,Complete,0.0
515,1,Barau,Remo Stars,Remo Stars,Barau,Kunle Okoye,CB,26,55,20,Tackle,78.34,42.73,Complete,0.0
516,1,Barau,Remo Stars,Barau,Remo Stars,Olamide Etim,RW,16,55,33,Shot on Target,109.34,58.26,On Target,0.265
517,1,Barau,Remo Stars,Remo Stars,Barau,Praise Lawal,CDM,11,55,43,Turnover,54.61,0.0,Complete,0.0
518,1,Barau,Remo Stars,Barau,Remo Stars,Joseph Nnamdi,ST,27,55,52,Pass,105.48,34.34,Complete,0.0
519,1,Barau,Remo Stars,Remo Stars,Barau,Daniel Chukwu,CAM,8,55,58,Pass,68.05,80.0,Complete,0.0
520,1,Barau,Remo Stars,Remo Stars,Barau,Praise Lawal,CDM,11,55,58,Cross,92.73,55.49,Complete,0.0
521,1,Barau,Remo Stars,Remo Stars,Barau,Ifeanyi Ibrahim,LB,22,56,4,Successful Dribble,91.85,34.32,Complete,0.0
522,1,Barau,Remo Stars,Barau,Remo Stars,Musa Nnamdi,GK,26,56,13,Interception,45.66,34.36,Complete,0.0
523,1,Barau,Remo Stars,Remo Stars,Barau,Femi Osazuwa,LW,25,56,18,Foul,45.07,48.93,Complete,0.0
524,1,Barau,Remo Stars,Barau,Remo Stars,Musa Balogun,RW,3,56,25,Foul,64.74,25.97,Complete,0.0
525,1,Barau,Remo Stars,Barau,Remo Stars,Olamide Etim,RW,16,56,26,Corner,106.28,12.37,Complete,0.0
526,1,Barau,Remo Stars,Remo Stars,Barau,Chukwuemeka Adeyemi,CM,9,56,28,Pass,10.61,19.06,Complete,0.0
527,1,Barau,Remo Stars,Remo Stars,Barau,Kunle Okoye,CB,26,56,33,Turnover,70.55,27.05,Complete,0.0
528,1,Barau,Remo Stars,Barau,Remo Stars,Emmanuel Oyelaran,GK,28,56,43,Corner,73.54,34.91,Complete,0.0
529,1,Barau,Remo Stars,Remo Stars,Barau,Praise Lawal,CDM,11,56,47,Pass,51.88,62.12,Complete,0.0
530,1,Barau,Remo Stars,Remo Stars,Barau,Peter Ogundele,CB,13,57,3,Pass,96.72,12.12,Complete,0.0
531,1,Barau,Remo Stars,Remo Stars,Barau,Victor Mustapha,GK,1,57,16,Foul,51.54,61.91,Complete,0.0
532,1,Barau,Remo Stars,Barau,Remo Stars,Obinna Oyelaran,LW,6,57,20,Foul,80.81,48.09,Complete,0.0
533,1,Barau,Remo Stars,Barau,Remo Stars,Suleiman Okonkwo,LW,9,57,23,Pass,73.8,37.76,Complete,0.0
534,1,Barau,Remo Stars,Remo Stars,Barau,Femi Osazuwa,LW,25,57,30,Cross,94.69,65.04,Complete,0.0
535,1,Barau,Remo Stars,Remo Stars,Barau,Praise Lawal,CDM,11,57,43,Pass,22.14,59.36,Complete,0.0
536,1,Barau,Remo Stars,Remo Stars,Barau,Rasheed Mohammed,GK,29,57,53,Interception,68.42,54.54,Complete,0.0
537,1,Barau,Remo Stars,Remo Stars,Barau,Daniel Chukwu,CAM,8,58,17,Dangerous Pass,91.11,68.59,Complete,0.0
538,1,Barau,Remo Stars,Remo Stars,Barau,Praise Lawal,CDM,11,58,19,Pass,103.29,61.63,Incomplete,0.0
539,1,Barau,Remo Stars,Barau,Remo Stars,Suleiman Okonkwo,LW,9,58,22,Interception,30.93,49.76,Complete,0.0
540,1,Barau,Remo Stars,Remo Stars,Barau,Chukwuemeka Osazuwa,CAM,12,58,23,Dangerous Pass,108.43,43.55,Complete,0.0
541,1,Barau,Remo Stars,Barau,Remo Stars,Joseph Nnamdi,ST,27,58,26,Cross,70.19,33.13,Complete,0.0
542,1,Barau,Remo Stars,Remo Stars,Barau,Kunle Okoye,CB,26,58,29,Turnover,84.64,26.01,Complete,0.0
543,1,Barau,Remo Stars,Remo Stars,Barau,Ifeanyi Ibrahim,LB,22,58,31,Turnover,37.92,25.18,Complete,0.0
544,1,Barau,Remo Stars,Remo Stars,Barau,Joseph Osazuwa,CDM,15,58,36,Pass,118.55,68.07,Incomplete,0.0
545,1,Barau,Remo Stars,Remo Stars,Barau,Chukwuemeka Adeyemi,CM,9,58,41,Successful Dribble,72.03,69.36,Complete,0.0
546,1,Barau,Remo Stars,Remo Stars,Barau,Daniel Chukwu,CAM,8,58,50,Progressive Pass,115.71,58.75,Complete,0.0
547,1,Barau,Remo Stars,Barau,Remo Stars,Divine Bello,RW,18,58,52,Progressive Pass,73.3,44.06,Complete,0.0
548,1,Barau,Remo Stars,Barau,Remo Stars,Emmanuel Oyelaran,GK,28,58,53,Pass,105.54,27.83,Complete,0.0
549,1,Barau,Remo Stars,Remo Stars,Barau,Victor Mustapha,GK,1,59,13,Shot,108.18,33.72,Off Target,0.351
550,1,Barau,Remo Stars,Remo Stars,Barau,Damilare Onuoha,CM,24,59,13,Pass,26.42,8.03,Incomplete,0.0
551,1,Barau,Remo Stars,Remo Stars,Barau,Daniel Chukwu,CAM,8,59,17,Interception,13.79,30.73,Complete,0.0
552,1,Barau,Remo Stars,Barau,Remo Stars,Ifeanyi Ogundele,LB,1,59,17,Pass,59.72,57.33,Complete,0.0
553,1,Barau,Remo Stars,Remo Stars,Barau,Kunle Okoye,CB,26,59,23,Foul,43.58,80.0,Complete,0.0
554,1,Barau,Remo Stars,Remo Stars,Barau,Femi Osazuwa,LW,25,59,33,Cross,110.85,34.2,Complete,0.0
555,1,Barau,Remo Stars,Remo Stars,Barau,Kelechi Usman,CM,6,59,45,Pass,24.03,46.29,Complete,0.0
556,1,Barau,Remo Stars,Barau,Remo Stars,Obinna Oyelaran,LW,6,59,48,Progressive Pass,88.1,61.04,Complete,0.0
557,1,Barau,Remo Stars,Remo Stars,Barau,Kunle Okoye,CB,26,60,7,Dangerous Pass,79.92,21.06,Complete,0.0
558,1,Barau,Remo Stars,Remo Stars,Barau,Praise Lawal,CDM,11,60,7,Shot,117.94,16.08,Off Target,0.233
559,1,Barau,Remo Stars,Remo Stars,Barau,Chukwuemeka Chukwu,RW,28,60,21,Corner,103.81,55.8,Complete,0.0
560,1,Barau,Remo Stars,Remo Stars,Barau,Kelechi Usman,CM,6,60,25,Foul,53.07,30.24,Complete,0.0
561,1,Barau,Remo Stars,Remo Stars,Barau,Praise Lawal,CDM,11,60,27,Dangerous Pass,111.11,34.88,Complete,0.0
562,1,Barau,Remo Stars,Remo Stars,Barau,Daniel Chukwu,CAM,8,60,31,Pass,33.32,51.81,Complete,0.0
563,1,Barau,Remo Stars,Remo Stars,Barau,Victor Mustapha,GK,1,60,45,Pass,71.86,51.37,Complete,0.0
564,1,Barau,Remo Stars,Barau,Remo Stars,Joseph Nnamdi,ST,27,60,45,Pass,25.22,49.81,Complete,0.0
565,1,Barau,Remo Stars,Barau,Remo Stars,Ifeanyi Ogundele,LB,1,60,49,Progressive Pass,67.48,37.16,Complete,0.0
566,1,Barau,Remo Stars,Barau,Remo Stars,Chukwuemeka Ojo,LW,11,60,49,Pass,105.81,2.56,Complete,0.0
567,1,Barau,Remo Stars,Remo Stars,Barau,Kunle Okoye,CB,26,60,55,Foul,32.25,32.47,Complete,0.0
568,1,Barau,Remo Stars,Barau,Remo Stars,Peter Nnamdi,CDM,8,61,12,Offside,114.35,30.14,Complete,0.0
569,1,Barau,Remo Stars,Barau,Remo Stars,Divine Bello,RW,18,61,28,Tackle,47.09,36.58,Complete,0.0
570,1,Barau,Remo Stars,Barau,Remo Stars,Musa Nnamdi,GK,26,61,34,Pass,62.63,68.13,Complete,0.0
571,1,Barau,Remo Stars,Barau,Remo Stars,Tunde Osazuwa,CB,23,61,43,Shot on Target,100.49,43.46,On Target,0.28
572,1,Barau,Remo Stars,Barau,Remo Stars,Peter Nnamdi,CDM,8,61,45,Pass,63.64,62.97,Complete,0.0
573,1,Barau,Remo Stars,Barau,Remo Stars,Musa Balogun,RW,3,61,47,Pass,112.28,58.7,Complete,0.0
574,1,Barau,Remo Stars,Remo Stars,Barau,Chukwuemeka Chukwu,RW,28,61,54,Big Chance,119.2,40.72,Off Target,0.738
575,1,Barau,Remo Stars,Barau,Remo Stars,Daniel Adisa,CAM,22,61,55,Progressive Pass,79.26,44.71,Complete,0.0
576,1,Barau,Remo Stars,Remo Stars,Barau,Chukwuemeka Adeyemi,CM,9,62,3,Progressive Pass,67.21,45.64,Incomplete,0.0
577,1,Barau,Remo Stars,Remo Stars,Barau,Praise Lawal,CDM,11,62,8,Pass,84.75,31.21,Complete,0.0
578,1,Barau,Remo Stars,Barau,Remo Stars,Ifeanyi Ogundele,LB,1,62,8,Successful Dribble,24.44,67.03,Complete,0.0
579,1,Barau,Remo Stars,Barau,Remo Stars,Ifeanyi Ogundele,LB,1,62,47,Turnover,50.81,45.92,Complete,0.0
580,1,Barau,Remo Stars,Remo Stars,Barau,Chukwuemeka Osazuwa,CAM,12,62,51,Pass,78.32,36.02,Complete,0.0
581,1,Barau,Remo Stars,Barau,Remo Stars,Musa Balogun,RW,3,62,55,Tackle,17.23,48.03,Complete,0.0
582,1,Barau,Remo Stars,Barau,Remo Stars,Suleiman Okonkwo,LW,9,63,13,Tackle,35.93,49.2,Complete,0.0
583,1,Barau,Remo Stars,Barau,Remo Stars,Ifeanyi Usman,LW,10,63,17,Shot,107.74,48.43,On Target,0.335
584,1,Barau,Remo Stars,Remo Stars,Barau,Chukwuemeka Adeyemi,CM,9,63,20,Progressive Pass,113.32,16.32,Complete,0.0
585,1,Barau,Remo Stars,Barau,Remo Stars,Musa Nnamdi,GK,26,63,20,Pass,44.01,0.0,Incomplete,0.0
586,1,Barau,Remo Stars,Remo Stars,Barau,Chukwuemeka Chukwu,RW,28,63,25,Foul,21.4,25.03,Complete,0.0
587,1,Barau,Remo Stars,Remo Stars,Barau,Chukwuemeka Adeyemi,CM,9,63,34,Pass,59.44,35.12,Complete,0.0
588,1,Barau,Remo Stars,Remo Stars,Barau,Damilare Onuoha,CM,24,63,36,Progressive Pass,62.25,51.9,Complete,0.0
589,1,Barau,Remo Stars,Remo Stars,Barau,Praise Lawal,CDM,11,63,39,Shot,115.19,47.24,Off Target,0.403
590,1,Barau,Remo Stars,Remo Stars,Barau,Praise Lawal,CDM,11,63,40,Offside,47.52,51.26,Complete,0.0
591,1,Barau,Remo Stars,Barau,Remo Stars,Musa Balogun,RW,3,63,41,Pass,78.22,34.76,Complete,0.0
592,1,Barau,Remo Stars,Barau,Remo Stars,Tunde Osazuwa,CB,23,63,42,Successful Dribble,48.5,36.79,Complete,0.0
593,1,Barau,Remo Stars,Barau,Remo Stars,Aliyu Okafor,CAM,4,63,44,Interception,22.92,19.31,Complete,0.0
594,1,Barau,Remo Stars,Barau,Remo Stars,Suleiman Okonkwo,LW,9,63,45,Cross,108.19,36.36,Complete,0.0
595,1,Barau,Remo Stars,Remo Stars,Barau,Ifeanyi Ibrahim,LB,22,63,55,Big Chance,99.82,46.16,Off Target,0.516
596,1,Barau,Remo Stars,Barau,Remo Stars,Suleiman Okonkwo,LW,9,63,56,Shot,97.95,42.23,On Target,0.254
597,1,Barau,Remo Stars,Remo Stars,Barau,Chukwuemeka Chukwu,RW,28,64,9,Shot,103.18,57.25,On Target,0.232
598,1,Barau,Remo Stars,Remo Stars,Barau,Joseph Osazuwa,CDM,15,64,11,Pass,5.16,17.97,Complete,0.0
599,1,Barau,Remo Stars,Barau,Remo Stars,Peter Nnamdi,CDM,8,64,14,Pass,86.84,51.01,Incomplete,0.0
600,1,Barau,Remo Stars,Barau,Remo Stars,Emmanuel Oyelaran,GK,28,64,26,Interception,27.54,57.9,Complete,0.0
601,1,Barau,Remo Stars,Barau,Remo Stars,Suleiman Okonkwo,LW,9,64,29,Tackle,74.55,80.0,Complete,0.0
602,1,Barau,Remo Stars,Remo Stars,Barau,Chukwuemeka Osazuwa,CAM,12,64,31,Foul,86.08,52.69,Complete,0.0
603,1,Barau,Remo Stars,Remo Stars,Barau,Damilare Onuoha,CM,24,64,43,Turnover,35.89,9.55,Complete,0.0
604,1,Barau,Remo Stars,Remo Stars,Barau,Joseph Osazuwa,CDM,15,65,3,Tackle,50.83,41.84,Complete,0.0
605,1,Barau,Remo Stars,Remo Stars,Barau,Chukwuemeka Adeyemi,CM,9,65,13,Pass,62.85,48.31,Incomplete,0.0
606,1,Barau,Remo Stars,Barau,Remo Stars,Musa Balogun,RW,3,65,14,Pass,53.92,59.49,Complete,0.0
607,1,Barau,Remo Stars,Barau,Remo Stars,Aliyu Okafor,CAM,4,65,18,Turnover,33.6,32.09,Complete,0.0
608,1,Barau,Remo Stars,Barau,Remo Stars,Chukwuemeka Ojo,LW,11,65,19,Cross,80.64,23.38,Complete,0.0
609,1,Barau,Remo Stars,Barau,Remo Stars,Aliyu Okafor,CAM,4,65,19,Pass,56.88,51.77,Complete,0.0
610,1,Barau,Remo Stars,Remo Stars,Barau,Damilare Onuoha,CM,24,65,26,Interception,63.03,63.99,Complete,0.0
611,1,Barau,Remo Stars,Remo Stars,Barau,Segun Oyelaran,CM,10,65,40,Progressive Pass,85.44,74.46,Incomplete,0.0
612,1,Barau,Remo Stars,Remo Stars,Barau,Joseph Osazuwa,CDM,15,65,41,Pass,87.88,44.03,Complete,0.0
613,1,Barau,Remo Stars,Barau,Remo Stars,Chukwuemeka Ojo,LW,11,65,44,Interception,82.81,45.92,Complete,0.0
614,1,Barau,Remo Stars,Barau,Remo Stars,Olamide Etim,RW,16,65,53,Dangerous Pass,103.6,41.74,Complete,0.0
615,1,Barau,Remo Stars,Barau,Remo Stars,Peter Nnamdi,CDM,8,65,55,Cross,116.04,35.04,Complete,0.0
616,1,Barau,Remo Stars,Barau,Remo Stars,Peter Nnamdi,CDM,8,65,59,Successful Dribble,3.49,34.89,Complete,0.0
617,1,Barau,Remo Stars,Remo Stars,Barau,Peter Ogundele,CB,13,66,7,Offside,103.5,29.78,Complete,0.0
618,1,Barau,Remo Stars,Remo Stars,Barau,Chukwuemeka Adeyemi,CM,9,66,9,Progressive Pass,63.69,66.76,Complete,0.0
619,1,Barau,Remo Stars,Barau,Remo Stars,Daniel Adisa,CAM,22,66,13,Pass,30.84,40.87,Complete,0.0
620,1,Barau,Remo Stars,Remo Stars,Barau,Ifeanyi Ibrahim,LB,22,66,46,Shot,105.48,28.27,On Target,0.293
621,1,Barau,Remo Stars,Barau,Remo Stars,Musa Balogun,RW,3,66,49,Progressive Pass,104.73,60.34,Complete,0.0
622,1,Barau,Remo Stars,Remo Stars,Barau,Praise Lawal,CDM,11,66,53,Progressive Pass,90.42,39.2,Incomplete,0.0
623,1,Barau,Remo Stars,Barau,Remo Stars,Musa Balogun,RW,3,66,53,Progressive Pass,60.04,43.91,Complete,0.0
624,1,Barau,Remo Stars,Barau,Remo Stars,Daniel Adisa,CAM,22,67,5,Shot,93.6,65.91,On Target,0.089
625,1,Barau,Remo Stars,Remo Stars,Barau,Kunle Okoye,CB,26,67,19,Tackle,75.24,52.14,Complete,0.0
626,1,Barau,Remo Stars,Barau,Remo Stars,Musa Balogun,RW,3,67,25,Progressive Pass,3.75,29.17,Complete,0.0
627,1,Barau,Remo Stars,Barau,Remo Stars,Adewale Ibrahim,RB,12,67,27,Tackle,11.66,69.09,Complete,0.0
628,1,Barau,Remo Stars,Remo Stars,Barau,Chukwuemeka Chukwu,RW,28,67,30,Successful Dribble,35.4,49.39,Complete,0.0
629,1,Barau,Remo Stars,Barau,Remo Stars,Ifeanyi Usman,LW,10,67,32,Tackle,24.43,41.5,Complete,0.0
630,1,Barau,Remo Stars,Barau,Remo Stars,Tunde Osazuwa,CB,23,67,43,Pass,21.64,19.19,Complete,0.0
631,1,Barau,Remo Stars,Remo Stars,Barau,Praise Lawal,CDM,11,67,53,Pass,7.06,79.0,Incomplete,0.0
632,1,Barau,Remo Stars,Remo Stars,Barau,Praise Lawal,CDM,11,67,56,Successful Dribble,107.86,60.52,Complete,0.0
633,1,Barau,Remo Stars,Barau,Remo Stars,Daniel Adisa,CAM,22,67,56,Shot,93.43,65.82,On Target,0.088
634,1,Barau,Remo Stars,Remo Stars,Barau,Musa Osazuwa,CAM,2,68,1,Pass,90.13,51.18,Complete,0.0
635,1,Barau,Remo Stars,Barau,Remo Stars,Adewale Ibrahim,RB,12,68,11,Tackle,64.76,54.94,Complete,0.0
636,1,Barau,Remo Stars,Remo Stars,Barau,Kunle Okoye,CB,26,68,12,Progressive Pass,66.42,62.44,Incomplete,0.0
637,1,Barau,Remo Stars,Barau,Remo Stars,Peter Nnamdi,CDM,8,68,17,Successful Dribble,56.61,50.81,Complete,0.0
638,1,Barau,Remo Stars,Barau,Remo Stars,Obinna Oyelaran,LW,6,68,29,Tackle,65.32,24.19,Complete,0.0
639,1,Barau,Remo Stars,Remo Stars,Barau,Joseph Osazuwa,CDM,15,68,56,Pass,109.18,25.45,Incomplete,0.0
640,1,Barau,Remo Stars,Remo Stars,Barau,Chukwuemeka Adeyemi,CM,9,69,11,Pass,70.79,23.14,Complete,0.0
641,1,Barau,Remo Stars,Remo Stars,Barau,Daniel Chukwu,CAM,8,69,13,Shot,114.23,40.71,Off Target,0.435
642,1,Barau,Remo Stars,Barau,Remo Stars,Musa Nnamdi,GK,26,69,28,Successful Dribble,105.0,45.19,Complete,0.0
643,1,Barau,Remo Stars,Barau,Remo Stars,Musa Nnamdi,GK,26,69,34,Pass,15.29,23.03,Complete,0.0
644,1,Barau,Remo Stars,Remo Stars,Barau,Ifeanyi Ibrahim,LB,22,69,40,Shot,106.69,25.62,Off Target,0.282
645,1,Barau,Remo Stars,Remo Stars,Barau,Femi Osazuwa,LW,25,69,43,Interception,76.59,27.45,Complete,0.0
646,1,Barau,Remo Stars,Remo Stars,Barau,Daniel Chukwu,CAM,8,69,46,Pass,27.01,68.17,Incomplete,0.0
647,1,Barau,Remo Stars,Barau,Remo Stars,Musa Balogun,RW,3,69,46,Interception,11.55,31.13,Complete,0.0
648,1,Barau,Remo Stars,Remo Stars,Barau,Kunle Okoye,CB,26,69,49,Progressive Pass,69.84,26.4,Complete,0.0
649,1,Barau,Remo Stars,Barau,Remo Stars,Tunde Osazuwa,CB,23,70,8,Pass,3.58,60.9,Incomplete,0.0
650,1,Barau,Remo Stars,Barau,Remo Stars,Musa Nnamdi,GK,26,70,8,Offside,32.99,0.0,Complete,0.0
651,1,Barau,Remo Stars,Barau,Remo Stars,Musa Balogun,RW,3,70,9,Pass,109.44,0.0,Complete,0.0
652,1,Barau,Remo Stars,Barau,Remo Stars,Musa Nnamdi,GK,26,70,12,Dangerous Pass,78.4,47.46,Complete,0.0
653,1,Barau,Remo Stars,Remo Stars,Barau,Damilare Onuoha,CM,24,70,19,Pass,56.89,64.59,Complete,0.0
654,1,Barau,Remo Stars,Barau,Remo Stars,Musa Nnamdi,GK,26,70,22,Cross,81.42,59.26,Incomplete,0.0
655,1,Barau,Remo Stars,Remo Stars,Barau,Kunle Okoye,CB,26,70,22,Turnover,65.99,10.24,Complete,0.0
656,1,Barau,Remo Stars,Barau,Remo Stars,Daniel Adisa,CAM,22,70,42,Successful Dribble,103.73,46.25,Complete,0.0
657,1,Barau,Remo Stars,Barau,Remo Stars,Ifeanyi Ogundele,LB,1,70,44,Cross,110.43,0.0,Complete,0.0
658,1,Barau,Remo Stars,Remo Stars,Barau,Kelechi Usman,CM,6,70,46,Pass,17.59,24.01,Complete,0.0
659,1,Barau,Remo Stars,Barau,Remo Stars,Chukwuemeka Ojo,LW,11,70,47,Cross,76.27,29.76,Complete,0.0
660,1,Barau,Remo Stars,Barau,Remo Stars,Adewale Ibrahim,RB,12,71,38,Shot,107.64,80.0,Off Target,0.035
661,1,Barau,Remo Stars,Barau,Remo Stars,Chukwuemeka Ojo,LW,11,71,38,Pass,35.83,36.7,Complete,0.0
662,1,Barau,Remo Stars,Barau,Remo Stars,Olamide Etim,RW,16,71,42,Cross,96.01,46.42,Incomplete,0.0
663,1,Barau,Remo Stars,Remo Stars,Barau,Kelechi Usman,CM,6,71,45,Interception,75.94,50.85,Complete,0.0
664,1,Barau,Remo Stars,Remo Stars,Barau,Segun Oyelaran,CM,10,71,51,Pass,86.89,48.12,Complete,0.0
665,1,Barau,Remo Stars,Remo Stars,Barau,Chukwuemeka Adeyemi,CM,9,71,55,Pass,58.71,26.43,Complete,0.0
666,1,Barau,Remo Stars,Remo Stars,Barau,Kelechi Usman,CM,6,72,5,Offside,33.43,37.26,Complete,0.0
667,1,Barau,Remo Stars,Barau,Remo Stars,Musa Nnamdi,GK,26,72,13,Tackle,64.66,40.39,Complete,0.0
668,1,Barau,Remo Stars,Barau,Remo Stars,Suleiman Okonkwo,LW,9,72,37,Progressive Pass,93.96,68.4,Complete,0.0
669,1,Barau,Remo Stars,Remo Stars,Barau,Kunle Okoye,CB,26,72,45,Pass,62.99,52.22,Incomplete,0.0
670,1,Barau,Remo Stars,Remo Stars,Barau,Chukwuemeka Chukwu,RW,28,72,52,Pass,19.25,47.63,Complete,0.0
671,1,Barau,Remo Stars,Barau,Remo Stars,Tunde Osazuwa,CB,23,72,55,Dangerous Pass,105.2,56.84,Complete,0.0
672,1,Barau,Remo Stars,Remo Stars,Barau,Segun Oyelaran,CM,10,72,59,Foul,22.45,26.23,Complete,0.0
673,1,Barau,Remo Stars,Remo Stars,Barau,Chukwuemeka Chukwu,RW,28,73,0,Progressive Pass,99.45,60.43,Complete,0.0
674,1,Barau,Remo Stars,Barau,Remo Stars,Emmanuel Oyelaran,GK,28,73,9,Pass,39.12,35.28,Complete,0.0
675,1,Barau,Remo Stars,Barau,Remo Stars,Obinna Oyelaran,LW,6,73,25,Pass,16.97,78.16,Complete,0.0
676,1,Barau,Remo Stars,Barau,Remo Stars,Suleiman Okonkwo,LW,9,73,34,Progressive Pass,65.92,25.03,Complete,0.0
677,1,Barau,Remo Stars,Remo Stars,Barau,Daniel Chukwu,CAM,8,73,40,Pass,38.05,36.23,Complete,0.0
678,1,Barau,Remo Stars,Barau,Remo Stars,Emmanuel Oyelaran,GK,28,73,45,Interception,51.26,38.89,Complete,0.0
679,1,Barau,Remo Stars,Remo Stars,Barau,Daniel Chukwu,CAM,8,73,51,Successful Dribble,59.61,18.99,Complete,0.0
680,1,Barau,Remo Stars,Barau,Remo Stars,Tunde Osazuwa,CB,23,73,55,Turnover,18.74,18.88,Complete,0.0
681,1,Barau,Remo Stars,Barau,Remo Stars,Aliyu Okafor,CAM,4,73,55,Successful Dribble,23.6,46.26,Complete,0.0
682,1,Barau,Remo Stars,Barau,Remo Stars,Chukwuemeka Ojo,LW,11,73,59,Pass,59.27,16.76,Complete,0.0
683,1,Barau,Remo Stars,Remo Stars,Barau,Kelechi Usman,CM,6,74,6,Pass,103.7,54.99,Complete,0.0
684,1,Barau,Remo Stars,Barau,Remo Stars,Adewale Ibrahim,RB,12,74,9,Successful Dribble,109.94,73.18,Complete,0.0
685,1,Barau,Remo Stars,Barau,Remo Stars,Musa Balogun,RW,3,74,12,Cross,89.93,73.43,Complete,0.0
686,1,Barau,Remo Stars,Barau,Remo Stars,Adewale Ibrahim,RB,12,74,27,Foul,19.96,33.92,Complete,0.0
687,1,Barau,Remo Stars,Barau,Remo Stars,Peter Nnamdi,CDM,8,74,30,Shot on Target,116.04,35.59,On Target,0.434
688,1,Barau,Remo Stars,Barau,Remo Stars,Musa Nnamdi,GK,26,74,34,Pass,110.21,61.16,Complete,0.0
689,1,Barau,Remo Stars,Remo Stars,Barau,Chukwuemeka Adeyemi,CM,9,74,40,Foul,71.52,39.16,Complete,0.0
690,1,Barau,Remo Stars,Barau,Remo Stars,Ifeanyi Usman,LW,10,74,42,Pass,104.96,22.03,Complete,0.0
691,1,Barau,Remo Stars,Barau,Remo Stars,Daniel Adisa,CAM,22,74,47,Pass,47.99,56.02,Complete,0.0
692,1,Barau,Remo Stars,Barau,Remo Stars,Peter Nnamdi,CDM,8,75,0,Pass,51.0,44.94,Complete,0.0
693,1,Barau,Remo Stars,Remo Stars,Barau,Kunle Okoye,CB,26,75,6,Foul,41.51,0.0,Complete,0.0
694,1,Barau,Remo Stars,Remo Stars,Barau,Segun Oyelaran,CM,10,75,9,Interception,13.69,25.82,Complete,0.0
695,1,Barau,Remo Stars,Barau,Remo Stars,Ifeanyi Usman,LW,10,75,10,Progressive Pass,26.51,10.02,Complete,0.0
696,1,Barau,Remo Stars,Remo Stars,Barau,Damilare Onuoha,CM,24,75,16,Interception,78.53,47.25,Complete,0.0
697,1,Barau,Remo Stars,Remo Stars,Barau,Kelechi Usman,CM,6,75,23,Pass,53.1,45.01,Complete,0.0
698,1,Barau,Remo Stars,Remo Stars,Barau,Kelechi Usman,CM,6,75,26,Pass,4.19,35.45,Complete,0.0
699,1,Barau,Remo Stars,Barau,Remo Stars,Suleiman Okonkwo,LW,9,75,28,Shot,102.22,16.11,On Target,0.169
700,1,Barau,Remo Stars,Remo Stars,Barau,Joseph Osazuwa,CDM,15,75,28,Cross,94.35,23.17,Complete,0.0
701,1,Barau,Remo Stars,Barau,Remo Stars,Aliyu Okafor,CAM,4,75,52,Pass,21.82,20.6,Complete,0.0
702,1,Barau,Remo Stars,Barau,Remo Stars,Ifeanyi Ogundele,LB,1,75,57,Shot,90.25,24.04,Off Target,0.125
703,1,Barau,Remo Stars,Barau,Remo Stars,Chukwuemeka Ojo,LW,11,76,8,Interception,49.29,43.03,Complete,0.0
704,1,Barau,Remo Stars,Barau,Remo Stars,Suleiman Okonkwo,LW,9,76,12,Cross,70.44,59.1,Complete,0.0
705,1,Barau,Remo Stars,Barau,Remo Stars,Tunde Osazuwa,CB,23,76,13,Turnover,25.0,18.09,Complete,0.0
706,1,Barau,Remo Stars,Remo Stars,Barau,Femi Osazuwa,LW,25,76,17,Tackle,29.03,18.25,Complete,0.0
707,1,Barau,Remo Stars,Barau,Remo Stars,Adewale Ibrahim,RB,12,76,23,Tackle,44.24,38.12,Complete,0.0
708,1,Barau,Remo Stars,Remo Stars,Barau,Chukwuemeka Chukwu,RW,28,76,26,Cross,89.61,57.41,Complete,0.0
709,1,Barau,Remo Stars,Remo Stars,Barau,Damilare Onuoha,CM,24,76,36,Progressive Pass,39.87,32.84,Complete,0.0
710,1,Barau,Remo Stars,Barau,Remo Stars,Emmanuel Oyelaran,GK,28,76,42,Tackle,54.35,20.26,Complete,0.0
711,1,Barau,Remo Stars,Remo Stars,Barau,Kelechi Usman,CM,6,76,43,Tackle,44.9,45.86,Complete,0.0
712,1,Barau,Remo Stars,Barau,Remo Stars,Musa Balogun,RW,3,76,47,Dangerous Pass,90.67,4.3,Complete,0.0
713,1,Barau,Remo Stars,Remo Stars,Barau,Femi Osazuwa,LW,25,76,50,Dangerous Pass,89.87,49.38,Incomplete,0.0
714,1,Barau,Remo Stars,Remo Stars,Barau,Kunle Okoye,CB,26,76,51,Shot on Target,106.89,40.62,On Target,0.354
715,1,Barau,Remo Stars,Barau,Remo Stars,Peter Nnamdi,CDM,8,77,7,Progressive Pass,16.39,34.16,Complete,0.0
716,1,Barau,Remo Stars,Barau,Remo Stars,Musa Nnamdi,GK,26,77,30,Progressive Pass,20.08,55.14,Complete,0.0
717,1,Barau,Remo Stars,Barau,Remo Stars,Adewale Ibrahim,RB,12,77,31,Pass,43.31,64.01,Complete,0.0
718,1,Barau,Remo Stars,Remo Stars,Barau,Rasheed Mohammed,GK,29,77,32,Goal,108.61,42.04,Goal,0.471
719,1,Barau,Remo Stars,Remo Stars,Barau,Chukwuemeka Adeyemi,CM,9,77,33,Turnover,57.61,30.95,Complete,0.0
720,1,Barau,Remo Stars,Barau,Remo Stars,Suleiman Okonkwo,LW,9,77,40,Dangerous Pass,93.08,11.27,Complete,0.0
721,1,Barau,Remo Stars,Remo Stars,Barau,Daniel Chukwu,CAM,8,77,48,Pass,106.35,36.24,Complete,0.0
722,1,Barau,Remo Stars,Remo Stars,Barau,Peter Ogundele,CB,13,77,50,Cross,93.28,26.7,Complete,0.0
723,1,Barau,Remo Stars,Remo Stars,Barau,Damilare Onuoha,CM,24,77,51,Interception,85.97,56.27,Complete,0.0
724,1,Barau,Remo Stars,Barau,Remo Stars,Musa Nnamdi,GK,26,77,54,Pass,20.94,26.73,Complete,0.0
725,1,Barau,Remo Stars,Remo Stars,Barau,Daniel Chukwu,CAM,8,77,59,Turnover,22.88,50.85,Complete,0.0
726,1,Barau,Remo Stars,Remo Stars,Barau,Musa Osazuwa,CAM,2,78,16,Successful Dribble,75.72,43.5,Complete,0.0
727,1,Barau,Remo Stars,Remo Stars,Barau,Musa Osazuwa,CAM,2,78,27,Pass,34.31,55.74,Complete,0.0
728,1,Barau,Remo Stars,Remo Stars,Barau,Victor Mustapha,GK,1,78,30,Goal,109.84,15.84,Goal,0.309
729,1,Barau,Remo Stars,Barau,Remo Stars,Chukwuemeka Ojo,LW,11,78,31,Tackle,78.67,30.58,Complete,0.0
730,1,Barau,Remo Stars,Barau,Remo Stars,Musa Nnamdi,GK,26,78,35,Pass,99.68,46.46,Incomplete,0.0
731,1,Barau,Remo Stars,Remo Stars,Barau,Segun Oyelaran,CM,10,78,35,Yellow Card,33.22,56.49,Complete,0.0
732,1,Barau,Remo Stars,Barau,Remo Stars,Daniel Adisa,CAM,22,78,54,Cross,104.3,45.9,Complete,0.0
733,1,Barau,Remo Stars,Barau,Remo Stars,Peter Nnamdi,CDM,8,78,54,Cross,85.55,47.7,Complete,0.0
734,1,Barau,Remo Stars,Barau,Remo Stars,Musa Nnamdi,GK,26,79,4,Pass,62.98,18.23,Complete,0.0
735,1,Barau,Remo Stars,Remo Stars,Barau,Kelechi Usman,CM,6,79,20,Pass,84.45,12.96,Complete,0.0
736,1,Barau,Remo Stars,Barau,Remo Stars,Musa Balogun,RW,3,79,29,Progressive Pass,15.08,23.51,Complete,0.0
737,1,Barau,Remo Stars,Remo Stars,Barau,Praise Lawal,CDM,11,79,37,Interception,24.39,41.36,Complete,0.0
738,1,Barau,Remo Stars,Remo Stars,Barau,Femi Osazuwa,LW,25,79,39,Pass,92.88,44.52,Complete,0.0
739,1,Barau,Remo Stars,Barau,Remo Stars,Ifeanyi Ogundele,LB,1,79,45,Turnover,13.96,39.16,Complete,0.0
740,1,Barau,Remo Stars,Barau,Remo Stars,Emmanuel Oyelaran,GK,28,79,46,Dangerous Pass,109.21,31.51,Complete,0.0
741,1,Barau,Remo Stars,Barau,Remo Stars,Daniel Adisa,CAM,22,79,48,Successful Dribble,38.04,80.0,Complete,0.0
742,1,Barau,Remo Stars,Remo Stars,Barau,Femi Osazuwa,LW,25,79,55,Progressive Pass,70.24,55.9,Incomplete,0.0
743,1,Barau,Remo Stars,Barau,Remo Stars,Adewale Ibrahim,RB,12,80,4,Pass,87.15,23.33,Complete,0.0
744,1,Barau,Remo Stars,Barau,Remo Stars,Olamide Etim,RW,16,80,10,Turnover,24.01,14.58,Complete,0.0
745,1,Barau,Remo Stars,Barau,Remo Stars,Musa Balogun,RW,3,80,14,Progressive Pass,39.94,41.73,Complete,0.0
746,1,Barau,Remo Stars,Barau,Remo Stars,Ifeanyi Usman,LW,10,80,31,Turnover,43.31,17.82,Complete,0.0
747,1,Barau,Remo Stars,Barau,Remo Stars,Suleiman Okonkwo,LW,9,80,50,Dangerous Pass,87.49,0.0,Complete,0.0
748,1,Barau,Remo Stars,Remo Stars,Barau,Chukwuemeka Chukwu,RW,28,80,57,Pass,28.89,33.25,Complete,0.0
749,1,Barau,Remo Stars,Barau,Remo Stars,Adewale Ibrahim,RB,12,80,58,Turnover,38.6,47.09,Complete,0.0
750,1,Barau,Remo Stars,Barau,Remo Stars,Suleiman Okonkwo,LW,9,81,7,Progressive Pass,58.85,24.79,Incomplete,0.0
751,1,Barau,Remo Stars,Remo Stars,Barau,Ifeanyi Ibrahim,LB,22,81,15,Progressive Pass,66.31,44.69,Complete,0.0
752,1,Barau,Remo Stars,Remo Stars,Barau,Damilare Onuoha,CM,24,81,30,Dangerous Pass,108.97,28.36,Incomplete,0.0
753,1,Barau,Remo Stars,Remo Stars,Barau,Victor Mustapha,GK,1,81,33,Successful Dribble,19.34,29.57,Complete,0.0
754,1,Barau,Remo Stars,Barau,Remo Stars,Ifeanyi Ogundele,LB,1,81,57,Cross,114.13,0.0,Incomplete,0.0
755,1,Barau,Remo Stars,Barau,Remo Stars,Ifeanyi Usman,LW,10,81,59,Pass,73.83,18.02,Complete,0.0
756,1,Barau,Remo Stars,Barau,Remo Stars,Tunde Osazuwa,CB,23,82,6,Tackle,45.44,64.78,Complete,0.0
757,1,Barau,Remo Stars,Remo Stars,Barau,Ifeanyi Ibrahim,LB,22,82,6,Pass,31.36,11.55,Complete,0.0
758,1,Barau,Remo Stars,Barau,Remo Stars,Tunde Osazuwa,CB,23,82,13,Pass,60.69,3.56,Complete,0.0
759,1,Barau,Remo Stars,Barau,Remo Stars,Ifeanyi Ogundele,LB,1,82,25,Foul,70.27,28.72,Complete,0.0
760,1,Barau,Remo Stars,Remo Stars,Barau,Daniel Chukwu,CAM,8,82,27,Pass,68.7,57.82,Complete,0.0
761,1,Barau,Remo Stars,Barau,Remo Stars,Divine Bello,RW,18,82,31,Foul,13.19,21.32,Complete,0.0
762,1,Barau,Remo Stars,Remo Stars,Barau,Kunle Okoye,CB,26,82,35,Progressive Pass,71.62,64.11,Complete,0.0
763,1,Barau,Remo Stars,Remo Stars,Barau,Kunle Okoye,CB,26,82,35,Tackle,63.91,56.04,Complete,0.0
764,1,Barau,Remo Stars,Remo Stars,Barau,Musa Osazuwa,CAM,2,82,53,Pass,23.05,40.62,Complete,0.0
765,1,Barau,Remo Stars,Remo Stars,Barau,Ifeanyi Ibrahim,LB,22,82,58,Successful Dribble,67.59,51.73,Complete,0.0
766,1,Barau,Remo Stars,Remo Stars,Barau,Kelechi Usman,CM,6,83,3,Pass,10.32,58.07,Complete,0.0
767,1,Barau,Remo Stars,Barau,Remo Stars,Joseph Nnamdi,ST,27,83,6,Cross,70.18,62.31,Complete,0.0
768,1,Barau,Remo Stars,Barau,Remo Stars,Joseph Nnamdi,ST,27,83,21,Pass,28.31,32.4,Incomplete,0.0
769,1,Barau,Remo Stars,Barau,Remo Stars,Musa Nnamdi,GK,26,83,24,Tackle,80.85,0.0,Complete,0.0
770,1,Barau,Remo Stars,Remo Stars,Barau,Praise Lawal,CDM,11,83,33,Successful Dribble,111.53,31.99,Complete,0.0
771,1,Barau,Remo Stars,Barau,Remo Stars,Divine Bello,RW,18,83,35,Dangerous Pass,78.84,76.22,Complete,0.0
772,1,Barau,Remo Stars,Remo Stars,Barau,Femi Osazuwa,LW,25,83,41,Shot,93.45,26.22,On Target,0.168
773,1,Barau,Remo Stars,Barau,Remo Stars,Aliyu Okafor,CAM,4,83,46,Successful Dribble,41.26,35.3,Complete,0.0
774,1,Barau,Remo Stars,Remo Stars,Barau,Ifeanyi Ibrahim,LB,22,83,47,Successful Dribble,38.65,20.76,Complete,0.0
775,1,Barau,Remo Stars,Barau,Remo Stars,Suleiman Okonkwo,LW,9,83,48,Turnover,14.3,40.99,Complete,0.0
776,1,Barau,Remo Stars,Remo Stars,Barau,Femi Osazuwa,LW,25,83,59,Interception,43.83,33.53,Complete,0.0
777,1,Barau,Remo Stars,Barau,Remo Stars,Suleiman Okonkwo,LW,9,84,9,Pass,8.78,25.32,Complete,0.0
778,1,Barau,Remo Stars,Barau,Remo Stars,Suleiman Okonkwo,LW,9,84,13,Successful Dribble,19.76,47.8,Complete,0.0
779,1,Barau,Remo Stars,Remo Stars,Barau,Damilare Onuoha,CM,24,84,14,Progressive Pass,39.82,19.01,Complete,0.0
780,1,Barau,Remo Stars,Remo Stars,Barau,Joseph Osazuwa,CDM,15,84,23,Turnover,76.26,61.1,Complete,0.0
781,1,Barau,Remo Stars,Remo Stars,Barau,Kelechi Usman,CM,6,84,24,Pass,93.07,54.8,Complete,0.0
782,1,Barau,Remo Stars,Barau,Remo Stars,Joseph Nnamdi,ST,27,84,24,Progressive Pass,9.27,46.72,Incomplete,0.0
783,1,Barau,Remo Stars,Remo Stars,Barau,Peter Ogundele,CB,13,84,34,Turnover,40.01,50.18,Complete,0.0
784,1,Barau,Remo Stars,Barau,Remo Stars,Aliyu Okafor,CAM,4,84,36,Pass,36.86,2.21,Complete,0.0
785,1,Barau,Remo Stars,Remo Stars,Barau,Femi Osazuwa,LW,25,84,41,Pass,104.25,57.68,Complete,0.0
786,1,Barau,Remo Stars,Remo Stars,Barau,Musa Osazuwa,CAM,2,84,59,Foul,56.19,53.23,Complete,0.0
787,1,Barau,Remo Stars,Barau,Remo Stars,Daniel Adisa,CAM,22,85,5,Progressive Pass,81.82,3.08,Complete,0.0
788,1,Barau,Remo Stars,Barau,Remo Stars,Musa Nnamdi,GK,26,85,19,Tackle,88.89,38.94,Complete,0.0
789,1,Barau,Remo Stars,Barau,Remo Stars,Emmanuel Oyelaran,GK,28,85,35,Offside,78.03,22.48,Complete,0.0
790,1,Barau,Remo Stars,Barau,Remo Stars,Tunde Osazuwa,CB,23,85,35,Interception,68.18,75.42,Complete,0.0
791,1,Barau,Remo Stars,Barau,Remo Stars,Tunde Osazuwa,CB,23,85,41,Progressive Pass,47.53,50.23,Incomplete,0.0
792,1,Barau,Remo Stars,Barau,Remo Stars,Emmanuel Oyelaran,GK,28,85,56,Foul,56.68,20.87,Complete,0.0
793,1,Barau,Remo Stars,Barau,Remo Stars,Adewale Ibrahim,RB,12,86,20,Pass,11.85,22.44,Complete,0.0
794,1,Barau,Remo Stars,Barau,Remo Stars,Divine Bello,RW,18,86,41,Pass,57.52,45.27,Complete,0.0
795,1,Barau,Remo Stars,Remo Stars,Barau,Segun Oyelaran,CM,10,86,43,Tackle,65.86,43.22,Complete,0.0
796,1,Barau,Remo Stars,Barau,Remo Stars,Suleiman Okonkwo,LW,9,86,44,Successful Dribble,115.42,50.11,Complete,0.0
797,1,Barau,Remo Stars,Remo Stars,Barau,Segun Oyelaran,CM,10,86,46,Tackle,84.26,8.27,Complete,0.0
798,1,Barau,Remo Stars,Barau,Remo Stars,Musa Nnamdi,GK,26,86,47,Progressive Pass,103.66,28.0,Complete,0.0
799,1,Barau,Remo Stars,Remo Stars,Barau,Kelechi Usman,CM,6,86,49,Shot on Target,102.84,50.37,Off Target,0.277
800,1,Barau,Remo Stars,Barau,Remo Stars,Daniel Adisa,CAM,22,87,2,Turnover,40.78,69.24,Complete,0.0
801,1,Barau,Remo Stars,Remo Stars,Barau,Praise Lawal,CDM,11,87,5,Pass,39.25,62.92,Incomplete,0.0
802,1,Barau,Remo Stars,Barau,Remo Stars,Ifeanyi Usman,LW,10,87,7,Tackle,26.3,47.74,Complete,0.0
803,1,Barau,Remo Stars,Remo Stars,Barau,Chukwuemeka Adeyemi,CM,9,87,7,Pass,114.08,23.81,Incomplete,0.0
804,1,Barau,Remo Stars,Barau,Remo Stars,Joseph Nnamdi,ST,27,87,8,Successful Dribble,82.24,18.8,Complete,0.0
805,1,Barau,Remo Stars,Remo Stars,Barau,Praise Lawal,CDM,11,87,14,Turnover,38.16,26.9,Complete,0.0
806,1,Barau,Remo Stars,Barau,Remo Stars,Chukwuemeka Ojo,LW,11,87,15,Progressive Pass,105.66,29.97,Complete,0.0
807,1,Barau,Remo Stars,Barau,Remo Stars,Musa Balogun,RW,3,87,19,Interception,73.69,44.01,Complete,0.0
808,1,Barau,Remo Stars,Remo Stars,Barau,Joseph Osazuwa,CDM,15,87,20,Progressive Pass,17.91,60.13,Complete,0.0
809,1,Barau,Remo Stars,Remo Stars,Barau,Joseph Osazuwa,CDM,15,87,34,Successful Dribble,116.59,7.14,Complete,0.0
810,1,Barau,Remo Stars,Barau,Remo Stars,Adewale Ibrahim,RB,12,87,37,Pass,53.24,7.62,Complete,0.0
811,1,Barau,Remo Stars,Barau,Remo Stars,Olamide Etim,RW,16,87,38,Pass,113.34,68.68,Complete,0.0
812,1,Barau,Remo Stars,Barau,Remo Stars,Adewale Ibrahim,RB,12,87,44,Pass,73.6,26.68,Complete,0.0
813,1,Barau,Remo Stars,Remo Stars,Barau,Ifeanyi Ibrahim,LB,22,87,45,Pass,15.5,61.45,Complete,0.0
814,1,Barau,Remo Stars,Barau,Remo Stars,Obinna Oyelaran,LW,6,87,45,Pass,79.47,26.51,Complete,0.0
815,1,Barau,Remo Stars,Remo Stars,Barau,Rasheed Mohammed,GK,29,88,2,Successful Dribble,68.94,69.54,Complete,0.0
816,1,Barau,Remo Stars,Barau,Remo Stars,Musa Balogun,RW,3,88,31,Pass,119.86,36.01,Complete,0.0
817,1,Barau,Remo Stars,Remo Stars,Barau,Daniel Chukwu,CAM,8,88,33,Progressive Pass,20.54,41.52,Complete,0.0
818,1,Barau,Remo Stars,Barau,Remo Stars,Emmanuel Oyelaran,GK,28,88,35,Tackle,27.53,14.89,Complete,0.0
819,1,Barau,Remo Stars,Barau,Remo Stars,Chukwuemeka Ojo,LW,11,88,50,Foul,77.17,40.1,Complete,0.0
820,1,Barau,Remo Stars,Remo Stars,Barau,Ifeanyi Ibrahim,LB,22,88,53,Progressive Pass,38.81,76.29,Complete,0.0
821,1,Barau,Remo Stars,Remo Stars,Barau,Chukwuemeka Chukwu,RW,28,88,58,Cross,86.81,13.61,Complete,0.0
822,1,Barau,Remo Stars,Barau,Remo Stars,Ifeanyi Usman,LW,10,89,8,Turnover,86.37,63.51,Complete,0.0
823,1,Barau,Remo Stars,Remo Stars,Barau,Chukwuemeka Adeyemi,CM,9,89,27,Pass,65.77,32.27,Complete,0.0
824,1,Barau,Remo Stars,Barau,Remo Stars,Musa Nnamdi,GK,26,89,30,Shot on Target,93.23,26.07,Off Target,0.165
825,1,Barau,Remo Stars,Barau,Remo Stars,Tunde Osazuwa,CB,23,89,30,Pass,20.95,50.53,Complete,0.0
826,1,Barau,Remo Stars,Remo Stars,Barau,Kelechi Usman,CM,6,89,41,Pass,103.53,54.56,Complete,0.0
827,1,Barau,Remo Stars,Remo Stars,Barau,Ifeanyi Ibrahim,LB,22,89,48,Progressive Pass,51.23,67.02,Complete,0.0
828,1,Barau,Remo Stars,Barau,Remo Stars,Ifeanyi Usman,LW,10,89,57,Successful Dribble,33.81,52.33,Complete,0.0
829,1,Barau,Remo Stars,Remo Stars,Barau,Damilare Onuoha,CM,24,90,1,Foul,42.0,59.85,Complete,0.0
830,1,Barau,Remo Stars,Remo Stars,Barau,Joseph Osazuwa,CDM,15,90,5,Pass,72.67,25.92,Complete,0.0
831,1,Barau,Remo Stars,Barau,Remo Stars,Daniel Adisa,CAM,22,90,26,Tackle,55.49,51.4,Complete,0.0
832,1,Barau,Remo Stars,Barau,Remo Stars,Musa Balogun,RW,3,90,36,Successful Dribble,70.15,36.78,Complete,0.0
833,1,Barau,Remo Stars,Remo Stars,Barau,Chukwuemeka Adeyemi,CM,9,90,36,Dangerous Pass,104.12,54.75,Complete,0.0
834,2,Enugu Rangers,Remo Stars,Enugu Rangers,Remo Stars,Joseph Lawal,RB,22,0,3,Interception,43.16,33.13,Complete,0.0
835,2,Enugu Rangers,Remo Stars,Remo Stars,Enugu Rangers,Chidi Mustapha,CM,25,0,3,Successful Dribble,66.06,30.51,Complete,0.0
836,2,Enugu Rangers,Remo Stars,Remo Stars,Enugu Rangers,Daniel Oyelaran,RB,19,0,3,Pass,96.05,41.32,Complete,0.0
837,2,Enugu Rangers,Remo Stars,Enugu Rangers,Remo Stars,Success Okonkwo,GK,24,0,4,Turnover,43.06,78.36,Complete,0.0
838,2,Enugu Rangers,Remo Stars,Remo Stars,Enugu Rangers,Daniel Oyelaran,RB,19,0,6,Pass,119.61,18.9,Complete,0.0
839,2,Enugu Rangers,Remo Stars,Enugu Rangers,Remo Stars,Kunle Onuoha,LB,19,0,13,Interception,49.4,25.28,Complete,0.0
840,2,Enugu Rangers,Remo Stars,Remo Stars,Enugu Rangers,Adewale Usman,CM,3,0,38,Interception,64.4,58.43,Complete,0.0
841,2,Enugu Rangers,Remo Stars,Enugu Rangers,Remo Stars,Ifeanyi Balogun,LB,14,0,54,Progressive Pass,106.37,25.68,Incomplete,0.0
842,2,Enugu Rangers,Remo Stars,Remo Stars,Enugu Rangers,Obinna Sanni,RB,26,0,59,Cross,81.69,4.95,Incomplete,0.0
843,2,Enugu Rangers,Remo Stars,Enugu Rangers,Remo Stars,Kunle Onuoha,LB,19,1,5,Interception,29.32,3.53,Complete,0.0
844,2,Enugu Rangers,Remo Stars,Remo Stars,Enugu Rangers,Chibuzor Abubakar,RW,29,1,27,Foul,27.56,0.0,Complete,0.0
845,2,Enugu Rangers,Remo Stars,Remo Stars,Enugu Rangers,Femi Ekong,LB,16,1,45,Shot on Target,111.26,47.32,Off Target,0.373
846,2,Enugu Rangers,Remo Stars,Enugu Rangers,Remo Stars,Chidi Okonkwo,RB,28,1,45,Shot,109.73,16.96,Off Target,0.22
847,2,Enugu Rangers,Remo Stars,Enugu Rangers,Remo Stars,Victor Okonkwo,GK,29,1,57,Successful Dribble,109.69,38.24,Complete,0.0
848,2,Enugu Rangers,Remo Stars,Enugu Rangers,Remo Stars,Kelechi Ndukwe,CB,12,1,57,Turnover,12.94,37.86,Complete,0.0
849,2,Enugu Rangers,Remo Stars,Remo Stars,Enugu Rangers,Chibuzor Abubakar,RW,29,2,10,Progressive Pass,82.41,76.23,Complete,0.0
850,2,Enugu Rangers,Remo Stars,Enugu Rangers,Remo Stars,Chidi Okonkwo,RB,28,2,11,Successful Dribble,14.33,49.05,Complete,0.0
851,2,Enugu Rangers,Remo Stars,Remo Stars,Enugu Rangers,Daniel Chukwuma,RW,7,2,13,Pass,65.88,2.77,Complete,0.0
852,2,Enugu Rangers,Remo Stars,Enugu Rangers,Remo Stars,Chidi Okonkwo,RB,28,2,15,Successful Dribble,93.26,9.25,Complete,0.0
853,2,Enugu Rangers,Remo Stars,Remo Stars,Enugu Rangers,Daniel Oyelaran,RB,19,2,21,Interception,80.07,0.0,Complete,0.0
854,2,Enugu Rangers,Remo Stars,Remo Stars,Enugu Rangers,Daniel Oyelaran,RB,19,2,37,Shot,109.11,36.3,Off Target,0.372
855,2,Enugu Rangers,Remo Stars,Enugu Rangers,Remo Stars,Victor Okafor,RW,18,2,46,Pass,95.91,44.05,Complete,0.0
856,2,Enugu Rangers,Remo Stars,Remo Stars,Enugu Rangers,Chibuzor Abubakar,RW,29,2,48,Cross,103.15,36.2,Complete,0.0
857,2,Enugu Rangers,Remo Stars,Remo Stars,Enugu Rangers,Godwin Garba,LW,11,2,59,Foul,30.1,30.75,Complete,0.0
858,2,Enugu Rangers,Remo Stars,Remo Stars,Enugu Rangers,Obinna Sanni,RB,26,3,18,Pass,59.71,50.15,Complete,0.0
859,2,Enugu Rangers,Remo Stars,Enugu Rangers,Remo Stars,Wale Egwuekwe,CAM,21,3,28,Successful Dribble,85.5,51.67,Complete,0.0
860,2,Enugu Rangers,Remo Stars,Remo Stars,Enugu Rangers,Tunde Etim,RW,4,3,30,Cross,88.1,18.11,Complete,0.0
861,2,Enugu Rangers,Remo Stars,Remo Stars,Enugu Rangers,Yemi Sanni,RW,14,3,34,Shot,96.08,80.0,On Target,0.02
862,2,Enugu Rangers,Remo Stars,Remo Stars,Enugu Rangers,Emeka Lawal,RW,20,3,37,Pass,115.34,80.0,Complete,0.0
863,2,Enugu Rangers,Remo Stars,Remo Stars,Enugu Rangers,Obinna Egwuekwe,RB,15,3,41,Successful Dribble,97.93,20.77,Complete,0.0
864,2,Enugu Rangers,Remo Stars,Enugu Rangers,Remo Stars,Chidi Okonkwo,RB,28,3,49,Pass,95.74,73.04,Incomplete,0.0
865,2,Enugu Rangers,Remo Stars,Remo Stars,Enugu Rangers,Tunde Etim,RW,4,3,49,Foul,89.4,20.13,Complete,0.0
866,2,Enugu Rangers,Remo Stars,Enugu Rangers,Remo Stars,Emmanuel Okafor,LW,4,3,50,Pass,13.99,80.0,Complete,0.0
867,2,Enugu Rangers,Remo Stars,Remo Stars,Enugu Rangers,Bayo Afolabi,CB,12,3,59,Turnover,70.46,11.47,Complete,0.0
868,2,Enugu Rangers,Remo Stars,Remo Stars,Enugu Rangers,Emeka Lawal,RW,20,4,7,Pass,98.8,65.62,Incomplete,0.0
869,2,Enugu Rangers,Remo Stars,Enugu Rangers,Remo Stars,Ifeanyi Balogun,LB,14,4,9,Foul,87.32,22.55,Complete,0.0
870,2,Enugu Rangers,Remo Stars,Enugu Rangers,Remo Stars,Chidi Okonkwo,RB,28,4,14,Pass,28.78,48.21,Complete,0.0
871,2,Enugu Rangers,Remo Stars,Remo Stars,Enugu Rangers,Chibuzor Abubakar,RW,29,4,18,Pass,49.21,22.5,Incomplete,0.0
872,2,Enugu Rangers,Remo Stars,Remo Stars,Enugu Rangers,Daniel Oyelaran,RB,19,4,21,Pass,23.03,44.91,Complete,0.0
873,2,Enugu Rangers,Remo Stars,Enugu Rangers,Remo Stars,Ifeanyi Balogun,LB,14,4,27,Pass,76.93,48.77,Complete,0.0
874,2,Enugu Rangers,Remo Stars,Remo Stars,Enugu Rangers,Chibuzor Abubakar,RW,29,4,44,Tackle,76.1,0.0,Complete,0.0
875,2,Enugu Rangers,Remo Stars,Remo Stars,Enugu Rangers,Obinna Sanni,RB,26,4,45,Pass,17.14,53.25,Complete,0.0
876,2,Enugu Rangers,Remo Stars,Remo Stars,Enugu Rangers,Emeka Lawal,RW,20,4,50,Dangerous Pass,117.03,38.52,Complete,0.0
877,2,Enugu Rangers,Remo Stars,Remo Stars,Enugu Rangers,Chidi Mustapha,CM,25,4,54,Goal,106.58,58.41,Goal,0.347
878,2,Enugu Rangers,Remo Stars,Remo Stars,Enugu Rangers,Rasheed Ojo,CM,1,5,15,Successful Dribble,100.77,38.81,Complete,0.0
879,2,Enugu Rangers,Remo Stars,Enugu Rangers,Remo Stars,Wale Egwuekwe,CAM,21,5,20,Tackle,43.98,41.78,Complete,0.0
880,2,Enugu Rangers,Remo Stars,Enugu Rangers,Remo Stars,Chibuzor Chukwuma,CB,2,5,26,Turnover,75.48,17.97,Complete,0.0
881,2,Enugu Rangers,Remo Stars,Enugu Rangers,Remo Stars,Suleiman Abubakar,CDM,6,5,34,Corner,100.49,49.94,Complete,0.0
882,2,Enugu Rangers,Remo Stars,Enugu Rangers,Remo Stars,Chibuzor Chukwuma,CB,2,5,39,Cross,109.71,56.12,Complete,0.0
883,2,Enugu Rangers,Remo Stars,Remo Stars,Enugu Rangers,Chibuzor Abubakar,RW,29,5,40,Progressive Pass,78.4,32.06,Complete,0.0
884,2,Enugu Rangers,Remo Stars,Remo Stars,Enugu Rangers,Femi Ekong,LB,16,5,43,Interception,38.68,36.23,Complete,0.0
885,2,Enugu Rangers,Remo Stars,Remo Stars,Enugu Rangers,Chibuzor Abubakar,RW,29,5,46,Foul,66.26,43.55,Complete,0.0
886,2,Enugu Rangers,Remo Stars,Remo Stars,Enugu Rangers,Bayo Afolabi,CB,12,5,49,Cross,72.93,3.72,Complete,0.0
887,2,Enugu Rangers,Remo Stars,Remo Stars,Enugu Rangers,Obinna Sanni,RB,26,5,53,Pass,100.64,71.07,Complete,0.0
888,2,Enugu Rangers,Remo Stars,Remo Stars,Enugu Rangers,Femi Ekong,LB,16,5,59,Shot,100.57,64.05,On Target,0.156
889,2,Enugu Rangers,Remo Stars,Enugu Rangers,Remo Stars,Success Ogundele,CM,20,6,2,Progressive Pass,57.99,52.97,Complete,0.0
890,2,Enugu Rangers,Remo Stars,Enugu Rangers,Remo Stars,Kelechi Ndukwe,CB,12,6,3,Tackle,62.16,51.45,Complete,0.0
891,2,Enugu Rangers,Remo Stars,Remo Stars,Enugu Rangers,Daniel Oyelaran,RB,19,6,5,Progressive Pass,114.25,48.75,Complete,0.0
892,2,Enugu Rangers,Remo Stars,Enugu Rangers,Remo Stars,Kunle Onuoha,LB,19,6,7,Foul,14.48,28.71,Complete,0.0
893,2,Enugu Rangers,Remo Stars,Enugu Rangers,Remo Stars,Uche Mohammed,CAM,16,6,17,Successful Dribble,31.61,30.08,Complete,0.0
894,2,Enugu Rangers,Remo Stars,Enugu Rangers,Remo Stars,Chidi Okonkwo,RB,28,6,17,Pass,3.88,49.98,Complete,0.0
895,2,Enugu Rangers,Remo Stars,Enugu Rangers,Remo Stars,Chibuzor Chukwuma,CB,2,6,27,Pass,36.28,21.76,Complete,0.0
896,2,Enugu Rangers,Remo Stars,Enugu Rangers,Remo Stars,Rasheed Adebayo,CB,11,6,32,Successful Dribble,66.34,55.61,Complete,0.0
897,2,Enugu Rangers,Remo Stars,Enugu Rangers,Remo Stars,Uche Mohammed,CAM,16,6,32,Tackle,44.91,18.32,Complete,0.0
898,2,Enugu Rangers,Remo Stars,Enugu Rangers,Remo Stars,Success Ogundele,CM,20,6,55,Pass,54.72,79.97,Incomplete,0.0
899,2,Enugu Rangers,Remo Stars,Enugu Rangers,Remo Stars,Victor Okonkwo,GK,29,6,55,Pass,21.96,26.16,Complete,0.0
900,2,Enugu Rangers,Remo Stars,Enugu Rangers,Remo Stars,Uche Mohammed,CAM,16,6,57,Pass,53.4,10.6,Complete,0.0
901,2,Enugu Rangers,Remo Stars,Enugu Rangers,Remo Stars,Success Eze,LW,9,7,2,Shot,109.14,28.7,Off Target,0.326
902,2,Enugu Rangers,Remo Stars,Remo Stars,Enugu Rangers,Daniel Chukwuma,RW,7,7,20,Goal,108.88,16.09,Goal,0.307
903,2,Enugu Rangers,Remo Stars,Enugu Rangers,Remo Stars,Kunle Onuoha,LB,19,7,23,Pass,67.29,39.59,Incomplete,0.0
904,2,Enugu Rangers,Remo Stars,Enugu Rangers,Remo Stars,Success Ogundele,CM,20,7,25,Shot,95.21,42.85,On Target,0.223
905,2,Enugu Rangers,Remo Stars,Enugu Rangers,Remo Stars,Success Okonkwo,GK,24,7,29,Pass,94.59,31.98,Complete,0.0
906,2,Enugu Rangers,Remo Stars,Enugu Rangers,Remo Stars,Joseph Lawal,RB,22,7,38,Successful Dribble,92.8,57.28,Complete,0.0
907,2,Enugu Rangers,Remo Stars,Remo Stars,Enugu Rangers,Obinna Egwuekwe,RB,15,7,54,Pass,51.1,49.09,Complete,0.0
908,2,Enugu Rangers,Remo Stars,Enugu Rangers,Remo Stars,Joseph Lawal,RB,22,8,5,Dangerous Pass,70.19,20.91,Complete,0.0
909,2,Enugu Rangers,Remo Stars,Remo Stars,Enugu Rangers,Chibuzor Abubakar,RW,29,8,8,Pass,54.39,69.04,Complete,0.0
910,2,Enugu Rangers,Remo Stars,Enugu Rangers,Remo Stars,Joseph Lawal,RB,22,8,25,Offside,43.1,68.8,Complete,0.0
911,2,Enugu Rangers,Remo Stars,Enugu Rangers,Remo Stars,Success Okonkwo,GK,24,8,29,Shot,111.12,23.48,Off Target,0.292
912,2,Enugu Rangers,Remo Stars,Remo Stars,Enugu Rangers,Bayo Afolabi,CB,12,8,31,Pass,43.08,24.51,Complete,0.0
913,2,Enugu Rangers,Remo Stars,Enugu Rangers,Remo Stars,Success Ogundele,CM,20,8,33,Pass,13.61,80.0,Complete,0.0
914,2,Enugu Rangers,Remo Stars,Remo Stars,Enugu Rangers,Samuel Adebayo,CDM,2,8,36,Progressive Pass,24.57,28.8,Complete,0.0
915,2,Enugu Rangers,Remo Stars,Enugu Rangers,Remo Stars,Success Ogundele,CM,20,8,47,Interception,32.31,0.0,Complete,0.0
916,2,Enugu Rangers,Remo Stars,Enugu Rangers,Remo Stars,Chibuzor Chukwuma,CB,2,9,2,Interception,17.29,59.82,Complete,0.0
917,2,Enugu Rangers,Remo Stars,Enugu Rangers,Remo Stars,Victor Okafor,RW,18,9,4,Dangerous Pass,110.23,24.91,Complete,0.0
918,2,Enugu Rangers,Remo Stars,Remo Stars,Enugu Rangers,Adewale Usman,CM,3,9,9,Dangerous Pass,112.15,15.48,Complete,0.0
919,2,Enugu Rangers,Remo Stars,Remo Stars,Enugu Rangers,Godwin Garba,LW,11,9,20,Pass,29.4,38.49,Complete,0.0
920,2,Enugu Rangers,Remo Stars,Remo Stars,Enugu Rangers,Obinna Sanni,RB,26,9,20,Tackle,77.68,59.77,Complete,0.0
921,2,Enugu Rangers,Remo Stars,Enugu Rangers,Remo Stars,Success Okonkwo,GK,24,9,24,Progressive Pass,58.41,14.81,Complete,0.0
922,2,Enugu Rangers,Remo Stars,Enugu Rangers,Remo Stars,Uche Mohammed,CAM,16,9,25,Progressive Pass,85.66,10.97,Incomplete,0.0
923,2,Enugu Rangers,Remo Stars,Remo Stars,Enugu Rangers,Rasheed Ojo,CM,1,9,30,Cross,78.93,28.19,Complete,0.0
924,2,Enugu Rangers,Remo Stars,Remo Stars,Enugu Rangers,Godwin Garba,LW,11,9,34,Dangerous Pass,94.44,0.0,Complete,0.0
925,2,Enugu Rangers,Remo Stars,Enugu Rangers,Remo Stars,Success Okonkwo,GK,24,9,40,Interception,67.9,42.24,Complete,0.0
926,2,Enugu Rangers,Remo Stars,Enugu Rangers,Remo Stars,Suleiman Abubakar,CDM,6,9,41,Shot,110.61,47.66,Off Target,0.365
927,2,Enugu Rangers,Remo Stars,Remo Stars,Enugu Rangers,Godwin Garba,LW,11,9,42,Foul,87.87,59.88,Complete,0.0
928,2,Enugu Rangers,Remo Stars,Enugu Rangers,Remo Stars,Kelechi Ndukwe,CB,12,10,12,Progressive Pass,34.97,58.08,Complete,0.0
929,2,Enugu Rangers,Remo Stars,Enugu Rangers,Remo Stars,Kunle Onuoha,LB,19,10,12,Pass,23.36,71.02,Incomplete,0.0
930,2,Enugu Rangers,Remo Stars,Enugu Rangers,Remo Stars,Chibuzor Chukwuma,CB,2,10,19,Turnover,47.76,23.37,Complete,0.0
931,2,Enugu Rangers,Remo Stars,Remo Stars,Enugu Rangers,Chibuzor Abubakar,RW,29,10,27,Pass,114.56,13.47,Complete,0.0
932,2,Enugu Rangers,Remo Stars,Enugu Rangers,Remo Stars,Chidi Okonkwo,RB,28,10,35,Turnover,56.34,40.6,Complete,0.0
933,2,Enugu Rangers,Remo Stars,Remo Stars,Enugu Rangers,Suleiman Garba,LW,6,10,40,Interception,11.8,17.06,Complete,0.0
934,2,Enugu Rangers,Remo Stars,Enugu Rangers,Remo Stars,Rasheed Adebayo,CB,11,10,41,Interception,32.77,69.72,Complete,0.0
935,2,Enugu Rangers,Remo Stars,Enugu Rangers,Remo Stars,Suleiman Abubakar,CDM,6,10,43,Pass,89.99,48.2,Complete,0.0
936,2,Enugu Rangers,Remo Stars,Enugu Rangers,Remo Stars,Uche Mohammed,CAM,16,10,44,Yellow Card,110.76,46.47,Complete,0.0
937,2,Enugu Rangers,Remo Stars,Remo Stars,Enugu Rangers,Bayo Afolabi,CB,12,10,45,Interception,54.55,19.27,Complete,0.0
938,2,Enugu Rangers,Remo Stars,Remo Stars,Enugu Rangers,Bayo Afolabi,CB,12,10,46,Turnover,44.66,51.08,Complete,0.0
939,2,Enugu Rangers,Remo Stars,Remo Stars,Enugu Rangers,Tunde Etim,RW,4,10,50,Corner,77.35,11.82,Complete,0.0
940,2,Enugu Rangers,Remo Stars,Enugu Rangers,Remo Stars,Suleiman Abubakar,CDM,6,10,58,Pass,75.12,57.29,Complete,0.0
941,2,Enugu Rangers,Remo Stars,Remo Stars,Enugu Rangers,Samuel Adebayo,CDM,2,11,2,Turnover,57.1,63.77,Complete,0.0
942,2,Enugu Rangers,Remo Stars,Remo Stars,Enugu Rangers,Adewale Usman,CM,3,11,3,Pass,72.84,53.91,Complete,0.0
943,2,Enugu Rangers,Remo Stars,Remo Stars,Enugu Rangers,Femi Ekong,LB,16,11,13,Interception,31.33,18.41,Complete,0.0
944,2,Enugu Rangers,Remo Stars,Enugu Rangers,Remo Stars,Chidi Okonkwo,RB,28,11,28,Pass,52.99,0.0,Incomplete,0.0
945,2,Enugu Rangers,Remo Stars,Remo Stars,Enugu Rangers,Emeka Lawal,RW,20,11,34,Cross,113.12,58.41,Complete,0.0
946,2,Enugu Rangers,Remo Stars,Enugu Rangers,Remo Stars,Chidi Okonkwo,RB,28,11,38,Pass,91.03,54.37,Incomplete,0.0
947,2,Enugu Rangers,Remo Stars,Remo Stars,Enugu Rangers,Rasheed Ojo,CM,1,11,53,Pass,2.47,80.0,Complete,0.0
948,2,Enugu Rangers,Remo Stars,Remo Stars,Enugu Rangers,Rasheed Ojo,CM,1,12,2,Pass,26.55,58.89,Complete,0.0
949,2,Enugu Rangers,Remo Stars,Enugu Rangers,Remo Stars,Kunle Onuoha,LB,19,12,14,Progressive Pass,55.83,21.6,Complete,0.0
950,2,Enugu Rangers,Remo Stars,Enugu Rangers,Remo Stars,Success Okonkwo,GK,24,12,20,Successful Dribble,8.64,35.05,Complete,0.0
951,2,Enugu Rangers,Remo Stars,Enugu Rangers,Remo Stars,Joseph Lawal,RB,22,12,22,Foul,57.81,33.73,Complete,0.0
952,2,Enugu Rangers,Remo Stars,Remo Stars,Enugu Rangers,Godwin Garba,LW,11,12,39,Interception,80.19,34.04,Complete,0.0
953,2,Enugu Rangers,Remo Stars,Enugu Rangers,Remo Stars,Success Ogundele,CM,20,12,48,Offside,29.33,34.75,Complete,0.0
954,2,Enugu Rangers,Remo Stars,Enugu Rangers,Remo Stars,Success Eze,LW,9,12,53,Tackle,82.62,79.24,Complete,0.0
955,2,Enugu Rangers,Remo Stars,Enugu Rangers,Remo Stars,Chibuzor Chukwuma,CB,2,12,53,Pass,30.61,57.36,Complete,0.0
956,2,Enugu Rangers,Remo Stars,Remo Stars,Enugu Rangers,Femi Ekong,LB,16,12,55,Tackle,48.58,25.58,Complete,0.0
957,2,Enugu Rangers,Remo Stars,Remo Stars,Enugu Rangers,Obinna Egwuekwe,RB,15,13,3,Foul,73.4,42.92,Complete,0.0
958,2,Enugu Rangers,Remo Stars,Remo Stars,Enugu Rangers,Femi Ekong,LB,16,13,8,Pass,17.94,23.66,Complete,0.0
959,2,Enugu Rangers,Remo Stars,Remo Stars,Enugu Rangers,Femi Ekong,LB,16,13,23,Shot,115.34,53.65,Off Target,0.34
960,2,Enugu Rangers,Remo Stars,Remo Stars,Enugu Rangers,Chidi Mustapha,CM,25,13,53,Successful Dribble,26.72,22.34,Complete,0.0
961,2,Enugu Rangers,Remo Stars,Enugu Rangers,Remo Stars,Rasheed Adebayo,CB,11,13,59,Progressive Pass,61.55,29.53,Complete,0.0
962,2,Enugu Rangers,Remo Stars,Enugu Rangers,Remo Stars,Success Ogundele,CM,20,14,6,Turnover,42.95,69.26,Complete,0.0
963,2,Enugu Rangers,Remo Stars,Remo Stars,Enugu Rangers,Daniel Chukwuma,RW,7,14,12,Progressive Pass,53.84,62.94,Complete,0.0
964,2,Enugu Rangers,Remo Stars,Remo Stars,Enugu Rangers,Daniel Chukwuma,RW,7,14,22,Successful Dribble,94.57,31.6,Complete,0.0
965,2,Enugu Rangers,Remo Stars,Remo Stars,Enugu Rangers,Suleiman Garba,LW,6,14,36,Interception,48.32,38.09,Complete,0.0
966,2,Enugu Rangers,Remo Stars,Enugu Rangers,Remo Stars,Wale Egwuekwe,CAM,21,14,40,Pass,107.0,26.96,Complete,0.0
967,2,Enugu Rangers,Remo Stars,Enugu Rangers,Remo Stars,Rasheed Adebayo,CB,11,14,50,Pass,86.59,50.24,Incomplete,0.0
968,2,Enugu Rangers,Remo Stars,Enugu Rangers,Remo Stars,Emmanuel Okafor,LW,4,14,50,Pass,45.72,12.01,Complete,0.0
969,2,Enugu Rangers,Remo Stars,Enugu Rangers,Remo Stars,Chibuzor Chukwuma,CB,2,14,58,Foul,30.33,69.72,Complete,0.0
970,2,Enugu Rangers,Remo Stars,Remo Stars,Enugu Rangers,Tunde Etim,RW,4,14,59,Goal,89.45,44.15,Goal,0.257
971,2,Enugu Rangers,Remo Stars,Remo Stars,Enugu Rangers,Bayo Afolabi,CB,12,15,13,Dangerous Pass,75.67,17.38,Complete,0.0
972,2,Enugu Rangers,Remo Stars,Remo Stars,Enugu Rangers,Samuel Adebayo,CDM,2,15,14,Interception,79.3,33.08,Complete,0.0
973,2,Enugu Rangers,Remo Stars,Enugu Rangers,Remo Stars,Kunle Onuoha,LB,19,15,16,Corner,70.14,25.38,Complete,0.0
974,2,Enugu Rangers,Remo Stars,Remo Stars,Enugu Rangers,Emeka Lawal,RW,20,15,42,Pass,20.6,80.0,Complete,0.0
975,2,Enugu Rangers,Remo Stars,Enugu Rangers,Remo Stars,Victor Okafor,RW,18,15,42,Interception,11.9,19.93,Complete,0.0
976,2,Enugu Rangers,Remo Stars,Remo Stars,Enugu Rangers,Bayo Afolabi,CB,12,15,47,Pass,1.77,15.15,Complete,0.0
977,2,Enugu Rangers,Remo Stars,Remo Stars,Enugu Rangers,Suleiman Garba,LW,6,15,50,Pass,1.47,35.03,Complete,0.0
978,2,Enugu Rangers,Remo Stars,Enugu Rangers,Remo Stars,Success Eze,LW,9,15,51,Pass,1.21,64.78,Complete,0.0
979,2,Enugu Rangers,Remo Stars,Enugu Rangers,Remo Stars,Success Okonkwo,GK,24,16,2,Pass,69.35,49.23,Complete,0.0
980,2,Enugu Rangers,Remo Stars,Enugu Rangers,Remo Stars,Success Eze,LW,9,16,23,Pass,32.6,44.11,Complete,0.0
981,2,Enugu Rangers,Remo Stars,Remo Stars,Enugu Rangers,Godwin Garba,LW,11,16,26,Dangerous Pass,90.08,41.42,Complete,0.0
982,2,Enugu Rangers,Remo Stars,Remo Stars,Enugu Rangers,Daniel Chukwuma,RW,7,16,26,Pass,106.22,47.66,Complete,0.0
983,2,Enugu Rangers,Remo Stars,Remo Stars,Enugu Rangers,Yemi Sanni,RW,14,16,28,Corner,86.73,44.9,Complete,0.0
984,2,Enugu Rangers,Remo Stars,Remo Stars,Enugu Rangers,Chibuzor Abubakar,RW,29,16,31,Cross,70.81,49.14,Complete,0.0
985,2,Enugu Rangers,Remo Stars,Enugu Rangers,Remo Stars,Victor Okafor,RW,18,16,35,Progressive Pass,1.02,51.71,Complete,0.0
986,2,Enugu Rangers,Remo Stars,Enugu Rangers,Remo Stars,Success Eze,LW,9,16,35,Turnover,35.38,37.13,Complete,0.0
987,2,Enugu Rangers,Remo Stars,Remo Stars,Enugu Rangers,Adewale Usman,CM,3,16,36,Dangerous Pass,106.37,17.95,Incomplete,0.0
988,2,Enugu Rangers,Remo Stars,Enugu Rangers,Remo Stars,Success Ogundele,CM,20,16,43,Interception,39.98,80.0,Complete,0.0
989,2,Enugu Rangers,Remo Stars,Enugu Rangers,Remo Stars,Kunle Onuoha,LB,19,16,54,Successful Dribble,24.19,59.4,Complete,0.0
990,2,Enugu Rangers,Remo Stars,Remo Stars,Enugu Rangers,Daniel Oyelaran,RB,19,17,9,Dangerous Pass,93.67,41.71,Incomplete,0.0
991,2,Enugu Rangers,Remo Stars,Enugu Rangers,Remo Stars,Chidi Okonkwo,RB,28,17,31,Successful Dribble,18.57,61.08,Complete,0.0
992,2,Enugu Rangers,Remo Stars,Remo Stars,Enugu Rangers,Suleiman Garba,LW,6,17,53,Shot on Target,102.43,48.52,Off Target,0.283
993,2,Enugu Rangers,Remo Stars,Enugu Rangers,Remo Stars,Kelechi Ndukwe,CB,12,17,58,Shot,100.64,31.2,On Target,0.264
994,2,Enugu Rangers,Remo Stars,Enugu Rangers,Remo Stars,Success Okonkwo,GK,24,17,58,Tackle,49.19,48.46,Complete,0.0
995,2,Enugu Rangers,Remo Stars,Remo Stars,Enugu Rangers,Adewale Usman,CM,3,18,15,Turnover,22.99,56.24,Complete,0.0
996,2,Enugu Rangers,Remo Stars,Remo Stars,Enugu Rangers,Suleiman Garba,LW,6,18,18,Tackle,63.56,28.79,Complete,0.0
997,2,Enugu Rangers,Remo Stars,Enugu Rangers,Remo Stars,Joseph Lawal,RB,22,18,20,Pass,23.07,41.92,Complete,0.0
998,2,Enugu Rangers,Remo Stars,Remo Stars,Enugu Rangers,Adewale Usman,CM,3,18,21,Turnover,24.06,54.89,Complete,0.0
999,2,Enugu Rangers,Remo Stars,Remo Stars,Enugu Rangers,Emeka Lawal,RW,20,18,22,Tackle,21.16,5.56,Complete,0.0
1000,2,Enugu Rangers,Remo Stars,Remo Stars,Enugu Rangers,Adewale Usman,CM,3,18,23,Foul,69.45,32.01,Complete,0.0
1001,2,Enugu Rangers,Remo Stars,Remo Stars,Enugu Rangers,Samuel Adebayo,CDM,2,18,27,Pass,14.78,34.19,Complete,0.0
1002,2,Enugu Rangers,Remo Stars,Enugu Rangers,Remo Stars,Victor Okafor,RW,18,18,31,Progressive Pass,5.21,33.5,Complete,0.0
1003,2,Enugu Rangers,Remo Stars,Remo Stars,Enugu Rangers,Adewale Usman,CM,3,18,34,Successful Dribble,92.72,29.31,Complete,0.0
1004,2,Enugu Rangers,Remo Stars,Enugu Rangers,Remo Stars,Victor Okafor,RW,18,18,37,Turnover,46.68,17.18,Complete,0.0
1005,2,Enugu Rangers,Remo Stars,Remo Stars,Enugu Rangers,Bayo Afolabi,CB,12,18,44,Corner,87.78,9.89,Complete,0.0
1006,2,Enugu Rangers,Remo Stars,Enugu Rangers,Remo Stars,Emmanuel Okafor,LW,4,19,11,Foul,35.65,43.26,Complete,0.0
1007,2,Enugu Rangers,Remo Stars,Enugu Rangers,Remo Stars,Rasheed Adebayo,CB,11,19,15,Turnover,87.98,74.7,Complete,0.0
1008,2,Enugu Rangers,Remo Stars,Remo Stars,Enugu Rangers,Obinna Egwuekwe,RB,15,19,19,Successful Dribble,6.55,40.88,Complete,0.0
1009,2,Enugu Rangers,Remo Stars,Remo Stars,Enugu Rangers,Tunde Etim,RW,4,19,31,Turnover,73.05,35.19,Complete,0.0
1010,2,Enugu Rangers,Remo Stars,Remo Stars,Enugu Rangers,Obinna Sanni,RB,26,19,33,Pass,74.4,79.34,Complete,0.0
1011,2,Enugu Rangers,Remo Stars,Remo Stars,Enugu Rangers,Yemi Sanni,RW,14,19,34,Tackle,66.54,32.92,Complete,0.0
1012,2,Enugu Rangers,Remo Stars,Enugu Rangers,Remo Stars,Ifeanyi Balogun,LB,14,19,37,Successful Dribble,88.79,20.86,Complete,0.0
1013,2,Enugu Rangers,Remo Stars,Enugu Rangers,Remo Stars,Rasheed Adebayo,CB,11,19,47,Tackle,87.25,32.2,Complete,0.0
1014,2,Enugu Rangers,Remo Stars,Remo Stars,Enugu Rangers,Femi Ekong,LB,16,19,56,Progressive Pass,83.49,12.6,Complete,0.0
1015,2,Enugu Rangers,Remo Stars,Remo Stars,Enugu Rangers,Samuel Adebayo,CDM,2,19,57,Dangerous Pass,99.21,38.98,Complete,0.0
1016,2,Enugu Rangers,Remo Stars,Remo Stars,Enugu Rangers,Emeka Lawal,RW,20,19,59,Yellow Card,118.87,7.08,Complete,0.0
1017,2,Enugu Rangers,Remo Stars,Enugu Rangers,Remo Stars,Wale Egwuekwe,CAM,21,20,0,Pass,45.21,59.88,Complete,0.0
1018,2,Enugu Rangers,Remo Stars,Enugu Rangers,Remo Stars,Uche Mohammed,CAM,16,20,3,Pass,14.87,62.2,Complete,0.0
1019,2,Enugu Rangers,Remo Stars,Enugu Rangers,Remo Stars,Chibuzor Chukwuma,CB,2,20,5,Shot on Target,107.12,35.12,Off Target,0.347
1020,2,Enugu Rangers,Remo Stars,Enugu Rangers,Remo Stars,Victor Okonkwo,GK,29,20,7,Pass,62.24,19.89,Incomplete,0.0
1021,2,Enugu Rangers,Remo Stars,Enugu Rangers,Remo Stars,Success Ogundele,CM,20,20,19,Cross,110.17,34.79,Complete,0.0
1022,2,Enugu Rangers,Remo Stars,Remo Stars,Enugu Rangers,Bayo Afolabi,CB,12,20,22,Progressive Pass,7.3,41.63,Complete,0.0
1023,2,Enugu Rangers,Remo Stars,Remo Stars,Enugu Rangers,Rasheed Ojo,CM,1,20,27,Pass,13.87,25.34,Complete,0.0
1024,2,Enugu Rangers,Remo Stars,Enugu Rangers,Remo Stars,Wale Egwuekwe,CAM,21,20,28,Progressive Pass,1.23,60.92,Complete,0.0
1025,2,Enugu Rangers,Remo Stars,Remo Stars,Enugu Rangers,Bayo Afolabi,CB,12,20,39,Interception,62.28,33.86,Complete,0.0
1026,2,Enugu Rangers,Remo Stars,Remo Stars,Enugu Rangers,Suleiman Garba,LW,6,20,45,Interception,50.7,24.03,Complete,0.0
1027,2,Enugu Rangers,Remo Stars,Remo Stars,Enugu Rangers,Chibuzor Abubakar,RW,29,20,58,Pass,86.03,70.72,Complete,0.0
1028,2,Enugu Rangers,Remo Stars,Enugu Rangers,Remo Stars,Wale Egwuekwe,CAM,21,21,0,Pass,110.68,25.62,Complete,0.0
1029,2,Enugu Rangers,Remo Stars,Remo Stars,Enugu Rangers,Bayo Afolabi,CB,12,21,3,Pass,76.97,11.97,Complete,0.0
1030,2,Enugu Rangers,Remo Stars,Enugu Rangers,Remo Stars,Wale Egwuekwe,CAM,21,21,19,Pass,26.09,48.78,Complete,0.0
1031,2,Enugu Rangers,Remo Stars,Enugu Rangers,Remo Stars,Success Eze,LW,9,21,22,Foul,56.72,32.43,Complete,0.0
1032,2,Enugu Rangers,Remo Stars,Enugu Rangers,Remo Stars,Chidi Okonkwo,RB,28,21,28,Pass,71.96,39.65,Complete,0.0
1033,2,Enugu Rangers,Remo Stars,Remo Stars,Enugu Rangers,Obinna Sanni,RB,26,21,34,Dangerous Pass,80.87,39.98,Complete,0.0
1034,2,Enugu Rangers,Remo Stars,Enugu Rangers,Remo Stars,Ifeanyi Balogun,LB,14,21,40,Pass,78.26,43.69,Complete,0.0
1035,2,Enugu Rangers,Remo Stars,Enugu Rangers,Remo Stars,Kelechi Ndukwe,CB,12,21,41,Progressive Pass,48.34,36.49,Complete,0.0
1036,2,Enugu Rangers,Remo Stars,Enugu Rangers,Remo Stars,Victor Okonkwo,GK,29,21,44,Foul,62.81,28.29,Complete,0.0
1037,2,Enugu Rangers,Remo Stars,Enugu Rangers,Remo Stars,Emmanuel Okafor,LW,4,21,46,Tackle,67.22,38.1,Complete,0.0
1038,2,Enugu Rangers,Remo Stars,Remo Stars,Enugu Rangers,Tunde Etim,RW,4,22,4,Pass,59.29,50.36,Complete,0.0
1039,2,Enugu Rangers,Remo Stars,Enugu Rangers,Remo Stars,Success Ogundele,CM,20,22,14,Turnover,12.17,52.23,Complete,0.0
1040,2,Enugu Rangers,Remo Stars,Remo Stars,Enugu Rangers,Chidi Mustapha,CM,25,22,22,Pass,66.4,0.0,Incomplete,0.0
1041,2,Enugu Rangers,Remo Stars,Remo Stars,Enugu Rangers,Rasheed Ojo,CM,1,22,25,Tackle,27.36,41.85,Complete,0.0
1042,2,Enugu Rangers,Remo Stars,Remo Stars,Enugu Rangers,Godwin Garba,LW,11,22,31,Foul,74.93,47.99,Complete,0.0
1043,2,Enugu Rangers,Remo Stars,Enugu Rangers,Remo Stars,Kunle Onuoha,LB,19,22,36,Pass,50.1,50.96,Incomplete,0.0
1044,2,Enugu Rangers,Remo Stars,Enugu Rangers,Remo Stars,Suleiman Abubakar,CDM,6,22,41,Pass,47.9,42.73,Incomplete,0.0
1045,2,Enugu Rangers,Remo Stars,Remo Stars,Enugu Rangers,Godwin Garba,LW,11,22,47,Pass,90.81,80.0,Complete,0.0
1046,2,Enugu Rangers,Remo Stars,Remo Stars,Enugu Rangers,Suleiman Garba,LW,6,22,51,Turnover,23.24,15.56,Complete,0.0
1047,2,Enugu Rangers,Remo Stars,Enugu Rangers,Remo Stars,Success Ogundele,CM,20,22,57,Big Chance,105.0,32.33,Off Target,0.563
1048,2,Enugu Rangers,Remo Stars,Enugu Rangers,Remo Stars,Success Okonkwo,GK,24,23,13,Turnover,40.55,63.18,Complete,0.0
1049,2,Enugu Rangers,Remo Stars,Enugu Rangers,Remo Stars,Ifeanyi Balogun,LB,14,23,17,Turnover,39.53,30.27,Complete,0.0
1050,2,Enugu Rangers,Remo Stars,Enugu Rangers,Remo Stars,Suleiman Abubakar,CDM,6,23,27,Tackle,43.79,52.43,Complete,0.0
1051,2,Enugu Rangers,Remo Stars,Enugu Rangers,Remo Stars,Ifeanyi Balogun,LB,14,23,31,Pass,0.66,75.48,Complete,0.0
1052,2,Enugu Rangers,Remo Stars,Remo Stars,Enugu Rangers,Tunde Etim,RW,4,24,0,Pass,14.87,49.57,Complete,0.0
1053,2,Enugu Rangers,Remo Stars,Enugu Rangers,Remo Stars,Joseph Lawal,RB,22,24,1,Shot,113.19,40.26,On Target,0.424
1054,2,Enugu Rangers,Remo Stars,Remo Stars,Enugu Rangers,Emeka Lawal,RW,20,24,17,Offside,55.06,77.02,Complete,0.0
1055,2,Enugu Rangers,Remo Stars,Enugu Rangers,Remo Stars,Chidi Okonkwo,RB,28,24,32,Pass,65.44,61.65,Complete,0.0
1056,2,Enugu Rangers,Remo Stars,Remo Stars,Enugu Rangers,Chidi Mustapha,CM,25,24,32,Pass,108.96,64.55,Complete,0.0
1057,2,Enugu Rangers,Remo Stars,Enugu Rangers,Remo Stars,Wale Egwuekwe,CAM,21,24,34,Interception,43.39,15.74,Complete,0.0
1058,2,Enugu Rangers,Remo Stars,Enugu Rangers,Remo Stars,Emmanuel Okafor,LW,4,24,37,Shot,109.08,23.02,Off Target,0.276
1059,2,Enugu Rangers,Remo Stars,Enugu Rangers,Remo Stars,Success Okonkwo,GK,24,24,39,Shot,105.72,60.69,Off Target,0.221
1060,2,Enugu Rangers,Remo Stars,Enugu Rangers,Remo Stars,Victor Okonkwo,GK,29,24,41,Tackle,25.65,0.0,Complete,0.0
1061,2,Enugu Rangers,Remo Stars,Enugu Rangers,Remo Stars,Chibuzor Chukwuma,CB,2,24,44,Shot,96.46,38.87,On Target,0.238
1062,2,Enugu Rangers,Remo Stars,Enugu Rangers,Remo Stars,Kunle Onuoha,LB,19,24,47,Successful Dribble,61.67,63.62,Complete,0.0
1063,2,Enugu Rangers,Remo Stars,Enugu Rangers,Remo Stars,Rasheed Adebayo,CB,11,24,58,Successful Dribble,65.25,50.13,Complete,0.0
1064,2,Enugu Rangers,Remo Stars,Enugu Rangers,Remo Stars,Chidi Okonkwo,RB,28,25,21,Shot,115.14,51.63,Off Target,0.36
1065,2,Enugu Rangers,Remo Stars,Enugu Rangers,Remo Stars,Ifeanyi Balogun,LB,14,25,31,Pass,12.61,45.48,Complete,0.0
1066,2,Enugu Rangers,Remo Stars,Remo Stars,Enugu Rangers,Chidi Mustapha,CM,25,25,36,Shot on Target,119.98,47.85,Off Target,0.413
1067,2,Enugu Rangers,Remo Stars,Enugu Rangers,Remo Stars,Joseph Lawal,RB,22,25,43,Pass,37.37,28.84,Incomplete,0.0
1068,2,Enugu Rangers,Remo Stars,Remo Stars,Enugu Rangers,Daniel Chukwuma,RW,7,25,44,Pass,70.7,58.36,Complete,0.0
1069,2,Enugu Rangers,Remo Stars,Remo Stars,Enugu Rangers,Emeka Lawal,RW,20,25,49,Shot,106.0,31.11,On Target,0.316
1070,2,Enugu Rangers,Remo Stars,Enugu Rangers,Remo Stars,Suleiman Abubakar,CDM,6,25,50,Pass,109.66,18.56,Complete,0.0
1071,2,Enugu Rangers,Remo Stars,Enugu Rangers,Remo Stars,Uche Mohammed,CAM,16,25,57,Interception,41.19,22.49,Complete,0.0
1072,2,Enugu Rangers,Remo Stars,Remo Stars,Enugu Rangers,Obinna Egwuekwe,RB,15,26,0,Pass,93.76,70.8,Complete,0.0
1073,2,Enugu Rangers,Remo Stars,Remo Stars,Enugu Rangers,Bayo Afolabi,CB,12,26,7,Foul,65.4,55.35,Complete,0.0
1074,2,Enugu Rangers,Remo Stars,Enugu Rangers,Remo Stars,Chidi Okonkwo,RB,28,26,7,Progressive Pass,17.33,43.89,Incomplete,0.0
1075,2,Enugu Rangers,Remo Stars,Remo Stars,Enugu Rangers,Godwin Garba,LW,11,26,8,Pass,18.75,49.11,Complete,0.0
1076,2,Enugu Rangers,Remo Stars,Enugu Rangers,Remo Stars,Kunle Onuoha,LB,19,26,10,Pass,95.69,51.23,Complete,0.0
1077,2,Enugu Rangers,Remo Stars,Remo Stars,Enugu Rangers,Obinna Sanni,RB,26,26,21,Successful Dribble,101.58,52.51,Complete,0.0
1078,2,Enugu Rangers,Remo Stars,Remo Stars,Enugu Rangers,Femi Ekong,LB,16,26,23,Pass,54.76,47.03,Incomplete,0.0
1079,2,Enugu Rangers,Remo Stars,Enugu Rangers,Remo Stars,Wale Egwuekwe,CAM,21,26,23,Pass,98.27,62.63,Complete,0.0
1080,2,Enugu Rangers,Remo Stars,Enugu Rangers,Remo Stars,Success Ogundele,CM,20,26,29,Yellow Card,105.35,55.47,Complete,0.0
1081,2,Enugu Rangers,Remo Stars,Remo Stars,Enugu Rangers,Femi Ekong,LB,16,26,32,Dangerous Pass,105.51,52.54,Complete,0.0
1082,2,Enugu Rangers,Remo Stars,Enugu Rangers,Remo Stars,Victor Okonkwo,GK,29,26,34,Pass,94.88,24.72,Complete,0.0
1083,2,Enugu Rangers,Remo Stars,Remo Stars,Enugu Rangers,Adewale Usman,CM,3,26,37,Pass,100.27,73.33,Incomplete,0.0
1084,2,Enugu Rangers,Remo Stars,Enugu Rangers,Remo Stars,Uche Mohammed,CAM,16,26,42,Corner,117.39,38.12,Complete,0.0
1085,2,Enugu Rangers,Remo Stars,Remo Stars,Enugu Rangers,Obinna Sanni,RB,26,26,54,Progressive Pass,110.2,46.61,Complete,0.0
1086,2,Enugu Rangers,Remo Stars,Remo Stars,Enugu Rangers,Godwin Garba,LW,11,26,56,Corner,84.37,19.94,Complete,0.0
1087,2,Enugu Rangers,Remo Stars,Remo Stars,Enugu Rangers,Chidi Mustapha,CM,25,27,5,Foul,37.14,44.18,Complete,0.0
1088,2,Enugu Rangers,Remo Stars,Remo Stars,Enugu Rangers,Bayo Afolabi,CB,12,27,12,Cross,71.77,35.36,Incomplete,0.0
1089,2,Enugu Rangers,Remo Stars,Enugu Rangers,Remo Stars,Suleiman Abubakar,CDM,6,27,22,Tackle,47.81,52.32,Complete,0.0
1090,2,Enugu Rangers,Remo Stars,Remo Stars,Enugu Rangers,Yemi Sanni,RW,14,27,22,Progressive Pass,62.57,22.85,Complete,0.0
1091,2,Enugu Rangers,Remo Stars,Remo Stars,Enugu Rangers,Femi Ekong,LB,16,27,23,Progressive Pass,33.22,52.23,Complete,0.0
1092,2,Enugu Rangers,Remo Stars,Remo Stars,Enugu Rangers,Emeka Lawal,RW,20,27,28,Shot on Target,95.18,42.49,On Target,0.223
1093,2,Enugu Rangers,Remo Stars,Remo Stars,Enugu Rangers,Obinna Sanni,RB,26,27,33,Progressive Pass,108.21,42.74,Complete,0.0
1094,2,Enugu Rangers,Remo Stars,Enugu Rangers,Remo Stars,Uche Mohammed,CAM,16,27,34,Pass,92.41,44.08,Incomplete,0.0
1095,2,Enugu Rangers,Remo Stars,Enugu Rangers,Remo Stars,Success Okonkwo,GK,24,27,59,Progressive Pass,23.61,3.88,Complete,0.0
1096,2,Enugu Rangers,Remo Stars,Enugu Rangers,Remo Stars,Wale Egwuekwe,CAM,21,28,6,Successful Dribble,61.51,24.95,Complete,0.0
1097,2,Enugu Rangers,Remo Stars,Enugu Rangers,Remo Stars,Victor Okonkwo,GK,29,28,7,Turnover,40.75,52.38,Complete,0.0
1098,2,Enugu Rangers,Remo Stars,Remo Stars,Enugu Rangers,Chibuzor Abubakar,RW,29,28,7,Turnover,45.2,34.87,Complete,0.0
1099,2,Enugu Rangers,Remo Stars,Enugu Rangers,Remo Stars,Kelechi Ndukwe,CB,12,28,18,Offside,111.47,20.62,Complete,0.0
1100,2,Enugu Rangers,Remo Stars,Enugu Rangers,Remo Stars,Suleiman Abubakar,CDM,6,28,19,Offside,44.54,34.54,Complete,0.0
1101,2,Enugu Rangers,Remo Stars,Enugu Rangers,Remo Stars,Rasheed Adebayo,CB,11,28,20,Cross,90.87,50.46,Complete,0.0
1102,2,Enugu Rangers,Remo Stars,Remo Stars,Enugu Rangers,Bayo Afolabi,CB,12,28,21,Interception,35.7,36.34,Complete,0.0
1103,2,Enugu Rangers,Remo Stars,Remo Stars,Enugu Rangers,Obinna Sanni,RB,26,28,32,Pass,68.69,21.05,Incomplete,0.0
1104,2,Enugu Rangers,Remo Stars,Enugu Rangers,Remo Stars,Success Eze,LW,9,28,36,Progressive Pass,113.4,23.7,Complete,0.0
1105,2,Enugu Rangers,Remo Stars,Enugu Rangers,Remo Stars,Joseph Lawal,RB,22,28,39,Pass,77.81,13.14,Complete,0.0
1106,2,Enugu Rangers,Remo Stars,Remo Stars,Enugu Rangers,Suleiman Garba,LW,6,28,40,Shot,110.92,40.9,Off Target,0.399
1107,2,Enugu Rangers,Remo Stars,Enugu Rangers,Remo Stars,Kunle Onuoha,LB,19,28,50,Interception,22.86,46.48,Complete,0.0
1108,2,Enugu Rangers,Remo Stars,Remo Stars,Enugu Rangers,Godwin Garba,LW,11,28,52,Tackle,44.73,73.49,Complete,0.0
1109,2,Enugu Rangers,Remo Stars,Remo Stars,Enugu Rangers,Chibuzor Abubakar,RW,29,29,5,Offside,107.87,22.88,Complete,0.0
1110,2,Enugu Rangers,Remo Stars,Enugu Rangers,Remo Stars,Kelechi Ndukwe,CB,12,29,6,Progressive Pass,114.7,49.2,Complete,0.0
1111,2,Enugu Rangers,Remo Stars,Enugu Rangers,Remo Stars,Success Okonkwo,GK,24,29,15,Turnover,54.01,43.28,Complete,0.0
1112,2,Enugu Rangers,Remo Stars,Remo Stars,Enugu Rangers,Daniel Oyelaran,RB,19,29,17,Shot,92.67,25.83,Off Target,0.158
1113,2,Enugu Rangers,Remo Stars,Enugu Rangers,Remo Stars,Chibuzor Chukwuma,CB,2,29,17,Shot,88.23,41.11,Off Target,0.147
1114,2,Enugu Rangers,Remo Stars,Enugu Rangers,Remo Stars,Joseph Lawal,RB,22,29,17,Pass,38.13,24.54,Complete,0.0
1115,2,Enugu Rangers,Remo Stars,Enugu Rangers,Remo Stars,Rasheed Adebayo,CB,11,29,24,Tackle,12.54,27.8,Complete,0.0
1116,2,Enugu Rangers,Remo Stars,Enugu Rangers,Remo Stars,Chidi Okonkwo,RB,28,29,28,Cross,94.07,13.26,Complete,0.0
1117,2,Enugu Rangers,Remo Stars,Enugu Rangers,Remo Stars,Uche Mohammed,CAM,16,29,31,Pass,33.93,0.0,Complete,0.0
1118,2,Enugu Rangers,Remo Stars,Remo Stars,Enugu Rangers,Tunde Etim,RW,4,29,53,Progressive Pass,42.22,19.54,Complete,0.0
1119,2,Enugu Rangers,Remo Stars,Enugu Rangers,Remo Stars,Joseph Lawal,RB,22,30,5,Tackle,15.1,36.92,Complete,0.0
1120,2,Enugu Rangers,Remo Stars,Remo Stars,Enugu Rangers,Obinna Sanni,RB,26,30,7,Pass,117.2,36.77,Incomplete,0.0
1121,2,Enugu Rangers,Remo Stars,Enugu Rangers,Remo Stars,Suleiman Abubakar,CDM,6,30,15,Dangerous Pass,116.15,37.69,Incomplete,0.0
1122,2,Enugu Rangers,Remo Stars,Enugu Rangers,Remo Stars,Success Eze,LW,9,30,20,Pass,113.72,31.52,Complete,0.0
1123,2,Enugu Rangers,Remo Stars,Remo Stars,Enugu Rangers,Godwin Garba,LW,11,30,28,Tackle,46.07,28.52,Complete,0.0
1124,2,Enugu Rangers,Remo Stars,Enugu Rangers,Remo Stars,Kunle Onuoha,LB,19,30,41,Pass,45.95,51.12,Complete,0.0
1125,2,Enugu Rangers,Remo Stars,Enugu Rangers,Remo Stars,Chidi Okonkwo,RB,28,30,55,Progressive Pass,108.33,25.1,Complete,0.0
1126,2,Enugu Rangers,Remo Stars,Remo Stars,Enugu Rangers,Suleiman Garba,LW,6,31,8,Turnover,35.81,44.01,Complete,0.0
1127,2,Enugu Rangers,Remo Stars,Enugu Rangers,Remo Stars,Victor Okonkwo,GK,29,31,16,Cross,116.26,35.5,Incomplete,0.0
1128,2,Enugu Rangers,Remo Stars,Enugu Rangers,Remo Stars,Chidi Okonkwo,RB,28,31,21,Pass,78.59,28.26,Complete,0.0
1129,2,Enugu Rangers,Remo Stars,Remo Stars,Enugu Rangers,Bayo Afolabi,CB,12,31,22,Interception,42.26,60.97,Complete,0.0
1130,2,Enugu Rangers,Remo Stars,Enugu Rangers,Remo Stars,Chibuzor Chukwuma,CB,2,31,25,Tackle,13.25,56.79,Complete,0.0
1131,2,Enugu Rangers,Remo Stars,Enugu Rangers,Remo Stars,Rasheed Adebayo,CB,11,31,52,Pass,35.9,12.4,Incomplete,0.0
1132,2,Enugu Rangers,Remo Stars,Remo Stars,Enugu Rangers,Chibuzor Abubakar,RW,29,32,2,Foul,19.64,51.09,Complete,0.0
1133,2,Enugu Rangers,Remo Stars,Enugu Rangers,Remo Stars,Success Ogundele,CM,20,32,3,Pass,25.77,52.45,Complete,0.0
1134,2,Enugu Rangers,Remo Stars,Remo Stars,Enugu Rangers,Chidi Mustapha,CM,25,32,10,Interception,54.08,27.38,Complete,0.0
1135,2,Enugu Rangers,Remo Stars,Enugu Rangers,Remo Stars,Chibuzor Chukwuma,CB,2,32,20,Pass,39.26,39.61,Complete,0.0
1136,2,Enugu Rangers,Remo Stars,Enugu Rangers,Remo Stars,Success Ogundele,CM,20,32,29,Turnover,12.47,46.77,Complete,0.0
1137,2,Enugu Rangers,Remo Stars,Enugu Rangers,Remo Stars,Kelechi Ndukwe,CB,12,32,31,Successful Dribble,20.86,46.77,Complete,0.0
1138,2,Enugu Rangers,Remo Stars,Enugu Rangers,Remo Stars,Wale Egwuekwe,CAM,21,32,33,Corner,91.14,46.07,Complete,0.0
1139,2,Enugu Rangers,Remo Stars,Enugu Rangers,Remo Stars,Victor Okafor,RW,18,32,44,Shot on Target,96.15,37.3,Off Target,0.233
1140,2,Enugu Rangers,Remo Stars,Remo Stars,Enugu Rangers,Suleiman Garba,LW,6,32,59,Pass,77.08,55.82,Complete,0.0
1141,2,Enugu Rangers,Remo Stars,Enugu Rangers,Remo Stars,Success Okonkwo,GK,24,33,0,Successful Dribble,60.86,44.62,Complete,0.0
1142,2,Enugu Rangers,Remo Stars,Enugu Rangers,Remo Stars,Kunle Onuoha,LB,19,33,1,Pass,99.71,33.66,Complete,0.0
1143,2,Enugu Rangers,Remo Stars,Enugu Rangers,Remo Stars,Uche Mohammed,CAM,16,33,2,Shot,112.87,43.59,Off Target,0.411
1144,2,Enugu Rangers,Remo Stars,Enugu Rangers,Remo Stars,Success Okonkwo,GK,24,33,15,Tackle,65.31,53.34,Complete,0.0
1145,2,Enugu Rangers,Remo Stars,Enugu Rangers,Remo Stars,Chibuzor Chukwuma,CB,2,33,18,Pass,51.31,16.3,Incomplete,0.0
1146,2,Enugu Rangers,Remo Stars,Enugu Rangers,Remo Stars,Joseph Lawal,RB,22,33,21,Turnover,65.45,0.0,Complete,0.0
1147,2,Enugu Rangers,Remo Stars,Enugu Rangers,Remo Stars,Chidi Okonkwo,RB,28,33,33,Foul,78.53,46.5,Complete,0.0
1148,2,Enugu Rangers,Remo Stars,Enugu Rangers,Remo Stars,Wale Egwuekwe,CAM,21,33,36,Successful Dribble,66.49,6.26,Complete,0.0
1149,2,Enugu Rangers,Remo Stars,Enugu Rangers,Remo Stars,Chidi Okonkwo,RB,28,33,41,Tackle,85.61,34.67,Complete,0.0
1150,2,Enugu Rangers,Remo Stars,Enugu Rangers,Remo Stars,Ifeanyi Balogun,LB,14,33,44,Pass,7.18,58.98,Complete,0.0
1151,2,Enugu Rangers,Remo Stars,Remo Stars,Enugu Rangers,Femi Ekong,LB,16,33,48,Cross,100.47,14.36,Complete,0.0
1152,2,Enugu Rangers,Remo Stars,Enugu Rangers,Remo Stars,Success Ogundele,CM,20,33,55,Turnover,53.25,10.36,Complete,0.0
1153,2,Enugu Rangers,Remo Stars,Enugu Rangers,Remo Stars,Kelechi Ndukwe,CB,12,33,56,Tackle,35.59,0.0,Complete,0.0
1154,2,Enugu Rangers,Remo Stars,Remo Stars,Enugu Rangers,Tunde Etim,RW,4,33,56,Shot,106.46,55.87,On Target,0.268
1155,2,Enugu Rangers,Remo Stars,Remo Stars,Enugu Rangers,Femi Ekong,LB,16,33,58,Progressive Pass,96.5,9.1,Complete,0.0
1156,2,Enugu Rangers,Remo Stars,Enugu Rangers,Remo Stars,Kelechi Ndukwe,CB,12,34,12,Tackle,50.39,13.98,Complete,0.0
1157,2,Enugu Rangers,Remo Stars,Remo Stars,Enugu Rangers,Chidi Mustapha,CM,25,34,31,Tackle,11.9,29.73,Complete,0.0
1158,2,Enugu Rangers,Remo Stars,Remo Stars,Enugu Rangers,Daniel Oyelaran,RB,19,34,34,Successful Dribble,102.82,32.92,Complete,0.0
1159,2,Enugu Rangers,Remo Stars,Enugu Rangers,Remo Stars,Rasheed Adebayo,CB,11,34,35,Shot,117.15,36.91,Off Target,0.453
1160,2,Enugu Rangers,Remo Stars,Enugu Rangers,Remo Stars,Rasheed Adebayo,CB,11,34,40,Tackle,56.5,61.5,Complete,0.0
1161,2,Enugu Rangers,Remo Stars,Enugu Rangers,Remo Stars,Emmanuel Okafor,LW,4,34,51,Successful Dribble,5.2,37.61,Complete,0.0
1162,2,Enugu Rangers,Remo Stars,Enugu Rangers,Remo Stars,Suleiman Abubakar,CDM,6,35,2,Turnover,32.24,47.54,Complete,0.0
1163,2,Enugu Rangers,Remo Stars,Remo Stars,Enugu Rangers,Suleiman Garba,LW,6,35,9,Foul,88.78,43.41,Complete,0.0
1164,2,Enugu Rangers,Remo Stars,Enugu Rangers,Remo Stars,Emmanuel Okafor,LW,4,35,13,Pass,83.14,28.03,Complete,0.0
1165,2,Enugu Rangers,Remo Stars,Remo Stars,Enugu Rangers,Rasheed Ojo,CM,1,35,23,Pass,18.0,45.35,Complete,0.0
1166,2,Enugu Rangers,Remo Stars,Enugu Rangers,Remo Stars,Success Eze,LW,9,35,27,Progressive Pass,8.89,28.73,Complete,0.0
1167,2,Enugu Rangers,Remo Stars,Remo Stars,Enugu Rangers,Emeka Lawal,RW,20,35,30,Yellow Card,108.37,51.94,Complete,0.0
1168,2,Enugu Rangers,Remo Stars,Remo Stars,Enugu Rangers,Tunde Etim,RW,4,35,40,Dangerous Pass,109.06,18.66,Incomplete,0.0
1169,2,Enugu Rangers,Remo Stars,Enugu Rangers,Remo Stars,Success Ogundele,CM,20,35,41,Turnover,80.94,20.94,Complete,0.0
1170,2,Enugu Rangers,Remo Stars,Enugu Rangers,Remo Stars,Ifeanyi Balogun,LB,14,35,46,Foul,80.79,69.79,Complete,0.0
1171,2,Enugu Rangers,Remo Stars,Remo Stars,Enugu Rangers,Samuel Adebayo,CDM,2,35,53,Pass,89.56,14.35,Complete,0.0
1172,2,Enugu Rangers,Remo Stars,Enugu Rangers,Remo Stars,Victor Okafor,RW,18,36,4,Tackle,82.86,0.0,Complete,0.0
1173,2,Enugu Rangers,Remo Stars,Remo Stars,Enugu Rangers,Bayo Afolabi,CB,12,36,13,Tackle,77.21,0.0,Complete,0.0
1174,2,Enugu Rangers,Remo Stars,Enugu Rangers,Remo Stars,Victor Okafor,RW,18,36,17,Interception,77.33,64.68,Complete,0.0
1175,2,Enugu Rangers,Remo Stars,Enugu Rangers,Remo Stars,Emmanuel Okafor,LW,4,36,23,Yellow Card,92.2,31.86,Complete,0.0
1176,2,Enugu Rangers,Remo Stars,Remo Stars,Enugu Rangers,Daniel Oyelaran,RB,19,36,28,Turnover,54.89,22.03,Complete,0.0
1177,2,Enugu Rangers,Remo Stars,Remo Stars,Enugu Rangers,Godwin Garba,LW,11,36,30,Pass,30.11,46.23,Complete,0.0
1178,2,Enugu Rangers,Remo Stars,Remo Stars,Enugu Rangers,Chidi Mustapha,CM,25,36,34,Tackle,25.62,36.19,Complete,0.0
1179,2,Enugu Rangers,Remo Stars,Remo Stars,Enugu Rangers,Adewale Usman,CM,3,36,34,Progressive Pass,77.56,24.27,Complete,0.0
1180,2,Enugu Rangers,Remo Stars,Remo Stars,Enugu Rangers,Bayo Afolabi,CB,12,36,40,Tackle,61.86,30.36,Complete,0.0
1181,2,Enugu Rangers,Remo Stars,Enugu Rangers,Remo Stars,Kelechi Ndukwe,CB,12,37,9,Interception,30.74,31.73,Complete,0.0
1182,2,Enugu Rangers,Remo Stars,Enugu Rangers,Remo Stars,Wale Egwuekwe,CAM,21,37,22,Dangerous Pass,97.78,0.0,Complete,0.0
1183,2,Enugu Rangers,Remo Stars,Enugu Rangers,Remo Stars,Suleiman Abubakar,CDM,6,37,36,Pass,94.83,44.79,Complete,0.0
1184,2,Enugu Rangers,Remo Stars,Enugu Rangers,Remo Stars,Success Okonkwo,GK,24,37,38,Pass,25.26,12.31,Complete,0.0
1185,2,Enugu Rangers,Remo Stars,Remo Stars,Enugu Rangers,Godwin Garba,LW,11,37,56,Dangerous Pass,110.18,52.69,Complete,0.0
1186,2,Enugu Rangers,Remo Stars,Remo Stars,Enugu Rangers,Rasheed Ojo,CM,1,38,2,Turnover,43.04,39.86,Complete,0.0
1187,2,Enugu Rangers,Remo Stars,Remo Stars,Enugu Rangers,Obinna Sanni,RB,26,38,6,Tackle,10.18,59.92,Complete,0.0
1188,2,Enugu Rangers,Remo Stars,Enugu Rangers,Remo Stars,Chibuzor Chukwuma,CB,2,38,7,Foul,20.83,12.46,Complete,0.0
1189,2,Enugu Rangers,Remo Stars,Enugu Rangers,Remo Stars,Uche Mohammed,CAM,16,38,23,Successful Dribble,114.57,16.86,Complete,0.0
1190,2,Enugu Rangers,Remo Stars,Remo Stars,Enugu Rangers,Chidi Mustapha,CM,25,38,25,Tackle,18.38,11.11,Complete,0.0
1191,2,Enugu Rangers,Remo Stars,Enugu Rangers,Remo Stars,Wale Egwuekwe,CAM,21,38,52,Pass,5.35,56.92,Complete,0.0
1192,2,Enugu Rangers,Remo Stars,Enugu Rangers,Remo Stars,Success Eze,LW,9,38,53,Pass,19.29,61.18,Complete,0.0
1193,2,Enugu Rangers,Remo Stars,Remo Stars,Enugu Rangers,Emeka Lawal,RW,20,38,53,Pass,20.76,73.01,Complete,0.0
1194,2,Enugu Rangers,Remo Stars,Remo Stars,Enugu Rangers,Obinna Egwuekwe,RB,15,38,57,Dangerous Pass,103.75,15.77,Complete,0.0
1195,2,Enugu Rangers,Remo Stars,Remo Stars,Enugu Rangers,Suleiman Garba,LW,6,39,8,Turnover,63.42,62.98,Complete,0.0
1196,2,Enugu Rangers,Remo Stars,Remo Stars,Enugu Rangers,Bayo Afolabi,CB,12,39,46,Cross,104.33,2.76,Complete,0.0
1197,2,Enugu Rangers,Remo Stars,Remo Stars,Enugu Rangers,Adewale Usman,CM,3,39,54,Pass,44.47,48.1,Complete,0.0
1198,2,Enugu Rangers,Remo Stars,Remo Stars,Enugu Rangers,Godwin Garba,LW,11,39,57,Pass,72.1,30.44,Complete,0.0
1199,2,Enugu Rangers,Remo Stars,Remo Stars,Enugu Rangers,Daniel Chukwuma,RW,7,39,58,Dangerous Pass,91.56,27.24,Complete,0.0
1200,2,Enugu Rangers,Remo Stars,Remo Stars,Enugu Rangers,Yemi Sanni,RW,14,40,1,Offside,20.13,47.49,Complete,0.0
1201,2,Enugu Rangers,Remo Stars,Enugu Rangers,Remo Stars,Success Okonkwo,GK,24,40,6,Pass,44.87,46.33,Complete,0.0
1202,2,Enugu Rangers,Remo Stars,Remo Stars,Enugu Rangers,Adewale Usman,CM,3,40,8,Successful Dribble,38.32,40.22,Complete,0.0
1203,2,Enugu Rangers,Remo Stars,Remo Stars,Enugu Rangers,Suleiman Garba,LW,6,40,19,Pass,80.21,0.0,Complete,0.0
1204,2,Enugu Rangers,Remo Stars,Enugu Rangers,Remo Stars,Success Eze,LW,9,40,27,Successful Dribble,24.32,43.88,Complete,0.0
1205,2,Enugu Rangers,Remo Stars,Enugu Rangers,Remo Stars,Joseph Lawal,RB,22,40,41,Shot,116.34,9.3,Off Target,0.157
1206,2,Enugu Rangers,Remo Stars,Remo Stars,Enugu Rangers,Obinna Sanni,RB,26,40,46,Progressive Pass,73.05,25.33,Complete,0.0
1207,2,Enugu Rangers,Remo Stars,Remo Stars,Enugu Rangers,Bayo Afolabi,CB,12,40,47,Dangerous Pass,78.62,15.17,Complete,0.0
1208,2,Enugu Rangers,Remo Stars,Enugu Rangers,Remo Stars,Kunle Onuoha,LB,19,40,47,Progressive Pass,117.13,71.58,Complete,0.0
1209,2,Enugu Rangers,Remo Stars,Enugu Rangers,Remo Stars,Success Eze,LW,9,40,47,Pass,80.84,29.31,Complete,0.0
1210,2,Enugu Rangers,Remo Stars,Remo Stars,Enugu Rangers,Rasheed Ojo,CM,1,40,48,Interception,43.55,54.91,Complete,0.0
1211,2,Enugu Rangers,Remo Stars,Enugu Rangers,Remo Stars,Kunle Onuoha,LB,19,40,55,Foul,87.16,52.68,Complete,0.0
1212,2,Enugu Rangers,Remo Stars,Enugu Rangers,Remo Stars,Rasheed Adebayo,CB,11,41,6,Successful Dribble,12.68,52.29,Complete,0.0
1213,2,Enugu Rangers,Remo Stars,Remo Stars,Enugu Rangers,Rasheed Ojo,CM,1,41,10,Pass,82.19,19.01,Complete,0.0
1214,2,Enugu Rangers,Remo Stars,Remo Stars,Enugu Rangers,Rasheed Ojo,CM,1,41,11,Tackle,16.04,44.28,Complete,0.0
1215,2,Enugu Rangers,Remo Stars,Remo Stars,Enugu Rangers,Emeka Lawal,RW,20,41,16,Goal,96.15,39.04,Goal,0.335
1216,2,Enugu Rangers,Remo Stars,Remo Stars,Enugu Rangers,Daniel Chukwuma,RW,7,41,36,Pass,91.14,20.92,Complete,0.0
1217,2,Enugu Rangers,Remo Stars,Remo Stars,Enugu Rangers,Godwin Garba,LW,11,41,47,Dangerous Pass,88.58,52.16,Incomplete,0.0
1218,2,Enugu Rangers,Remo Stars,Enugu Rangers,Remo Stars,Chidi Okonkwo,RB,28,41,59,Pass,65.67,50.84,Incomplete,0.0
1219,2,Enugu Rangers,Remo Stars,Remo Stars,Enugu Rangers,Daniel Chukwuma,RW,7,42,12,Progressive Pass,16.51,50.54,Complete,0.0
1220,2,Enugu Rangers,Remo Stars,Remo Stars,Enugu Rangers,Bayo Afolabi,CB,12,42,15,Pass,46.98,52.5,Complete,0.0
1221,2,Enugu Rangers,Remo Stars,Enugu Rangers,Remo Stars,Chibuzor Chukwuma,CB,2,42,18,Progressive Pass,51.53,53.22,Complete,0.0
1222,2,Enugu Rangers,Remo Stars,Enugu Rangers,Remo Stars,Wale Egwuekwe,CAM,21,42,31,Dangerous Pass,76.64,26.09,Incomplete,0.0
1223,2,Enugu Rangers,Remo Stars,Remo Stars,Enugu Rangers,Suleiman Garba,LW,6,42,32,Tackle,83.91,12.32,Complete,0.0
1224,2,Enugu Rangers,Remo Stars,Enugu Rangers,Remo Stars,Success Okonkwo,GK,24,42,53,Shot on Target,108.34,46.79,Off Target,0.35
1225,2,Enugu Rangers,Remo Stars,Enugu Rangers,Remo Stars,Kelechi Ndukwe,CB,12,42,55,Turnover,85.02,23.4,Complete,0.0
1226,2,Enugu Rangers,Remo Stars,Enugu Rangers,Remo Stars,Chidi Okonkwo,RB,28,42,55,Successful Dribble,24.77,32.1,Complete,0.0
1227,2,Enugu Rangers,Remo Stars,Enugu Rangers,Remo Stars,Chidi Okonkwo,RB,28,42,56,Tackle,47.12,39.02,Complete,0.0
1228,2,Enugu Rangers,Remo Stars,Enugu Rangers,Remo Stars,Joseph Lawal,RB,22,43,1,Dangerous Pass,73.04,22.51,Incomplete,0.0
1229,2,Enugu Rangers,Remo Stars,Remo Stars,Enugu Rangers,Rasheed Ojo,CM,1,43,2,Tackle,83.97,44.97,Complete,0.0
1230,2,Enugu Rangers,Remo Stars,Enugu Rangers,Remo Stars,Chidi Okonkwo,RB,28,43,9,Pass,49.73,30.13,Complete,0.0
1231,2,Enugu Rangers,Remo Stars,Remo Stars,Enugu Rangers,Obinna Sanni,RB,26,43,17,Corner,112.25,19.84,Complete,0.0
1232,2,Enugu Rangers,Remo Stars,Enugu Rangers,Remo Stars,Joseph Lawal,RB,22,43,33,Shot on Target,118.85,30.58,On Target,0.395
1233,2,Enugu Rangers,Remo Stars,Remo Stars,Enugu Rangers,Obinna Egwuekwe,RB,15,43,39,Dangerous Pass,97.18,4.5,Complete,0.0
1234,2,Enugu Rangers,Remo Stars,Remo Stars,Enugu Rangers,Daniel Oyelaran,RB,19,43,44,Shot,88.74,48.88,Off Target,0.139
1235,2,Enugu Rangers,Remo Stars,Remo Stars,Enugu Rangers,Adewale Usman,CM,3,43,44,Shot on Target,107.47,44.02,Off Target,0.354
1236,2,Enugu Rangers,Remo Stars,Enugu Rangers,Remo Stars,Rasheed Adebayo,CB,11,43,51,Tackle,22.56,80.0,Complete,0.0
1237,2,Enugu Rangers,Remo Stars,Remo Stars,Enugu Rangers,Samuel Adebayo,CDM,2,43,57,Progressive Pass,29.64,41.85,Complete,0.0
1238,2,Enugu Rangers,Remo Stars,Enugu Rangers,Remo Stars,Success Okonkwo,GK,24,44,12,Interception,63.75,59.6,Complete,0.0
1239,2,Enugu Rangers,Remo Stars,Enugu Rangers,Remo Stars,Joseph Lawal,RB,22,44,18,Big Chance,88.06,66.93,On Target,0.286
1240,2,Enugu Rangers,Remo Stars,Enugu Rangers,Remo Stars,Kelechi Ndukwe,CB,12,44,25,Dangerous Pass,95.92,26.12,Complete,0.0
1241,2,Enugu Rangers,Remo Stars,Remo Stars,Enugu Rangers,Obinna Sanni,RB,26,44,28,Shot on Target,109.07,18.24,Off Target,0.229
1242,2,Enugu Rangers,Remo Stars,Enugu Rangers,Remo Stars,Joseph Lawal,RB,22,44,30,Pass,9.47,66.23,Incomplete,0.0
1243,2,Enugu Rangers,Remo Stars,Remo Stars,Enugu Rangers,Daniel Chukwuma,RW,7,44,36,Interception,57.06,49.95,Complete,0.0
1244,2,Enugu Rangers,Remo Stars,Enugu Rangers,Remo Stars,Success Okonkwo,GK,24,44,38,Tackle,87.63,37.79,Complete,0.0
1245,2,Enugu Rangers,Remo Stars,Remo Stars,Enugu Rangers,Adewale Usman,CM,3,44,38,Cross,74.26,11.64,Incomplete,0.0
1246,2,Enugu Rangers,Remo Stars,Enugu Rangers,Remo Stars,Chidi Okonkwo,RB,28,44,39,Tackle,48.05,23.67,Complete,0.0
1247,2,Enugu Rangers,Remo Stars,Enugu Rangers,Remo Stars,Success Eze,LW,9,44,44,Turnover,69.43,53.61,Complete,0.0
1248,2,Enugu Rangers,Remo Stars,Enugu Rangers,Remo Stars,Ifeanyi Balogun,LB,14,44,48,Yellow Card,108.12,71.69,Complete,0.0
1249,2,Enugu Rangers,Remo Stars,Remo Stars,Enugu Rangers,Obinna Egwuekwe,RB,15,44,50,Pass,89.7,25.34,Complete,0.0
1250,2,Enugu Rangers,Remo Stars,Remo Stars,Enugu Rangers,Obinna Sanni,RB,26,45,0,Successful Dribble,109.72,22.52,Complete,0.0
1251,2,Enugu Rangers,Remo Stars,Enugu Rangers,Remo Stars,Rasheed Adebayo,CB,11,45,7,Foul,64.4,17.26,Complete,0.0
1252,2,Enugu Rangers,Remo Stars,Remo Stars,Enugu Rangers,Obinna Egwuekwe,RB,15,45,13,Progressive Pass,101.14,27.62,Incomplete,0.0
1253,2,Enugu Rangers,Remo Stars,Remo Stars,Enugu Rangers,Samuel Adebayo,CDM,2,45,31,Corner,108.21,35.74,Complete,0.0
1254,2,Enugu Rangers,Remo Stars,Remo Stars,Enugu Rangers,Obinna Sanni,RB,26,45,35,Interception,13.04,24.5,Complete,0.0
1255,2,Enugu Rangers,Remo Stars,Enugu Rangers,Remo Stars,Kunle Onuoha,LB,19,45,41,Dangerous Pass,87.32,14.05,Complete,0.0
1256,2,Enugu Rangers,Remo Stars,Remo Stars,Enugu Rangers,Daniel Chukwuma,RW,7,45,42,Turnover,34.62,20.02,Complete,0.0
1257,2,Enugu Rangers,Remo Stars,Enugu Rangers,Remo Stars,Emmanuel Okafor,LW,4,45,47,Pass,71.85,28.03,Complete,0.0
1258,2,Enugu Rangers,Remo Stars,Enugu Rangers,Remo Stars,Suleiman Abubakar,CDM,6,45,51,Foul,72.72,34.08,Complete,0.0
1259,2,Enugu Rangers,Remo Stars,Enugu Rangers,Remo Stars,Kelechi Ndukwe,CB,12,45,59,Successful Dribble,105.1,60.77,Complete,0.0
1260,2,Enugu Rangers,Remo Stars,Remo Stars,Enugu Rangers,Chidi Mustapha,CM,25,46,6,Pass,24.84,26.99,Complete,0.0
1261,2,Enugu Rangers,Remo Stars,Remo Stars,Enugu Rangers,Chibuzor Abubakar,RW,29,46,11,Cross,100.14,27.49,Complete,0.0
1262,2,Enugu Rangers,Remo Stars,Enugu Rangers,Remo Stars,Suleiman Abubakar,CDM,6,46,17,Pass,116.9,62.58,Complete,0.0
1263,2,Enugu Rangers,Remo Stars,Remo Stars,Enugu Rangers,Tunde Etim,RW,4,46,21,Interception,68.96,24.85,Complete,0.0
1264,2,Enugu Rangers,Remo Stars,Enugu Rangers,Remo Stars,Wale Egwuekwe,CAM,21,46,23,Pass,95.23,62.62,Complete,0.0
1265,2,Enugu Rangers,Remo Stars,Remo Stars,Enugu Rangers,Rasheed Ojo,CM,1,46,29,Progressive Pass,16.34,2.89,Incomplete,0.0
1266,2,Enugu Rangers,Remo Stars,Remo Stars,Enugu Rangers,Daniel Oyelaran,RB,19,46,30,Pass,34.57,29.86,Complete,0.0
1267,2,Enugu Rangers,Remo Stars,Remo Stars,Enugu Rangers,Daniel Chukwuma,RW,7,46,34,Pass,66.08,35.71,Incomplete,0.0
1268,2,Enugu Rangers,Remo Stars,Enugu Rangers,Remo Stars,Victor Okafor,RW,18,46,51,Shot on Target,112.22,24.12,On Target,0.304
1269,2,Enugu Rangers,Remo Stars,Enugu Rangers,Remo Stars,Victor Okafor,RW,18,46,57,Dangerous Pass,95.18,44.06,Incomplete,0.0
1270,2,Enugu Rangers,Remo Stars,Enugu Rangers,Remo Stars,Victor Okafor,RW,18,46,58,Pass,77.93,16.82,Complete,0.0
1271,2,Enugu Rangers,Remo Stars,Enugu Rangers,Remo Stars,Success Okonkwo,GK,24,47,23,Interception,12.14,16.54,Complete,0.0
1272,2,Enugu Rangers,Remo Stars,Enugu Rangers,Remo Stars,Kunle Onuoha,LB,19,47,27,Progressive Pass,15.28,51.22,Complete,0.0
1273,2,Enugu Rangers,Remo Stars,Enugu Rangers,Remo Stars,Emmanuel Okafor,LW,4,47,29,Tackle,57.76,34.96,Complete,0.0
1274,2,Enugu Rangers,Remo Stars,Remo Stars,Enugu Rangers,Daniel Chukwuma,RW,7,47,37,Dangerous Pass,77.81,50.0,Complete,0.0
1275,2,Enugu Rangers,Remo Stars,Enugu Rangers,Remo Stars,Chidi Okonkwo,RB,28,47,40,Turnover,30.8,67.68,Complete,0.0
1276,2,Enugu Rangers,Remo Stars,Remo Stars,Enugu Rangers,Godwin Garba,LW,11,48,15,Pass,87.51,42.2,Complete,0.0
1277,2,Enugu Rangers,Remo Stars,Remo Stars,Enugu Rangers,Chibuzor Abubakar,RW,29,48,17,Foul,22.57,3.95,Complete,0.0
1278,2,Enugu Rangers,Remo Stars,Remo Stars,Enugu Rangers,Rasheed Ojo,CM,1,48,21,Pass,79.46,30.43,Complete,0.0
1279,2,Enugu Rangers,Remo Stars,Enugu Rangers,Remo Stars,Success Ogundele,CM,20,48,23,Successful Dribble,21.36,21.7,Complete,0.0
1280,2,Enugu Rangers,Remo Stars,Remo Stars,Enugu Rangers,Daniel Chukwuma,RW,7,48,24,Pass,30.79,43.89,Incomplete,0.0
1281,2,Enugu Rangers,Remo Stars,Enugu Rangers,Remo Stars,Rasheed Adebayo,CB,11,48,27,Shot,103.77,12.2,Off Target,0.142
1282,2,Enugu Rangers,Remo Stars,Remo Stars,Enugu Rangers,Obinna Sanni,RB,26,48,30,Pass,6.89,17.81,Complete,0.0
1283,2,Enugu Rangers,Remo Stars,Enugu Rangers,Remo Stars,Success Okonkwo,GK,24,48,40,Progressive Pass,95.11,3.66,Complete,0.0
1284,2,Enugu Rangers,Remo Stars,Enugu Rangers,Remo Stars,Chibuzor Chukwuma,CB,2,48,40,Turnover,20.07,31.17,Complete,0.0
1285,2,Enugu Rangers,Remo Stars,Enugu Rangers,Remo Stars,Uche Mohammed,CAM,16,48,49,Turnover,50.69,50.62,Complete,0.0
1286,2,Enugu Rangers,Remo Stars,Enugu Rangers,Remo Stars,Joseph Lawal,RB,22,49,1,Foul,47.84,32.64,Complete,0.0
1287,2,Enugu Rangers,Remo Stars,Remo Stars,Enugu Rangers,Emeka Lawal,RW,20,49,12,Turnover,26.64,61.31,Complete,0.0
1288,2,Enugu Rangers,Remo Stars,Remo Stars,Enugu Rangers,Rasheed Ojo,CM,1,49,12,Dangerous Pass,76.59,80.0,Complete,0.0
1289,2,Enugu Rangers,Remo Stars,Enugu Rangers,Remo Stars,Joseph Lawal,RB,22,49,19,Shot on Target,96.92,50.41,Off Target,0.219
1290,2,Enugu Rangers,Remo Stars,Remo Stars,Enugu Rangers,Femi Ekong,LB,16,49,19,Cross,89.62,36.89,Complete,0.0
1291,2,Enugu Rangers,Remo Stars,Remo Stars,Enugu Rangers,Chidi Mustapha,CM,25,49,20,Corner,116.2,32.4,Complete,0.0
1292,2,Enugu Rangers,Remo Stars,Enugu Rangers,Remo Stars,Kelechi Ndukwe,CB,12,49,24,Interception,62.8,46.51,Complete,0.0
1293,2,Enugu Rangers,Remo Stars,Enugu Rangers,Remo Stars,Suleiman Abubakar,CDM,6,49,33,Dangerous Pass,71.7,8.14,Complete,0.0
1294,2,Enugu Rangers,Remo Stars,Remo Stars,Enugu Rangers,Daniel Oyelaran,RB,19,49,38,Successful Dribble,41.17,48.47,Complete,0.0
1295,2,Enugu Rangers,Remo Stars,Enugu Rangers,Remo Stars,Success Ogundele,CM,20,49,44,Shot,112.42,47.79,Off Target,0.379
1296,2,Enugu Rangers,Remo Stars,Remo Stars,Enugu Rangers,Bayo Afolabi,CB,12,49,48,Interception,85.91,65.51,Complete,0.0
1297,2,Enugu Rangers,Remo Stars,Enugu Rangers,Remo Stars,Success Ogundele,CM,20,50,4,Successful Dribble,31.24,44.29,Complete,0.0
1298,2,Enugu Rangers,Remo Stars,Remo Stars,Enugu Rangers,Samuel Adebayo,CDM,2,50,4,Tackle,24.37,18.7,Complete,0.0
1299,2,Enugu Rangers,Remo Stars,Remo Stars,Enugu Rangers,Samuel Adebayo,CDM,2,50,11,Interception,58.66,44.06,Complete,0.0
1300,2,Enugu Rangers,Remo Stars,Enugu Rangers,Remo Stars,Joseph Lawal,RB,22,50,12,Foul,81.7,41.91,Complete,0.0
1301,2,Enugu Rangers,Remo Stars,Enugu Rangers,Remo Stars,Success Eze,LW,9,50,24,Tackle,61.59,54.18,Complete,0.0
1302,2,Enugu Rangers,Remo Stars,Enugu Rangers,Remo Stars,Success Ogundele,CM,20,50,25,Pass,65.94,59.69,Complete,0.0
1303,2,Enugu Rangers,Remo Stars,Enugu Rangers,Remo Stars,Success Ogundele,CM,20,50,34,Dangerous Pass,84.53,53.03,Complete,0.0
1304,2,Enugu Rangers,Remo Stars,Remo Stars,Enugu Rangers,Obinna Sanni,RB,26,50,41,Shot on Target,115.41,36.35,Off Target,0.435
1305,2,Enugu Rangers,Remo Stars,Enugu Rangers,Remo Stars,Ifeanyi Balogun,LB,14,50,42,Corner,87.69,40.2,Complete,0.0
1306,2,Enugu Rangers,Remo Stars,Enugu Rangers,Remo Stars,Success Eze,LW,9,50,58,Successful Dribble,84.76,26.03,Complete,0.0
1307,2,Enugu Rangers,Remo Stars,Remo Stars,Enugu Rangers,Yemi Sanni,RW,14,51,0,Pass,30.39,15.29,Complete,0.0
1308,2,Enugu Rangers,Remo Stars,Remo Stars,Enugu Rangers,Samuel Adebayo,CDM,2,51,8,Successful Dribble,18.36,33.47,Complete,0.0
1309,2,Enugu Rangers,Remo Stars,Remo Stars,Enugu Rangers,Daniel Chukwuma,RW,7,51,11,Successful Dribble,100.18,64.68,Complete,0.0
1310,2,Enugu Rangers,Remo Stars,Enugu Rangers,Remo Stars,Kelechi Ndukwe,CB,12,51,12,Pass,2.84,56.52,Incomplete,0.0
1311,2,Enugu Rangers,Remo Stars,Enugu Rangers,Remo Stars,Ifeanyi Balogun,LB,14,51,16,Pass,20.9,60.96,Complete,0.0
1312,2,Enugu Rangers,Remo Stars,Remo Stars,Enugu Rangers,Tunde Etim,RW,4,51,23,Dangerous Pass,114.14,57.65,Incomplete,0.0
1313,2,Enugu Rangers,Remo Stars,Remo Stars,Enugu Rangers,Femi Ekong,LB,16,51,30,Successful Dribble,117.21,46.0,Complete,0.0
1314,2,Enugu Rangers,Remo Stars,Enugu Rangers,Remo Stars,Ifeanyi Balogun,LB,14,51,41,Yellow Card,113.72,63.33,Complete,0.0
1315,2,Enugu Rangers,Remo Stars,Enugu Rangers,Remo Stars,Emmanuel Okafor,LW,4,51,54,Dangerous Pass,74.88,32.25,Complete,0.0
1316,2,Enugu Rangers,Remo Stars,Enugu Rangers,Remo Stars,Success Ogundele,CM,20,51,55,Dangerous Pass,97.12,44.67,Complete,0.0
1317,2,Enugu Rangers,Remo Stars,Remo Stars,Enugu Rangers,Tunde Etim,RW,4,51,58,Dangerous Pass,95.7,29.49,Incomplete,0.0
1318,2,Enugu Rangers,Remo Stars,Remo Stars,Enugu Rangers,Emeka Lawal,RW,20,52,0,Pass,66.67,28.55,Complete,0.0
1319,2,Enugu Rangers,Remo Stars,Enugu Rangers,Remo Stars,Success Eze,LW,9,52,2,Progressive Pass,20.64,14.04,Complete,0.0
1320,2,Enugu Rangers,Remo Stars,Enugu Rangers,Remo Stars,Success Ogundele,CM,20,52,7,Foul,16.25,48.7,Complete,0.0
1321,2,Enugu Rangers,Remo Stars,Remo Stars,Enugu Rangers,Yemi Sanni,RW,14,52,10,Foul,69.55,54.1,Complete,0.0
1322,2,Enugu Rangers,Remo Stars,Remo Stars,Enugu Rangers,Emeka Lawal,RW,20,52,11,Turnover,20.83,51.12,Complete,0.0
1323,2,Enugu Rangers,Remo Stars,Enugu Rangers,Remo Stars,Emmanuel Okafor,LW,4,52,14,Tackle,62.74,20.22,Complete,0.0
1324,2,Enugu Rangers,Remo Stars,Remo Stars,Enugu Rangers,Femi Ekong,LB,16,52,17,Interception,66.51,39.47,Complete,0.0
1325,2,Enugu Rangers,Remo Stars,Enugu Rangers,Remo Stars,Success Okonkwo,GK,24,52,19,Pass,71.63,57.61,Complete,0.0
1326,2,Enugu Rangers,Remo Stars,Remo Stars,Enugu Rangers,Godwin Garba,LW,11,52,21,Pass,110.11,34.46,Incomplete,0.0
1327,2,Enugu Rangers,Remo Stars,Remo Stars,Enugu Rangers,Yemi Sanni,RW,14,52,42,Turnover,58.84,47.75,Complete,0.0
1328,2,Enugu Rangers,Remo Stars,Enugu Rangers,Remo Stars,Suleiman Abubakar,CDM,6,52,43,Turnover,63.85,47.35,Complete,0.0
1329,2,Enugu Rangers,Remo Stars,Enugu Rangers,Remo Stars,Kunle Onuoha,LB,19,52,45,Dangerous Pass,111.99,37.92,Complete,0.0
1330,2,Enugu Rangers,Remo Stars,Remo Stars,Enugu Rangers,Suleiman Garba,LW,6,53,17,Cross,89.56,65.35,Incomplete,0.0
1331,2,Enugu Rangers,Remo Stars,Enugu Rangers,Remo Stars,Ifeanyi Balogun,LB,14,53,18,Turnover,71.2,34.98,Complete,0.0
1332,2,Enugu Rangers,Remo Stars,Enugu Rangers,Remo Stars,Victor Okonkwo,GK,29,53,25,Pass,109.55,26.2,Incomplete,0.0
1333,2,Enugu Rangers,Remo Stars,Enugu Rangers,Remo Stars,Wale Egwuekwe,CAM,21,53,28,Turnover,27.43,46.37,Complete,0.0
1334,2,Enugu Rangers,Remo Stars,Remo Stars,Enugu Rangers,Emeka Lawal,RW,20,53,37,Tackle,75.3,29.55,Complete,0.0
1335,2,Enugu Rangers,Remo Stars,Remo Stars,Enugu Rangers,Daniel Chukwuma,RW,7,53,46,Tackle,55.56,35.94,Complete,0.0
1336,2,Enugu Rangers,Remo Stars,Remo Stars,Enugu Rangers,Rasheed Ojo,CM,1,54,0,Progressive Pass,59.72,11.47,Complete,0.0
1337,2,Enugu Rangers,Remo Stars,Remo Stars,Enugu Rangers,Suleiman Garba,LW,6,54,2,Dangerous Pass,76.31,17.66,Complete,0.0
1338,2,Enugu Rangers,Remo Stars,Remo Stars,Enugu Rangers,Yemi Sanni,RW,14,54,16,Dangerous Pass,86.54,67.2,Complete,0.0
1339,2,Enugu Rangers,Remo Stars,Remo Stars,Enugu Rangers,Samuel Adebayo,CDM,2,54,18,Cross,98.95,14.75,Complete,0.0
1340,2,Enugu Rangers,Remo Stars,Enugu Rangers,Remo Stars,Wale Egwuekwe,CAM,21,54,19,Pass,43.26,53.7,Complete,0.0
1341,2,Enugu Rangers,Remo Stars,Enugu Rangers,Remo Stars,Success Ogundele,CM,20,54,22,Pass,62.65,62.45,Complete,0.0
1342,2,Enugu Rangers,Remo Stars,Enugu Rangers,Remo Stars,Victor Okafor,RW,18,54,39,Cross,103.86,66.65,Complete,0.0
1343,2,Enugu Rangers,Remo Stars,Enugu Rangers,Remo Stars,Success Eze,LW,9,54,49,Foul,39.23,33.53,Complete,0.0
1344,2,Enugu Rangers,Remo Stars,Remo Stars,Enugu Rangers,Bayo Afolabi,CB,12,55,11,Cross,116.57,27.28,Complete,0.0
1345,2,Enugu Rangers,Remo Stars,Remo Stars,Enugu Rangers,Rasheed Ojo,CM,1,55,23,Pass,18.95,48.64,Complete,0.0
1346,2,Enugu Rangers,Remo Stars,Remo Stars,Enugu Rangers,Rasheed Ojo,CM,1,55,28,Interception,58.65,41.18,Complete,0.0
1347,2,Enugu Rangers,Remo Stars,Remo Stars,Enugu Rangers,Godwin Garba,LW,11,55,49,Turnover,51.92,38.23,Complete,0.0
1348,2,Enugu Rangers,Remo Stars,Remo Stars,Enugu Rangers,Tunde Etim,RW,4,55,50,Pass,106.77,32.98,Incomplete,0.0
1349,2,Enugu Rangers,Remo Stars,Enugu Rangers,Remo Stars,Kunle Onuoha,LB,19,55,56,Successful Dribble,52.25,57.78,Complete,0.0
1350,2,Enugu Rangers,Remo Stars,Enugu Rangers,Remo Stars,Suleiman Abubakar,CDM,6,55,59,Tackle,29.07,7.18,Complete,0.0
1351,2,Enugu Rangers,Remo Stars,Enugu Rangers,Remo Stars,Kunle Onuoha,LB,19,56,0,Progressive Pass,7.86,42.67,Complete,0.0
1352,2,Enugu Rangers,Remo Stars,Remo Stars,Enugu Rangers,Suleiman Garba,LW,6,56,6,Foul,61.38,8.68,Complete,0.0
1353,2,Enugu Rangers,Remo Stars,Remo Stars,Enugu Rangers,Godwin Garba,LW,11,56,8,Interception,36.23,71.1,Complete,0.0
1354,2,Enugu Rangers,Remo Stars,Enugu Rangers,Remo Stars,Kunle Onuoha,LB,19,56,15,Tackle,82.21,8.96,Complete,0.0
1355,2,Enugu Rangers,Remo Stars,Enugu Rangers,Remo Stars,Suleiman Abubakar,CDM,6,56,20,Cross,90.5,15.15,Complete,0.0
1356,2,Enugu Rangers,Remo Stars,Remo Stars,Enugu Rangers,Femi Ekong,LB,16,56,28,Progressive Pass,30.86,51.4,Complete,0.0
1357,2,Enugu Rangers,Remo Stars,Remo Stars,Enugu Rangers,Chibuzor Abubakar,RW,29,56,34,Pass,93.35,64.66,Complete,0.0
1358,2,Enugu Rangers,Remo Stars,Enugu Rangers,Remo Stars,Joseph Lawal,RB,22,56,44,Corner,86.11,71.82,Complete,0.0
1359,2,Enugu Rangers,Remo Stars,Remo Stars,Enugu Rangers,Daniel Chukwuma,RW,7,56,44,Pass,19.5,18.06,Complete,0.0
1360,2,Enugu Rangers,Remo Stars,Enugu Rangers,Remo Stars,Success Okonkwo,GK,24,56,52,Pass,11.17,45.23,Complete,0.0
1361,2,Enugu Rangers,Remo Stars,Enugu Rangers,Remo Stars,Wale Egwuekwe,CAM,21,56,56,Tackle,26.12,57.8,Complete,0.0
1362,2,Enugu Rangers,Remo Stars,Remo Stars,Enugu Rangers,Daniel Oyelaran,RB,19,56,56,Cross,82.41,0.0,Complete,0.0
1363,2,Enugu Rangers,Remo Stars,Remo Stars,Enugu Rangers,Chidi Mustapha,CM,25,57,1,Pass,70.48,46.24,Complete,0.0
1364,2,Enugu Rangers,Remo Stars,Enugu Rangers,Remo Stars,Uche Mohammed,CAM,16,57,2,Pass,5.66,38.6,Complete,0.0
1365,2,Enugu Rangers,Remo Stars,Remo Stars,Enugu Rangers,Samuel Adebayo,CDM,2,57,4,Progressive Pass,79.67,17.08,Complete,0.0
1366,2,Enugu Rangers,Remo Stars,Enugu Rangers,Remo Stars,Kunle Onuoha,LB,19,57,6,Pass,84.41,25.25,Complete,0.0
1367,2,Enugu Rangers,Remo Stars,Remo Stars,Enugu Rangers,Chidi Mustapha,CM,25,57,10,Foul,47.58,49.04,Complete,0.0
1368,2,Enugu Rangers,Remo Stars,Remo Stars,Enugu Rangers,Obinna Egwuekwe,RB,15,57,25,Progressive Pass,0.76,17.08,Incomplete,0.0
1369,2,Enugu Rangers,Remo Stars,Remo Stars,Enugu Rangers,Emeka Lawal,RW,20,57,36,Yellow Card,118.18,48.39,Complete,0.0
1370,2,Enugu Rangers,Remo Stars,Remo Stars,Enugu Rangers,Suleiman Garba,LW,6,57,43,Foul,83.72,57.84,Complete,0.0
1371,2,Enugu Rangers,Remo Stars,Remo Stars,Enugu Rangers,Adewale Usman,CM,3,57,59,Pass,102.15,2.52,Incomplete,0.0
1372,2,Enugu Rangers,Remo Stars,Enugu Rangers,Remo Stars,Victor Okafor,RW,18,58,1,Pass,61.53,41.92,Complete,0.0
1373,2,Enugu Rangers,Remo Stars,Enugu Rangers,Remo Stars,Kelechi Ndukwe,CB,12,58,7,Pass,11.38,28.21,Complete,0.0
1374,2,Enugu Rangers,Remo Stars,Remo Stars,Enugu Rangers,Rasheed Ojo,CM,1,58,12,Big Chance,107.59,11.06,On Target,0.4
1375,2,Enugu Rangers,Remo Stars,Enugu Rangers,Remo Stars,Chibuzor Chukwuma,CB,2,58,21,Pass,58.95,58.46,Complete,0.0
1376,2,Enugu Rangers,Remo Stars,Enugu Rangers,Remo Stars,Success Eze,LW,9,58,39,Tackle,33.63,53.77,Complete,0.0
1377,2,Enugu Rangers,Remo Stars,Remo Stars,Enugu Rangers,Chibuzor Abubakar,RW,29,58,42,Successful Dribble,84.23,34.06,Complete,0.0
1378,2,Enugu Rangers,Remo Stars,Enugu Rangers,Remo Stars,Kunle Onuoha,LB,19,58,46,Interception,19.28,48.78,Complete,0.0
1379,2,Enugu Rangers,Remo Stars,Remo Stars,Enugu Rangers,Bayo Afolabi,CB,12,58,48,Foul,56.28,48.19,Complete,0.0
1380,2,Enugu Rangers,Remo Stars,Remo Stars,Enugu Rangers,Godwin Garba,LW,11,58,54,Pass,93.01,31.91,Complete,0.0
1381,2,Enugu Rangers,Remo Stars,Remo Stars,Enugu Rangers,Obinna Egwuekwe,RB,15,59,3,Tackle,50.56,19.81,Complete,0.0
1382,2,Enugu Rangers,Remo Stars,Enugu Rangers,Remo Stars,Chibuzor Chukwuma,CB,2,59,9,Tackle,16.59,7.76,Complete,0.0
1383,2,Enugu Rangers,Remo Stars,Enugu Rangers,Remo Stars,Chibuzor Chukwuma,CB,2,59,9,Tackle,44.9,39.93,Complete,0.0
1384,2,Enugu Rangers,Remo Stars,Remo Stars,Enugu Rangers,Daniel Chukwuma,RW,7,59,10,Shot,118.35,22.99,On Target,0.31
1385,2,Enugu Rangers,Remo Stars,Remo Stars,Enugu Rangers,Godwin Garba,LW,11,59,11,Cross,74.91,63.32,Complete,0.0
1386,2,Enugu Rangers,Remo Stars,Enugu Rangers,Remo Stars,Wale Egwuekwe,CAM,21,59,14,Foul,11.03,38.76,Complete,0.0
1387,2,Enugu Rangers,Remo Stars,Remo Stars,Enugu Rangers,Rasheed Ojo,CM,1,59,19,Pass,56.38,49.55,Complete,0.0
1388,2,Enugu Rangers,Remo Stars,Enugu Rangers,Remo Stars,Emmanuel Okafor,LW,4,59,27,Turnover,28.87,11.69,Complete,0.0
1389,2,Enugu Rangers,Remo Stars,Enugu Rangers,Remo Stars,Success Okonkwo,GK,24,59,38,Pass,92.63,29.93,Complete,0.0
1390,2,Enugu Rangers,Remo Stars,Enugu Rangers,Remo Stars,Ifeanyi Balogun,LB,14,59,46,Goal,115.0,32.31,Goal,0.498
1391,2,Enugu Rangers,Remo Stars,Enugu Rangers,Remo Stars,Chibuzor Chukwuma,CB,2,59,48,Turnover,72.13,50.31,Complete,0.0
1392,2,Enugu Rangers,Remo Stars,Remo Stars,Enugu Rangers,Samuel Adebayo,CDM,2,59,51,Turnover,89.9,34.14,Complete,0.0
1393,2,Enugu Rangers,Remo Stars,Enugu Rangers,Remo Stars,Emmanuel Okafor,LW,4,59,58,Pass,49.97,7.16,Complete,0.0
1394,2,Enugu Rangers,Remo Stars,Remo Stars,Enugu Rangers,Suleiman Garba,LW,6,60,2,Corner,112.65,76.94,Complete,0.0
1395,2,Enugu Rangers,Remo Stars,Remo Stars,Enugu Rangers,Femi Ekong,LB,16,60,10,Pass,37.62,58.09,Incomplete,0.0
1396,2,Enugu Rangers,Remo Stars,Enugu Rangers,Remo Stars,Rasheed Adebayo,CB,11,60,13,Pass,26.94,66.73,Complete,0.0
1397,2,Enugu Rangers,Remo Stars,Remo Stars,Enugu Rangers,Tunde Etim,RW,4,60,14,Interception,65.09,64.04,Complete,0.0
1398,2,Enugu Rangers,Remo Stars,Enugu Rangers,Remo Stars,Uche Mohammed,CAM,16,60,21,Pass,75.63,23.72,Complete,0.0
1399,2,Enugu Rangers,Remo Stars,Enugu Rangers,Remo Stars,Victor Okafor,RW,18,60,36,Pass,117.23,4.45,Complete,0.0
1400,2,Enugu Rangers,Remo Stars,Enugu Rangers,Remo Stars,Wale Egwuekwe,CAM,21,60,40,Successful Dribble,30.48,69.1,Complete,0.0
1401,2,Enugu Rangers,Remo Stars,Remo Stars,Enugu Rangers,Samuel Adebayo,CDM,2,60,55,Successful Dribble,75.06,26.28,Complete,0.0
1402,2,Enugu Rangers,Remo Stars,Remo Stars,Enugu Rangers,Rasheed Ojo,CM,1,60,58,Successful Dribble,77.17,36.08,Complete,0.0
1403,2,Enugu Rangers,Remo Stars,Enugu Rangers,Remo Stars,Victor Okonkwo,GK,29,61,6,Pass,64.98,43.71,Incomplete,0.0
1404,2,Enugu Rangers,Remo Stars,Enugu Rangers,Remo Stars,Kelechi Ndukwe,CB,12,61,11,Pass,56.5,55.29,Complete,0.0
1405,2,Enugu Rangers,Remo Stars,Remo Stars,Enugu Rangers,Yemi Sanni,RW,14,61,25,Turnover,80.79,20.71,Complete,0.0
1406,2,Enugu Rangers,Remo Stars,Enugu Rangers,Remo Stars,Ifeanyi Balogun,LB,14,61,26,Tackle,21.82,57.39,Complete,0.0
1407,2,Enugu Rangers,Remo Stars,Remo Stars,Enugu Rangers,Chidi Mustapha,CM,25,61,38,Tackle,52.01,57.53,Complete,0.0
1408,2,Enugu Rangers,Remo Stars,Remo Stars,Enugu Rangers,Rasheed Ojo,CM,1,61,38,Shot,111.02,72.93,On Target,0.121
1409,2,Enugu Rangers,Remo Stars,Enugu Rangers,Remo Stars,Success Okonkwo,GK,24,61,38,Successful Dribble,2.46,17.65,Complete,0.0
1410,2,Enugu Rangers,Remo Stars,Remo Stars,Enugu Rangers,Femi Ekong,LB,16,61,44,Dangerous Pass,96.64,32.18,Complete,0.0
1411,2,Enugu Rangers,Remo Stars,Remo Stars,Enugu Rangers,Femi Ekong,LB,16,61,46,Tackle,61.9,61.66,Complete,0.0
1412,2,Enugu Rangers,Remo Stars,Enugu Rangers,Remo Stars,Chibuzor Chukwuma,CB,2,62,5,Interception,21.0,25.12,Complete,0.0
1413,2,Enugu Rangers,Remo Stars,Remo Stars,Enugu Rangers,Obinna Egwuekwe,RB,15,62,9,Pass,1.22,72.46,Complete,0.0
1414,2,Enugu Rangers,Remo Stars,Remo Stars,Enugu Rangers,Femi Ekong,LB,16,62,10,Shot on Target,109.43,54.69,Off Target,0.299
1415,2,Enugu Rangers,Remo Stars,Enugu Rangers,Remo Stars,Joseph Lawal,RB,22,62,23,Successful Dribble,3.03,35.35,Complete,0.0
1416,2,Enugu Rangers,Remo Stars,Enugu Rangers,Remo Stars,Chidi Okonkwo,RB,28,62,26,Progressive Pass,94.68,9.63,Complete,0.0
1417,2,Enugu Rangers,Remo Stars,Remo Stars,Enugu Rangers,Obinna Egwuekwe,RB,15,62,37,Shot,92.49,29.25,Off Target,0.172
1418,2,Enugu Rangers,Remo Stars,Remo Stars,Enugu Rangers,Suleiman Garba,LW,6,62,40,Pass,29.69,0.0,Incomplete,0.0
1419,2,Enugu Rangers,Remo Stars,Remo Stars,Enugu Rangers,Rasheed Ojo,CM,1,62,49,Successful Dribble,10.3,13.9,Complete,0.0
1420,2,Enugu Rangers,Remo Stars,Remo Stars,Enugu Rangers,Yemi Sanni,RW,14,63,3,Shot,89.1,26.8,On Target,0.127
1421,2,Enugu Rangers,Remo Stars,Remo Stars,Enugu Rangers,Femi Ekong,LB,16,63,20,Pass,55.79,26.56,Complete,0.0
1422,2,Enugu Rangers,Remo Stars,Enugu Rangers,Remo Stars,Ifeanyi Balogun,LB,14,63,26,Tackle,44.05,24.34,Complete,0.0
1423,2,Enugu Rangers,Remo Stars,Remo Stars,Enugu Rangers,Adewale Usman,CM,3,63,35,Shot,99.72,53.42,Off Target,0.23
1424,2,Enugu Rangers,Remo Stars,Remo Stars,Enugu Rangers,Adewale Usman,CM,3,63,49,Pass,43.27,47.71,Complete,0.0
1425,2,Enugu Rangers,Remo Stars,Remo Stars,Enugu Rangers,Chibuzor Abubakar,RW,29,63,53,Progressive Pass,16.44,57.55,Complete,0.0
1426,2,Enugu Rangers,Remo Stars,Enugu Rangers,Remo Stars,Chibuzor Chukwuma,CB,2,64,14,Dangerous Pass,91.97,20.76,Complete,0.0
1427,2,Enugu Rangers,Remo Stars,Remo Stars,Enugu Rangers,Chidi Mustapha,CM,25,64,33,Shot,106.9,58.33,Off Target,0.25
1428,2,Enugu Rangers,Remo Stars,Enugu Rangers,Remo Stars,Victor Okonkwo,GK,29,64,36,Progressive Pass,103.22,18.84,Complete,0.0
1429,2,Enugu Rangers,Remo Stars,Enugu Rangers,Remo Stars,Kelechi Ndukwe,CB,12,64,37,Pass,89.95,35.6,Complete,0.0
1430,2,Enugu Rangers,Remo Stars,Remo Stars,Enugu Rangers,Suleiman Garba,LW,6,64,38,Pass,2.91,30.89,Complete,0.0
1431,2,Enugu Rangers,Remo Stars,Remo Stars,Enugu Rangers,Femi Ekong,LB,16,64,45,Shot,110.09,43.69,On Target,0.383
1432,2,Enugu Rangers,Remo Stars,Enugu Rangers,Remo Stars,Success Okonkwo,GK,24,64,48,Pass,34.41,59.12,Complete,0.0
1433,2,Enugu Rangers,Remo Stars,Enugu Rangers,Remo Stars,Suleiman Abubakar,CDM,6,64,52,Tackle,18.07,16.63,Complete,0.0
1434,2,Enugu Rangers,Remo Stars,Enugu Rangers,Remo Stars,Kelechi Ndukwe,CB,12,64,56,Big Chance,97.28,43.67,On Target,0.494
1435,2,Enugu Rangers,Remo Stars,Enugu Rangers,Remo Stars,Wale Egwuekwe,CAM,21,64,59,Successful Dribble,97.04,54.21,Complete,0.0
1436,2,Enugu Rangers,Remo Stars,Enugu Rangers,Remo Stars,Success Okonkwo,GK,24,65,16,Turnover,51.91,2.75,Complete,0.0
1437,2,Enugu Rangers,Remo Stars,Remo Stars,Enugu Rangers,Godwin Garba,LW,11,65,21,Pass,112.79,36.41,Complete,0.0
1438,2,Enugu Rangers,Remo Stars,Remo Stars,Enugu Rangers,Bayo Afolabi,CB,12,65,23,Pass,89.18,35.42,Complete,0.0
1439,2,Enugu Rangers,Remo Stars,Remo Stars,Enugu Rangers,Samuel Adebayo,CDM,2,65,23,Pass,10.21,60.52,Complete,0.0
1440,2,Enugu Rangers,Remo Stars,Enugu Rangers,Remo Stars,Ifeanyi Balogun,LB,14,65,29,Progressive Pass,42.71,58.49,Complete,0.0
1441,2,Enugu Rangers,Remo Stars,Remo Stars,Enugu Rangers,Yemi Sanni,RW,14,65,39,Interception,31.17,6.3,Complete,0.0
1442,2,Enugu Rangers,Remo Stars,Remo Stars,Enugu Rangers,Yemi Sanni,RW,14,65,40,Shot on Target,90.42,42.04,On Target,0.171
1443,2,Enugu Rangers,Remo Stars,Enugu Rangers,Remo Stars,Chibuzor Chukwuma,CB,2,65,40,Progressive Pass,28.42,15.78,Complete,0.0
1444,2,Enugu Rangers,Remo Stars,Remo Stars,Enugu Rangers,Femi Ekong,LB,16,65,48,Turnover,32.31,23.49,Complete,0.0
1445,2,Enugu Rangers,Remo Stars,Enugu Rangers,Remo Stars,Success Okonkwo,GK,24,66,1,Corner,96.35,41.14,Complete,0.0
1446,2,Enugu Rangers,Remo Stars,Enugu Rangers,Remo Stars,Victor Okafor,RW,18,66,3,Successful Dribble,26.92,18.38,Complete,0.0
1447,2,Enugu Rangers,Remo Stars,Remo Stars,Enugu Rangers,Daniel Oyelaran,RB,19,66,7,Shot,108.59,34.83,Off Target,0.361
1448,2,Enugu Rangers,Remo Stars,Enugu Rangers,Remo Stars,Victor Okonkwo,GK,29,66,11,Turnover,10.43,31.85,Complete,0.0
1449,2,Enugu Rangers,Remo Stars,Remo Stars,Enugu Rangers,Godwin Garba,LW,11,66,12,Successful Dribble,21.76,57.39,Complete,0.0
1450,2,Enugu Rangers,Remo Stars,Enugu Rangers,Remo Stars,Wale Egwuekwe,CAM,21,66,17,Progressive Pass,12.96,33.98,Complete,0.0
1451,2,Enugu Rangers,Remo Stars,Remo Stars,Enugu Rangers,Bayo Afolabi,CB,12,66,18,Corner,92.88,1.31,Complete,0.0
1452,2,Enugu Rangers,Remo Stars,Remo Stars,Enugu Rangers,Suleiman Garba,LW,6,66,21,Dangerous Pass,82.67,8.47,Complete,0.0
1453,2,Enugu Rangers,Remo Stars,Remo Stars,Enugu Rangers,Daniel Oyelaran,RB,19,66,21,Pass,99.41,12.5,Complete,0.0
1454,2,Enugu Rangers,Remo Stars,Remo Stars,Enugu Rangers,Suleiman Garba,LW,6,66,22,Pass,26.84,42.46,Complete,0.0
1455,2,Enugu Rangers,Remo Stars,Remo Stars,Enugu Rangers,Godwin Garba,LW,11,66,22,Progressive Pass,76.08,38.19,Complete,0.0
1456,2,Enugu Rangers,Remo Stars,Remo Stars,Enugu Rangers,Chibuzor Abubakar,RW,29,66,25,Turnover,75.06,47.4,Complete,0.0
1457,2,Enugu Rangers,Remo Stars,Remo Stars,Enugu Rangers,Daniel Chukwuma,RW,7,66,35,Yellow Card,68.77,35.65,Complete,0.0
1458,2,Enugu Rangers,Remo Stars,Remo Stars,Enugu Rangers,Obinna Sanni,RB,26,66,42,Corner,91.54,39.07,Complete,0.0
1459,2,Enugu Rangers,Remo Stars,Enugu Rangers,Remo Stars,Chibuzor Chukwuma,CB,2,66,53,Pass,71.9,65.32,Complete,0.0
1460,2,Enugu Rangers,Remo Stars,Enugu Rangers,Remo Stars,Rasheed Adebayo,CB,11,66,59,Turnover,59.67,52.6,Complete,0.0
1461,2,Enugu Rangers,Remo Stars,Enugu Rangers,Remo Stars,Victor Okonkwo,GK,29,67,1,Foul,33.36,24.7,Complete,0.0
1462,2,Enugu Rangers,Remo Stars,Remo Stars,Enugu Rangers,Obinna Sanni,RB,26,67,11,Shot,91.78,33.48,Off Target,0.178
1463,2,Enugu Rangers,Remo Stars,Enugu Rangers,Remo Stars,Success Ogundele,CM,20,67,14,Dangerous Pass,91.62,41.91,Incomplete,0.0
1464,2,Enugu Rangers,Remo Stars,Enugu Rangers,Remo Stars,Joseph Lawal,RB,22,67,16,Turnover,27.96,62.26,Complete,0.0
1465,2,Enugu Rangers,Remo Stars,Enugu Rangers,Remo Stars,Success Okonkwo,GK,24,67,19,Pass,110.99,28.67,Incomplete,0.0
1466,2,Enugu Rangers,Remo Stars,Remo Stars,Enugu Rangers,Daniel Chukwuma,RW,7,67,34,Foul,47.68,55.61,Complete,0.0
1467,2,Enugu Rangers,Remo Stars,Remo Stars,Enugu Rangers,Suleiman Garba,LW,6,67,37,Yellow Card,114.8,43.97,Complete,0.0
1468,2,Enugu Rangers,Remo Stars,Enugu Rangers,Remo Stars,Chibuzor Chukwuma,CB,2,67,39,Pass,21.56,30.11,Complete,0.0
1469,2,Enugu Rangers,Remo Stars,Remo Stars,Enugu Rangers,Yemi Sanni,RW,14,68,0,Foul,45.83,24.96,Complete,0.0
1470,2,Enugu Rangers,Remo Stars,Remo Stars,Enugu Rangers,Adewale Usman,CM,3,68,19,Pass,37.31,38.81,Complete,0.0
1471,2,Enugu Rangers,Remo Stars,Remo Stars,Enugu Rangers,Bayo Afolabi,CB,12,68,23,Foul,12.89,38.05,Complete,0.0
1472,2,Enugu Rangers,Remo Stars,Remo Stars,Enugu Rangers,Suleiman Garba,LW,6,68,28,Progressive Pass,11.41,54.64,Complete,0.0
1473,2,Enugu Rangers,Remo Stars,Enugu Rangers,Remo Stars,Chibuzor Chukwuma,CB,2,68,35,Cross,72.88,28.66,Complete,0.0
1474,2,Enugu Rangers,Remo Stars,Enugu Rangers,Remo Stars,Rasheed Adebayo,CB,11,68,39,Turnover,18.86,58.03,Complete,0.0
1475,2,Enugu Rangers,Remo Stars,Remo Stars,Enugu Rangers,Obinna Sanni,RB,26,68,50,Pass,57.84,0.0,Complete,0.0
1476,2,Enugu Rangers,Remo Stars,Enugu Rangers,Remo Stars,Emmanuel Okafor,LW,4,69,13,Pass,33.57,27.77,Complete,0.0
1477,2,Enugu Rangers,Remo Stars,Enugu Rangers,Remo Stars,Emmanuel Okafor,LW,4,69,21,Pass,103.92,0.0,Complete,0.0
1478,2,Enugu Rangers,Remo Stars,Remo Stars,Enugu Rangers,Samuel Adebayo,CDM,2,69,27,Pass,92.52,15.93,Complete,0.0
1479,2,Enugu Rangers,Remo Stars,Remo Stars,Enugu Rangers,Tunde Etim,RW,4,69,32,Progressive Pass,113.83,80.0,Complete,0.0
1480,2,Enugu Rangers,Remo Stars,Enugu Rangers,Remo Stars,Ifeanyi Balogun,LB,14,69,45,Interception,64.46,68.14,Complete,0.0
1481,2,Enugu Rangers,Remo Stars,Remo Stars,Enugu Rangers,Daniel Oyelaran,RB,19,69,57,Corner,103.26,54.37,Complete,0.0
1482,2,Enugu Rangers,Remo Stars,Remo Stars,Enugu Rangers,Chibuzor Abubakar,RW,29,69,57,Foul,15.63,56.9,Complete,0.0
1483,2,Enugu Rangers,Remo Stars,Remo Stars,Enugu Rangers,Emeka Lawal,RW,20,70,5,Successful Dribble,116.6,47.96,Complete,0.0
1484,2,Enugu Rangers,Remo Stars,Enugu Rangers,Remo Stars,Kelechi Ndukwe,CB,12,70,7,Foul,31.82,35.86,Complete,0.0
1485,2,Enugu Rangers,Remo Stars,Remo Stars,Enugu Rangers,Emeka Lawal,RW,20,70,9,Dangerous Pass,75.07,31.6,Incomplete,0.0
1486,2,Enugu Rangers,Remo Stars,Enugu Rangers,Remo Stars,Victor Okafor,RW,18,70,10,Pass,105.51,51.64,Complete,0.0
1487,2,Enugu Rangers,Remo Stars,Enugu Rangers,Remo Stars,Kunle Onuoha,LB,19,70,13,Pass,21.73,7.18,Complete,0.0
1488,2,Enugu Rangers,Remo Stars,Remo Stars,Enugu Rangers,Adewale Usman,CM,3,70,25,Pass,1.43,70.38,Complete,0.0
1489,2,Enugu Rangers,Remo Stars,Enugu Rangers,Remo Stars,Uche Mohammed,CAM,16,70,39,Foul,41.05,80.0,Complete,0.0
1490,2,Enugu Rangers,Remo Stars,Enugu Rangers,Remo Stars,Kunle Onuoha,LB,19,70,45,Turnover,10.85,34.51,Complete,0.0
1491,2,Enugu Rangers,Remo Stars,Remo Stars,Enugu Rangers,Bayo Afolabi,CB,12,70,54,Successful Dribble,76.73,12.3,Complete,0.0
1492,2,Enugu Rangers,Remo Stars,Enugu Rangers,Remo Stars,Success Okonkwo,GK,24,71,2,Progressive Pass,85.35,63.65,Complete,0.0
1493,2,Enugu Rangers,Remo Stars,Remo Stars,Enugu Rangers,Femi Ekong,LB,16,71,2,Dangerous Pass,70.06,33.99,Complete,0.0
1494,2,Enugu Rangers,Remo Stars,Remo Stars,Enugu Rangers,Adewale Usman,CM,3,71,10,Pass,103.28,19.15,Complete,0.0
1495,2,Enugu Rangers,Remo Stars,Enugu Rangers,Remo Stars,Rasheed Adebayo,CB,11,71,20,Pass,12.38,43.21,Complete,0.0
1496,2,Enugu Rangers,Remo Stars,Remo Stars,Enugu Rangers,Daniel Oyelaran,RB,19,71,39,Tackle,85.35,46.97,Complete,0.0
1497,2,Enugu Rangers,Remo Stars,Enugu Rangers,Remo Stars,Chidi Okonkwo,RB,28,71,41,Interception,54.56,26.08,Complete,0.0
1498,2,Enugu Rangers,Remo Stars,Enugu Rangers,Remo Stars,Victor Okafor,RW,18,71,56,Tackle,34.95,3.51,Complete,0.0
1499,2,Enugu Rangers,Remo Stars,Remo Stars,Enugu Rangers,Suleiman Garba,LW,6,71,58,Tackle,20.58,46.97,Complete,0.0
1500,2,Enugu Rangers,Remo Stars,Remo Stars,Enugu Rangers,Chidi Mustapha,CM,25,72,10,Progressive Pass,106.59,48.36,Complete,0.0
1501,2,Enugu Rangers,Remo Stars,Enugu Rangers,Remo Stars,Kelechi Ndukwe,CB,12,72,15,Foul,68.84,38.06,Complete,0.0
1502,2,Enugu Rangers,Remo Stars,Enugu Rangers,Remo Stars,Wale Egwuekwe,CAM,21,72,24,Pass,87.88,45.67,Complete,0.0
1503,2,Enugu Rangers,Remo Stars,Remo Stars,Enugu Rangers,Daniel Chukwuma,RW,7,72,30,Turnover,37.16,80.0,Complete,0.0
1504,2,Enugu Rangers,Remo Stars,Remo Stars,Enugu Rangers,Samuel Adebayo,CDM,2,72,32,Pass,104.24,41.62,Complete,0.0
1505,2,Enugu Rangers,Remo Stars,Remo Stars,Enugu Rangers,Godwin Garba,LW,11,72,47,Tackle,86.44,24.9,Complete,0.0
1506,2,Enugu Rangers,Remo Stars,Remo Stars,Enugu Rangers,Obinna Sanni,RB,26,72,53,Corner,77.8,3.61,Complete,0.0
1507,2,Enugu Rangers,Remo Stars,Remo Stars,Enugu Rangers,Obinna Egwuekwe,RB,15,72,57,Shot,103.98,18.98,Off Target,0.206
1508,2,Enugu Rangers,Remo Stars,Enugu Rangers,Remo Stars,Emmanuel Okafor,LW,4,73,3,Pass,1.11,26.58,Complete,0.0
1509,2,Enugu Rangers,Remo Stars,Remo Stars,Enugu Rangers,Daniel Oyelaran,RB,19,73,6,Foul,29.47,25.73,Complete,0.0
1510,2,Enugu Rangers,Remo Stars,Remo Stars,Enugu Rangers,Rasheed Ojo,CM,1,73,18,Progressive Pass,89.3,70.79,Complete,0.0
1511,2,Enugu Rangers,Remo Stars,Enugu Rangers,Remo Stars,Kunle Onuoha,LB,19,73,23,Pass,81.9,38.25,Complete,0.0
1512,2,Enugu Rangers,Remo Stars,Remo Stars,Enugu Rangers,Godwin Garba,LW,11,73,24,Yellow Card,38.15,36.02,Complete,0.0
1513,2,Enugu Rangers,Remo Stars,Enugu Rangers,Remo Stars,Victor Okonkwo,GK,29,73,30,Shot on Target,91.45,49.03,Off Target,0.167
1514,2,Enugu Rangers,Remo Stars,Remo Stars,Enugu Rangers,Obinna Sanni,RB,26,73,30,Interception,66.13,61.68,Complete,0.0
1515,2,Enugu Rangers,Remo Stars,Enugu Rangers,Remo Stars,Chidi Okonkwo,RB,28,73,40,Pass,45.98,39.17,Complete,0.0
1516,2,Enugu Rangers,Remo Stars,Enugu Rangers,Remo Stars,Uche Mohammed,CAM,16,73,43,Pass,57.13,45.25,Complete,0.0
1517,2,Enugu Rangers,Remo Stars,Remo Stars,Enugu Rangers,Adewale Usman,CM,3,73,46,Interception,86.18,43.23,Complete,0.0
1518,2,Enugu Rangers,Remo Stars,Remo Stars,Enugu Rangers,Suleiman Garba,LW,6,73,49,Foul,63.26,46.87,Complete,0.0
1519,2,Enugu Rangers,Remo Stars,Remo Stars,Enugu Rangers,Suleiman Garba,LW,6,73,53,Progressive Pass,29.92,19.69,Complete,0.0
1520,2,Enugu Rangers,Remo Stars,Enugu Rangers,Remo Stars,Rasheed Adebayo,CB,11,74,17,Foul,20.06,60.07,Complete,0.0
1521,2,Enugu Rangers,Remo Stars,Enugu Rangers,Remo Stars,Success Ogundele,CM,20,74,17,Pass,93.1,19.89,Complete,0.0
1522,2,Enugu Rangers,Remo Stars,Enugu Rangers,Remo Stars,Chidi Okonkwo,RB,28,74,27,Pass,106.63,44.15,Incomplete,0.0
1523,2,Enugu Rangers,Remo Stars,Enugu Rangers,Remo Stars,Victor Okonkwo,GK,29,74,31,Progressive Pass,10.86,40.26,Complete,0.0
1524,2,Enugu Rangers,Remo Stars,Remo Stars,Enugu Rangers,Suleiman Garba,LW,6,74,36,Interception,66.59,48.5,Complete,0.0
1525,2,Enugu Rangers,Remo Stars,Enugu Rangers,Remo Stars,Rasheed Adebayo,CB,11,74,41,Pass,16.53,32.25,Incomplete,0.0
1526,2,Enugu Rangers,Remo Stars,Remo Stars,Enugu Rangers,Godwin Garba,LW,11,74,48,Pass,111.68,23.72,Incomplete,0.0
1527,2,Enugu Rangers,Remo Stars,Remo Stars,Enugu Rangers,Adewale Usman,CM,3,75,2,Tackle,10.0,59.09,Complete,0.0
1528,2,Enugu Rangers,Remo Stars,Remo Stars,Enugu Rangers,Bayo Afolabi,CB,12,75,6,Interception,72.42,47.26,Complete,0.0
1529,2,Enugu Rangers,Remo Stars,Remo Stars,Enugu Rangers,Bayo Afolabi,CB,12,75,16,Successful Dribble,5.35,60.86,Complete,0.0
1530,2,Enugu Rangers,Remo Stars,Enugu Rangers,Remo Stars,Suleiman Abubakar,CDM,6,75,17,Progressive Pass,94.87,57.42,Complete,0.0
1531,2,Enugu Rangers,Remo Stars,Enugu Rangers,Remo Stars,Uche Mohammed,CAM,16,75,21,Dangerous Pass,81.3,5.33,Complete,0.0
1532,2,Enugu Rangers,Remo Stars,Enugu Rangers,Remo Stars,Kunle Onuoha,LB,19,75,21,Pass,59.77,67.61,Complete,0.0
1533,2,Enugu Rangers,Remo Stars,Remo Stars,Enugu Rangers,Chibuzor Abubakar,RW,29,75,24,Turnover,53.93,24.88,Complete,0.0
1534,2,Enugu Rangers,Remo Stars,Enugu Rangers,Remo Stars,Emmanuel Okafor,LW,4,75,26,Progressive Pass,52.33,35.57,Complete,0.0
1535,2,Enugu Rangers,Remo Stars,Remo Stars,Enugu Rangers,Daniel Oyelaran,RB,19,75,26,Interception,38.89,38.74,Complete,0.0
1536,2,Enugu Rangers,Remo Stars,Enugu Rangers,Remo Stars,Success Okonkwo,GK,24,75,31,Cross,80.72,23.55,Incomplete,0.0
1537,2,Enugu Rangers,Remo Stars,Remo Stars,Enugu Rangers,Yemi Sanni,RW,14,75,36,Cross,90.44,13.58,Complete,0.0
1538,2,Enugu Rangers,Remo Stars,Remo Stars,Enugu Rangers,Daniel Chukwuma,RW,7,75,56,Interception,50.48,5.17,Complete,0.0
1539,2,Enugu Rangers,Remo Stars,Enugu Rangers,Remo Stars,Rasheed Adebayo,CB,11,76,29,Pass,77.66,35.73,Complete,0.0
1540,2,Enugu Rangers,Remo Stars,Remo Stars,Enugu Rangers,Femi Ekong,LB,16,76,32,Dangerous Pass,117.49,14.82,Complete,0.0
1541,2,Enugu Rangers,Remo Stars,Remo Stars,Enugu Rangers,Suleiman Garba,LW,6,76,39,Shot,114.51,37.9,Off Target,0.435
1542,2,Enugu Rangers,Remo Stars,Enugu Rangers,Remo Stars,Joseph Lawal,RB,22,77,10,Shot,109.88,62.29,Off Target,0.228
1543,2,Enugu Rangers,Remo Stars,Remo Stars,Enugu Rangers,Chibuzor Abubakar,RW,29,77,13,Shot on Target,101.04,33.94,On Target,0.279
1544,2,Enugu Rangers,Remo Stars,Enugu Rangers,Remo Stars,Uche Mohammed,CAM,16,77,19,Pass,115.88,61.63,Complete,0.0
1545,2,Enugu Rangers,Remo Stars,Remo Stars,Enugu Rangers,Chibuzor Abubakar,RW,29,77,31,Tackle,25.46,56.0,Complete,0.0
1546,2,Enugu Rangers,Remo Stars,Remo Stars,Enugu Rangers,Bayo Afolabi,CB,12,77,32,Interception,48.82,48.32,Complete,0.0
1547,2,Enugu Rangers,Remo Stars,Remo Stars,Enugu Rangers,Godwin Garba,LW,11,77,39,Pass,72.5,28.71,Complete,0.0
1548,2,Enugu Rangers,Remo Stars,Enugu Rangers,Remo Stars,Success Ogundele,CM,20,77,39,Tackle,43.9,37.95,Complete,0.0
1549,2,Enugu Rangers,Remo Stars,Remo Stars,Enugu Rangers,Chibuzor Abubakar,RW,29,77,40,Big Chance,102.1,57.8,On Target,0.469
1550,2,Enugu Rangers,Remo Stars,Enugu Rangers,Remo Stars,Kelechi Ndukwe,CB,12,77,43,Yellow Card,78.3,65.94,Complete,0.0
1551,2,Enugu Rangers,Remo Stars,Enugu Rangers,Remo Stars,Wale Egwuekwe,CAM,21,77,55,Dangerous Pass,101.77,43.55,Complete,0.0
1552,2,Enugu Rangers,Remo Stars,Enugu Rangers,Remo Stars,Chibuzor Chukwuma,CB,2,77,56,Foul,47.44,40.54,Complete,0.0
1553,2,Enugu Rangers,Remo Stars,Remo Stars,Enugu Rangers,Yemi Sanni,RW,14,78,4,Offside,41.57,42.7,Complete,0.0
1554,2,Enugu Rangers,Remo Stars,Enugu Rangers,Remo Stars,Kunle Onuoha,LB,19,78,4,Tackle,86.55,32.32,Complete,0.0
1555,2,Enugu Rangers,Remo Stars,Enugu Rangers,Remo Stars,Kunle Onuoha,LB,19,78,10,Pass,6.21,54.96,Complete,0.0
1556,2,Enugu Rangers,Remo Stars,Remo Stars,Enugu Rangers,Yemi Sanni,RW,14,78,10,Tackle,14.18,25.01,Complete,0.0
1557,2,Enugu Rangers,Remo Stars,Remo Stars,Enugu Rangers,Obinna Egwuekwe,RB,15,78,11,Shot,117.7,46.77,Off Target,0.421
1558,2,Enugu Rangers,Remo Stars,Enugu Rangers,Remo Stars,Ifeanyi Balogun,LB,14,78,11,Big Chance,107.72,42.01,Off Target,0.612
1559,2,Enugu Rangers,Remo Stars,Remo Stars,Enugu Rangers,Obinna Sanni,RB,26,78,12,Shot,92.23,45.02,Off Target,0.186
1560,2,Enugu Rangers,Remo Stars,Enugu Rangers,Remo Stars,Emmanuel Okafor,LW,4,78,16,Successful Dribble,119.22,40.61,Complete,0.0
1561,2,Enugu Rangers,Remo Stars,Remo Stars,Enugu Rangers,Adewale Usman,CM,3,78,20,Interception,16.78,34.62,Complete,0.0
1562,2,Enugu Rangers,Remo Stars,Remo Stars,Enugu Rangers,Suleiman Garba,LW,6,78,29,Pass,2.62,31.16,Complete,0.0
1563,2,Enugu Rangers,Remo Stars,Enugu Rangers,Remo Stars,Rasheed Adebayo,CB,11,78,33,Pass,93.35,0.0,Complete,0.0
1564,2,Enugu Rangers,Remo Stars,Enugu Rangers,Remo Stars,Wale Egwuekwe,CAM,21,78,40,Big Chance,100.73,51.39,Off Target,0.501
1565,2,Enugu Rangers,Remo Stars,Enugu Rangers,Remo Stars,Emmanuel Okafor,LW,4,78,40,Pass,101.14,12.88,Complete,0.0
1566,2,Enugu Rangers,Remo Stars,Remo Stars,Enugu Rangers,Obinna Sanni,RB,26,78,45,Dangerous Pass,80.75,1.32,Complete,0.0
1567,2,Enugu Rangers,Remo Stars,Remo Stars,Enugu Rangers,Adewale Usman,CM,3,78,48,Interception,80.38,37.54,Complete,0.0
1568,2,Enugu Rangers,Remo Stars,Enugu Rangers,Remo Stars,Rasheed Adebayo,CB,11,79,4,Pass,107.74,0.0,Complete,0.0
1569,2,Enugu Rangers,Remo Stars,Remo Stars,Enugu Rangers,Godwin Garba,LW,11,79,16,Pass,20.93,63.25,Complete,0.0
1570,2,Enugu Rangers,Remo Stars,Remo Stars,Enugu Rangers,Samuel Adebayo,CDM,2,79,17,Foul,79.99,44.04,Complete,0.0
1571,2,Enugu Rangers,Remo Stars,Enugu Rangers,Remo Stars,Emmanuel Okafor,LW,4,79,19,Cross,81.11,31.05,Complete,0.0
1572,2,Enugu Rangers,Remo Stars,Remo Stars,Enugu Rangers,Tunde Etim,RW,4,79,37,Goal,100.82,51.64,Goal,0.351
1573,2,Enugu Rangers,Remo Stars,Enugu Rangers,Remo Stars,Victor Okonkwo,GK,29,79,39,Dangerous Pass,113.22,80.0,Complete,0.0
1574,2,Enugu Rangers,Remo Stars,Enugu Rangers,Remo Stars,Uche Mohammed,CAM,16,79,39,Pass,23.51,19.64,Complete,0.0
1575,2,Enugu Rangers,Remo Stars,Enugu Rangers,Remo Stars,Ifeanyi Balogun,LB,14,79,49,Tackle,67.37,51.23,Complete,0.0
1576,2,Enugu Rangers,Remo Stars,Enugu Rangers,Remo Stars,Rasheed Adebayo,CB,11,79,59,Turnover,64.63,8.66,Complete,0.0
1577,2,Enugu Rangers,Remo Stars,Enugu Rangers,Remo Stars,Uche Mohammed,CAM,16,80,13,Foul,31.99,72.82,Complete,0.0
1578,2,Enugu Rangers,Remo Stars,Enugu Rangers,Remo Stars,Success Eze,LW,9,80,27,Tackle,82.52,0.0,Complete,0.0
1579,2,Enugu Rangers,Remo Stars,Enugu Rangers,Remo Stars,Rasheed Adebayo,CB,11,80,31,Cross,110.72,18.89,Complete,0.0
1580,2,Enugu Rangers,Remo Stars,Enugu Rangers,Remo Stars,Wale Egwuekwe,CAM,21,80,42,Successful Dribble,23.19,25.89,Complete,0.0
1581,2,Enugu Rangers,Remo Stars,Enugu Rangers,Remo Stars,Success Ogundele,CM,20,80,52,Tackle,88.16,41.38,Complete,0.0
1582,2,Enugu Rangers,Remo Stars,Remo Stars,Enugu Rangers,Yemi Sanni,RW,14,81,3,Interception,16.95,25.84,Complete,0.0
1583,2,Enugu Rangers,Remo Stars,Remo Stars,Enugu Rangers,Samuel Adebayo,CDM,2,81,10,Progressive Pass,115.15,27.79,Complete,0.0
1584,2,Enugu Rangers,Remo Stars,Remo Stars,Enugu Rangers,Yemi Sanni,RW,14,81,11,Pass,70.27,29.05,Complete,0.0
1585,2,Enugu Rangers,Remo Stars,Remo Stars,Enugu Rangers,Emeka Lawal,RW,20,81,16,Interception,63.57,58.5,Complete,0.0
1586,2,Enugu Rangers,Remo Stars,Remo Stars,Enugu Rangers,Bayo Afolabi,CB,12,81,24,Progressive Pass,32.11,50.12,Complete,0.0
1587,2,Enugu Rangers,Remo Stars,Enugu Rangers,Remo Stars,Suleiman Abubakar,CDM,6,81,37,Pass,56.38,59.13,Incomplete,0.0
1588,2,Enugu Rangers,Remo Stars,Remo Stars,Enugu Rangers,Samuel Adebayo,CDM,2,81,40,Interception,39.87,23.97,Complete,0.0
1589,2,Enugu Rangers,Remo Stars,Remo Stars,Enugu Rangers,Daniel Chukwuma,RW,7,81,43,Progressive Pass,84.32,25.67,Complete,0.0
1590,2,Enugu Rangers,Remo Stars,Remo Stars,Enugu Rangers,Femi Ekong,LB,16,81,45,Pass,119.55,0.0,Incomplete,0.0
1591,2,Enugu Rangers,Remo Stars,Remo Stars,Enugu Rangers,Suleiman Garba,LW,6,81,55,Dangerous Pass,110.46,67.55,Complete,0.0
1592,2,Enugu Rangers,Remo Stars,Enugu Rangers,Remo Stars,Chibuzor Chukwuma,CB,2,81,57,Turnover,87.5,35.7,Complete,0.0
1593,2,Enugu Rangers,Remo Stars,Remo Stars,Enugu Rangers,Rasheed Ojo,CM,1,82,6,Interception,76.84,50.03,Complete,0.0
1594,2,Enugu Rangers,Remo Stars,Remo Stars,Enugu Rangers,Emeka Lawal,RW,20,82,19,Cross,78.89,22.06,Complete,0.0
1595,2,Enugu Rangers,Remo Stars,Enugu Rangers,Remo Stars,Uche Mohammed,CAM,16,82,20,Cross,84.2,37.82,Complete,0.0
1596,2,Enugu Rangers,Remo Stars,Enugu Rangers,Remo Stars,Success Eze,LW,9,82,37,Tackle,73.17,51.75,Complete,0.0
1597,2,Enugu Rangers,Remo Stars,Remo Stars,Enugu Rangers,Daniel Oyelaran,RB,19,82,40,Successful Dribble,107.13,51.12,Complete,0.0
1598,2,Enugu Rangers,Remo Stars,Remo Stars,Enugu Rangers,Suleiman Garba,LW,6,82,46,Shot on Target,98.73,37.87,On Target,0.263
1599,2,Enugu Rangers,Remo Stars,Remo Stars,Enugu Rangers,Femi Ekong,LB,16,82,51,Pass,83.74,42.67,Complete,0.0
1600,2,Enugu Rangers,Remo Stars,Enugu Rangers,Remo Stars,Uche Mohammed,CAM,16,82,59,Progressive Pass,21.46,43.72,Complete,0.0
1601,2,Enugu Rangers,Remo Stars,Remo Stars,Enugu Rangers,Obinna Sanni,RB,26,83,7,Turnover,70.01,60.41,Complete,0.0
1602,2,Enugu Rangers,Remo Stars,Enugu Rangers,Remo Stars,Success Eze,LW,9,83,11,Dangerous Pass,103.15,29.99,Complete,0.0
1603,2,Enugu Rangers,Remo Stars,Remo Stars,Enugu Rangers,Emeka Lawal,RW,20,83,18,Turnover,11.82,67.65,Complete,0.0
1604,2,Enugu Rangers,Remo Stars,Remo Stars,Enugu Rangers,Chibuzor Abubakar,RW,29,83,19,Tackle,81.72,37.65,Complete,0.0
1605,2,Enugu Rangers,Remo Stars,Enugu Rangers,Remo Stars,Joseph Lawal,RB,22,83,25,Shot on Target,89.11,35.42,Off Target,0.153
1606,2,Enugu Rangers,Remo Stars,Remo Stars,Enugu Rangers,Daniel Chukwuma,RW,7,83,26,Pass,31.19,37.36,Complete,0.0
1607,2,Enugu Rangers,Remo Stars,Remo Stars,Enugu Rangers,Tunde Etim,RW,4,83,34,Successful Dribble,51.55,43.04,Complete,0.0
1608,2,Enugu Rangers,Remo Stars,Enugu Rangers,Remo Stars,Ifeanyi Balogun,LB,14,83,37,Foul,33.84,7.19,Complete,0.0
1609,2,Enugu Rangers,Remo Stars,Remo Stars,Enugu Rangers,Tunde Etim,RW,4,83,42,Tackle,86.58,53.42,Complete,0.0
1610,2,Enugu Rangers,Remo Stars,Remo Stars,Enugu Rangers,Rasheed Ojo,CM,1,83,43,Progressive Pass,29.03,56.96,Complete,0.0
1611,2,Enugu Rangers,Remo Stars,Remo Stars,Enugu Rangers,Suleiman Garba,LW,6,83,49,Turnover,59.37,28.27,Complete,0.0
1612,2,Enugu Rangers,Remo Stars,Remo Stars,Enugu Rangers,Suleiman Garba,LW,6,84,0,Progressive Pass,10.16,29.5,Complete,0.0
1613,2,Enugu Rangers,Remo Stars,Enugu Rangers,Remo Stars,Success Eze,LW,9,84,8,Interception,64.75,28.87,Complete,0.0
1614,2,Enugu Rangers,Remo Stars,Enugu Rangers,Remo Stars,Kunle Onuoha,LB,19,84,8,Shot,99.8,30.4,On Target,0.252
1615,2,Enugu Rangers,Remo Stars,Remo Stars,Enugu Rangers,Obinna Sanni,RB,26,84,12,Cross,92.32,0.0,Complete,0.0
1616,2,Enugu Rangers,Remo Stars,Remo Stars,Enugu Rangers,Chibuzor Abubakar,RW,29,84,16,Pass,104.19,20.96,Complete,0.0
1617,2,Enugu Rangers,Remo Stars,Remo Stars,Enugu Rangers,Suleiman Garba,LW,6,84,31,Pass,34.92,21.51,Complete,0.0
1618,2,Enugu Rangers,Remo Stars,Remo Stars,Enugu Rangers,Daniel Oyelaran,RB,19,84,35,Turnover,64.21,60.81,Complete,0.0
1619,2,Enugu Rangers,Remo Stars,Enugu Rangers,Remo Stars,Success Ogundele,CM,20,85,4,Shot,96.71,42.65,On Target,0.24
1620,2,Enugu Rangers,Remo Stars,Remo Stars,Enugu Rangers,Chibuzor Abubakar,RW,29,85,14,Shot,107.41,24.15,Off Target,0.275
1621,2,Enugu Rangers,Remo Stars,Enugu Rangers,Remo Stars,Kunle Onuoha,LB,19,85,22,Progressive Pass,29.44,56.63,Complete,0.0
1622,2,Enugu Rangers,Remo Stars,Enugu Rangers,Remo Stars,Kunle Onuoha,LB,19,85,22,Progressive Pass,38.08,19.31,Complete,0.0
1623,2,Enugu Rangers,Remo Stars,Remo Stars,Enugu Rangers,Suleiman Garba,LW,6,85,29,Turnover,26.82,39.45,Complete,0.0
1624,2,Enugu Rangers,Remo Stars,Enugu Rangers,Remo Stars,Emmanuel Okafor,LW,4,85,32,Tackle,47.08,67.7,Complete,0.0
1625,2,Enugu Rangers,Remo Stars,Enugu Rangers,Remo Stars,Suleiman Abubakar,CDM,6,85,42,Offside,16.46,31.94,Complete,0.0
1626,2,Enugu Rangers,Remo Stars,Remo Stars,Enugu Rangers,Emeka Lawal,RW,20,85,48,Turnover,30.63,48.78,Complete,0.0
1627,2,Enugu Rangers,Remo Stars,Enugu Rangers,Remo Stars,Chibuzor Chukwuma,CB,2,85,49,Successful Dribble,59.16,48.51,Complete,0.0
1628,2,Enugu Rangers,Remo Stars,Enugu Rangers,Remo Stars,Emmanuel Okafor,LW,4,85,52,Progressive Pass,86.96,33.47,Complete,0.0
1629,2,Enugu Rangers,Remo Stars,Remo Stars,Enugu Rangers,Chibuzor Abubakar,RW,29,85,53,Shot,113.12,67.81,On Target,0.182
1630,2,Enugu Rangers,Remo Stars,Remo Stars,Enugu Rangers,Adewale Usman,CM,3,86,0,Progressive Pass,116.45,27.25,Complete,0.0
1631,2,Enugu Rangers,Remo Stars,Enugu Rangers,Remo Stars,Emmanuel Okafor,LW,4,86,19,Pass,51.79,28.87,Complete,0.0
1632,2,Enugu Rangers,Remo Stars,Enugu Rangers,Remo Stars,Victor Okafor,RW,18,86,21,Pass,111.59,71.62,Incomplete,0.0
1633,2,Enugu Rangers,Remo Stars,Remo Stars,Enugu Rangers,Obinna Egwuekwe,RB,15,86,22,Interception,28.38,35.36,Complete,0.0
1634,2,Enugu Rangers,Remo Stars,Remo Stars,Enugu Rangers,Emeka Lawal,RW,20,86,24,Shot on Target,114.5,23.24,Off Target,0.304
1635,2,Enugu Rangers,Remo Stars,Remo Stars,Enugu Rangers,Yemi Sanni,RW,14,86,24,Pass,114.78,61.14,Complete,0.0
1636,2,Enugu Rangers,Remo Stars,Remo Stars,Enugu Rangers,Samuel Adebayo,CDM,2,86,33,Pass,72.35,46.86,Complete,0.0
1637,2,Enugu Rangers,Remo Stars,Enugu Rangers,Remo Stars,Success Okonkwo,GK,24,86,36,Interception,66.53,24.11,Complete,0.0
1638,2,Enugu Rangers,Remo Stars,Remo Stars,Enugu Rangers,Yemi Sanni,RW,14,86,58,Tackle,46.37,15.83,Complete,0.0
1639,2,Enugu Rangers,Remo Stars,Enugu Rangers,Remo Stars,Emmanuel Okafor,LW,4,87,2,Turnover,56.14,14.71,Complete,0.0
1640,2,Enugu Rangers,Remo Stars,Enugu Rangers,Remo Stars,Wale Egwuekwe,CAM,21,87,15,Corner,98.61,51.06,Complete,0.0
1641,2,Enugu Rangers,Remo Stars,Remo Stars,Enugu Rangers,Obinna Sanni,RB,26,87,20,Turnover,44.03,22.25,Complete,0.0
1642,2,Enugu Rangers,Remo Stars,Remo Stars,Enugu Rangers,Daniel Oyelaran,RB,19,87,25,Turnover,32.34,55.83,Complete,0.0
1643,2,Enugu Rangers,Remo Stars,Enugu Rangers,Remo Stars,Success Ogundele,CM,20,87,30,Offside,104.05,21.51,Complete,0.0
1644,2,Enugu Rangers,Remo Stars,Remo Stars,Enugu Rangers,Godwin Garba,LW,11,87,34,Turnover,80.34,18.12,Complete,0.0
1645,2,Enugu Rangers,Remo Stars,Enugu Rangers,Remo Stars,Ifeanyi Balogun,LB,14,87,34,Pass,112.15,30.28,Complete,0.0
1646,2,Enugu Rangers,Remo Stars,Remo Stars,Enugu Rangers,Obinna Sanni,RB,26,87,35,Pass,40.66,38.74,Complete,0.0
1647,2,Enugu Rangers,Remo Stars,Remo Stars,Enugu Rangers,Yemi Sanni,RW,14,87,39,Interception,39.58,41.44,Complete,0.0
1648,2,Enugu Rangers,Remo Stars,Remo Stars,Enugu Rangers,Chidi Mustapha,CM,25,87,53,Turnover,75.45,37.47,Complete,0.0
1649,2,Enugu Rangers,Remo Stars,Enugu Rangers,Remo Stars,Chibuzor Chukwuma,CB,2,87,56,Turnover,87.05,26.5,Complete,0.0
1650,2,Enugu Rangers,Remo Stars,Enugu Rangers,Remo Stars,Wale Egwuekwe,CAM,21,87,57,Tackle,49.49,69.91,Complete,0.0
1651,2,Enugu Rangers,Remo Stars,Remo Stars,Enugu Rangers,Samuel Adebayo,CDM,2,88,11,Pass,82.38,28.24,Complete,0.0
1652,2,Enugu Rangers,Remo Stars,Remo Stars,Enugu Rangers,Rasheed Ojo,CM,1,88,13,Pass,82.88,37.93,Complete,0.0
1653,2,Enugu Rangers,Remo Stars,Remo Stars,Enugu Rangers,Emeka Lawal,RW,20,88,14,Pass,51.44,80.0,Complete,0.0
1654,2,Enugu Rangers,Remo Stars,Remo Stars,Enugu Rangers,Bayo Afolabi,CB,12,88,42,Tackle,55.68,41.52,Complete,0.0
1655,2,Enugu Rangers,Remo Stars,Remo Stars,Enugu Rangers,Yemi Sanni,RW,14,88,43,Pass,11.33,25.6,Complete,0.0
1656,2,Enugu Rangers,Remo Stars,Enugu Rangers,Remo Stars,Victor Okafor,RW,18,88,51,Pass,103.58,49.86,Complete,0.0
1657,2,Enugu Rangers,Remo Stars,Remo Stars,Enugu Rangers,Adewale Usman,CM,3,88,57,Pass,5.17,55.8,Complete,0.0
1658,2,Enugu Rangers,Remo Stars,Enugu Rangers,Remo Stars,Success Okonkwo,GK,24,89,5,Tackle,64.11,80.0,Complete,0.0
1659,2,Enugu Rangers,Remo Stars,Remo Stars,Enugu Rangers,Chidi Mustapha,CM,25,89,8,Pass,94.55,47.43,Complete,0.0
1660,2,Enugu Rangers,Remo Stars,Enugu Rangers,Remo Stars,Emmanuel Okafor,LW,4,89,17,Pass,59.78,44.89,Complete,0.0
1661,2,Enugu Rangers,Remo Stars,Enugu Rangers,Remo Stars,Chibuzor Chukwuma,CB,2,89,21,Dangerous Pass,80.59,70.41,Complete,0.0
1662,2,Enugu Rangers,Remo Stars,Enugu Rangers,Remo Stars,Rasheed Adebayo,CB,11,89,28,Shot on Target,98.51,4.48,On Target,0.039
1663,2,Enugu Rangers,Remo Stars,Enugu Rangers,Remo Stars,Wale Egwuekwe,CAM,21,90,0,Interception,82.47,40.25,Complete,0.0
1664,2,Enugu Rangers,Remo Stars,Enugu Rangers,Remo Stars,Suleiman Abubakar,CDM,6,90,6,Pass,86.06,34.66,Complete,0.0
1665,2,Enugu Rangers,Remo Stars,Enugu Rangers,Remo Stars,Success Okonkwo,GK,24,90,10,Pass,30.0,54.17,Incomplete,0.0
1666,2,Enugu Rangers,Remo Stars,Remo Stars,Enugu Rangers,Godwin Garba,LW,11,90,50,Successful Dribble,74.29,75.51,Complete,0.0
1667,3,Kwara United,Katsina United,Katsina United,Kwara United,Chukwuemeka Eze,CM,10,0,14,Progressive Pass,61.42,80.0,Complete,0.0
1668,3,Kwara United,Katsina United,Katsina United,Kwara United,Yusuf Adeyemi,CM,4,0,15,Foul,28.2,45.44,Complete,0.0
1669,3,Kwara United,Katsina United,Katsina United,Kwara United,Joseph Chukwu,CB,29,0,22,Shot,92.97,27.28,Off Target,0.168
1670,3,Kwara United,Katsina United,Katsina United,Kwara United,Victor Mustapha,LW,7,0,27,Foul,60.2,51.71,Complete,0.0
1671,3,Kwara United,Katsina United,Katsina United,Kwara United,Abubakar Ojo,RB,19,0,30,Shot,95.63,40.75,Off Target,0.229
1672,3,Kwara United,Katsina United,Katsina United,Kwara United,Chukwuemeka Eze,CM,10,0,38,Cross,116.04,61.07,Complete,0.0
1673,3,Kwara United,Katsina United,Kwara United,Katsina United,Ifeanyi Usman,GK,16,0,41,Pass,115.42,61.34,Incomplete,0.0
1674,3,Kwara United,Katsina United,Kwara United,Katsina United,Uche Etim,LW,17,0,43,Pass,59.86,31.64,Complete,0.0
1675,3,Kwara United,Katsina United,Katsina United,Kwara United,Yusuf Adeyemi,CM,4,0,47,Foul,59.93,75.38,Complete,0.0
1676,3,Kwara United,Katsina United,Kwara United,Katsina United,Samuel Ndukwe,RW,10,0,57,Pass,42.36,36.71,Complete,0.0
1677,3,Kwara United,Katsina United,Kwara United,Katsina United,Uche Etim,LW,17,0,57,Turnover,28.29,69.57,Complete,0.0
1678,3,Kwara United,Katsina United,Kwara United,Katsina United,Godwin Adeyemi,CB,6,0,57,Pass,107.78,50.4,Complete,0.0
1679,3,Kwara United,Katsina United,Kwara United,Katsina United,Kelechi Balogun,CB,9,1,16,Pass,33.73,34.06,Complete,0.0
1680,3,Kwara United,Katsina United,Kwara United,Katsina United,Bayo Okonkwo,RB,22,1,18,Pass,60.2,22.55,Incomplete,0.0
1681,3,Kwara United,Katsina United,Kwara United,Katsina United,Samuel Ndukwe,RW,10,1,24,Pass,29.34,80.0,Complete,0.0
1682,3,Kwara United,Katsina United,Kwara United,Katsina United,Divine Ojo,LW,21,1,27,Pass,110.73,63.16,Complete,0.0
1683,3,Kwara United,Katsina United,Kwara United,Katsina United,Godwin Adeyemi,CB,6,1,41,Shot,118.73,0.0,On Target,0.055
1684,3,Kwara United,Katsina United,Katsina United,Kwara United,Godwin Usman,LW,16,1,47,Big Chance,93.53,63.74,Off Target,0.355
1685,3,Kwara United,Katsina United,Katsina United,Kwara United,Uche Osazuwa,LB,15,2,1,Pass,107.78,39.03,Complete,0.0
1686,3,Kwara United,Katsina United,Katsina United,Kwara United,Chukwuemeka Eze,CM,10,2,4,Dangerous Pass,98.33,60.12,Complete,0.0
1687,3,Kwara United,Katsina United,Katsina United,Kwara United,Godwin Usman,LW,16,2,9,Pass,15.87,33.85,Complete,0.0
1688,3,Kwara United,Katsina United,Katsina United,Kwara United,Abubakar Ojo,RB,19,2,33,Pass,26.68,75.49,Complete,0.0
1689,3,Kwara United,Katsina United,Kwara United,Katsina United,Chidi Adeyemi,RB,12,2,36,Pass,23.49,15.4,Complete,0.0
1690,3,Kwara United,Katsina United,Kwara United,Katsina United,Kelechi Ojo,RW,3,2,38,Pass,64.02,25.53,Complete,0.0
1691,3,Kwara United,Katsina United,Kwara United,Katsina United,Success Ogundele,LW,25,2,39,Pass,42.96,16.92,Complete,0.0
1692,3,Kwara United,Katsina United,Kwara United,Katsina United,Ifeanyi Usman,GK,16,2,42,Pass,40.43,6.84,Complete,0.0
1693,3,Kwara United,Katsina United,Katsina United,Kwara United,Joseph Chukwu,CB,29,2,43,Pass,14.45,21.7,Complete,0.0
1694,3,Kwara United,Katsina United,Kwara United,Katsina United,Segun Chukwuma,ST,14,2,48,Successful Dribble,20.48,57.6,Complete,0.0
1695,3,Kwara United,Katsina United,Katsina United,Kwara United,Adewale Mustapha,ST,2,2,56,Interception,50.72,15.94,Complete,0.0
1696,3,Kwara United,Katsina United,Katsina United,Kwara United,Suleiman Sanni,CM,13,3,3,Dangerous Pass,72.57,30.97,Complete,0.0
1697,3,Kwara United,Katsina United,Kwara United,Katsina United,Godwin Adeyemi,CB,6,3,5,Pass,62.73,47.41,Complete,0.0
1698,3,Kwara United,Katsina United,Kwara United,Katsina United,Samuel Ndukwe,RW,10,3,15,Offside,12.14,35.83,Complete,0.0
1699,3,Kwara United,Katsina United,Katsina United,Kwara United,Adewale Mustapha,ST,2,3,18,Cross,111.27,51.57,Complete,0.0
1700,3,Kwara United,Katsina United,Katsina United,Kwara United,Emmanuel Balogun,CDM,18,3,20,Pass,16.03,20.43,Complete,0.0
1701,3,Kwara United,Katsina United,Katsina United,Kwara United,Yusuf Adeyemi,CM,4,3,32,Dangerous Pass,94.96,18.09,Complete,0.0
1702,3,Kwara United,Katsina United,Katsina United,Kwara United,Adewale Adeyemi,CDM,23,3,35,Pass,42.39,32.23,Complete,0.0
1703,3,Kwara United,Katsina United,Katsina United,Kwara United,Joseph Chukwu,CB,29,3,48,Pass,26.29,49.12,Complete,0.0
1704,3,Kwara United,Katsina United,Katsina United,Kwara United,Musa Ibrahim,LB,17,4,0,Pass,113.45,41.68,Complete,0.0
1705,3,Kwara United,Katsina United,Kwara United,Katsina United,Segun Chukwuma,ST,14,4,1,Pass,83.39,23.18,Complete,0.0
1706,3,Kwara United,Katsina United,Katsina United,Kwara United,Emeka Adebayo,LW,12,4,4,Tackle,58.18,37.33,Complete,0.0
1707,3,Kwara United,Katsina United,Kwara United,Katsina United,Kelechi Balogun,CB,9,4,9,Shot on Target,115.2,60.06,Off Target,0.271
1708,3,Kwara United,Katsina United,Kwara United,Katsina United,Kelechi Balogun,CB,9,4,16,Progressive Pass,85.66,7.87,Incomplete,0.0
1709,3,Kwara United,Katsina United,Katsina United,Kwara United,Emmanuel Adisa,CAM,1,4,19,Tackle,51.12,10.47,Complete,0.0
1710,3,Kwara United,Katsina United,Kwara United,Katsina United,Samuel Ndukwe,RW,10,4,20,Pass,6.47,46.0,Complete,0.0
1711,3,Kwara United,Katsina United,Kwara United,Katsina United,Kunle Bello,ST,23,4,27,Foul,77.53,0.69,Complete,0.0
1712,3,Kwara United,Katsina United,Kwara United,Katsina United,Kunle Mustapha,LB,24,4,29,Shot,110.71,30.78,Off Target,0.355
1713,3,Kwara United,Katsina United,Katsina United,Kwara United,Uche Osazuwa,LB,15,4,32,Dangerous Pass,77.36,22.56,Complete,0.0
1714,3,Kwara United,Katsina United,Kwara United,Katsina United,Segun Chukwuma,ST,14,4,34,Dangerous Pass,111.32,33.01,Incomplete,0.0
1715,3,Kwara United,Katsina United,Kwara United,Katsina United,Godwin Adeyemi,CB,6,4,45,Progressive Pass,103.88,8.64,Complete,0.0
1716,3,Kwara United,Katsina United,Katsina United,Kwara United,Emeka Adebayo,LW,12,4,50,Pass,101.63,73.88,Complete,0.0
1717,3,Kwara United,Katsina United,Kwara United,Katsina United,Kelechi Ojo,RW,3,4,52,Tackle,67.31,34.35,Complete,0.0
1718,3,Kwara United,Katsina United,Kwara United,Katsina United,Success Ogundele,LW,25,5,6,Pass,28.4,44.04,Complete,0.0
1719,3,Kwara United,Katsina United,Katsina United,Kwara United,Emmanuel Abubakar,CDM,14,5,8,Progressive Pass,34.4,78.07,Complete,0.0
1720,3,Kwara United,Katsina United,Kwara United,Katsina United,Godwin Adeyemi,CB,6,5,15,Progressive Pass,87.85,29.72,Complete,0.0
1721,3,Kwara United,Katsina United,Katsina United,Kwara United,Joseph Chukwu,CB,29,5,16,Shot,115.86,12.47,Off Target,0.191
1722,3,Kwara United,Katsina United,Katsina United,Kwara United,Abubakar Ojo,RB,19,5,26,Successful Dribble,119.2,15.11,Complete,0.0
1723,3,Kwara United,Katsina United,Kwara United,Katsina United,Kunle Bello,ST,23,5,27,Tackle,24.48,63.16,Complete,0.0
1724,3,Kwara United,Katsina United,Katsina United,Kwara United,Adewale Mustapha,ST,2,5,40,Tackle,37.72,46.88,Complete,0.0
1725,3,Kwara United,Katsina United,Kwara United,Katsina United,Sani Okoye,RB,7,5,57,Pass,97.06,0.0,Complete,0.0
1726,3,Kwara United,Katsina United,Katsina United,Kwara United,Emmanuel Balogun,CDM,18,5,59,Pass,71.1,64.3,Complete,0.0
1727,3,Kwara United,Katsina United,Kwara United,Katsina United,Kunle Bello,ST,23,6,29,Tackle,34.1,15.65,Complete,0.0
1728,3,Kwara United,Katsina United,Kwara United,Katsina United,Uche Etim,LW,17,6,42,Dangerous Pass,116.13,80.0,Complete,0.0
1729,3,Kwara United,Katsina United,Katsina United,Kwara United,Yusuf Adeyemi,CM,4,6,46,Dangerous Pass,88.61,50.18,Complete,0.0
1730,3,Kwara United,Katsina United,Kwara United,Katsina United,Kelechi Balogun,CB,9,7,9,Progressive Pass,103.18,58.22,Complete,0.0
1731,3,Kwara United,Katsina United,Katsina United,Kwara United,Emmanuel Adisa,CAM,1,7,12,Successful Dribble,78.6,42.83,Complete,0.0
1732,3,Kwara United,Katsina United,Katsina United,Kwara United,Adewale Adeyemi,CDM,23,7,13,Pass,41.46,55.77,Incomplete,0.0
1733,3,Kwara United,Katsina United,Kwara United,Katsina United,Success Ogundele,LW,25,7,16,Successful Dribble,24.32,70.59,Complete,0.0
1734,3,Kwara United,Katsina United,Kwara United,Katsina United,Kunle Bello,ST,23,7,16,Tackle,75.03,32.87,Complete,0.0
1735,3,Kwara United,Katsina United,Kwara United,Katsina United,Success Ogundele,LW,25,7,20,Foul,52.19,12.51,Complete,0.0
1736,3,Kwara United,Katsina United,Katsina United,Kwara United,Emmanuel Abubakar,CDM,14,7,25,Offside,49.58,50.19,Complete,0.0
1737,3,Kwara United,Katsina United,Kwara United,Katsina United,Kunle Bello,ST,23,7,31,Big Chance,108.44,38.61,Off Target,0.621
1738,3,Kwara United,Katsina United,Katsina United,Kwara United,Yusuf Adeyemi,CM,4,7,53,Cross,91.19,43.84,Complete,0.0
1739,3,Kwara United,Katsina United,Kwara United,Katsina United,Segun Chukwuma,ST,14,8,10,Pass,15.21,27.8,Complete,0.0
1740,3,Kwara United,Katsina United,Kwara United,Katsina United,Divine Ojo,LW,21,8,16,Foul,83.85,43.77,Complete,0.0
1741,3,Kwara United,Katsina United,Kwara United,Katsina United,Kunle Mustapha,LB,24,8,21,Foul,34.77,0.1,Complete,0.0
1742,3,Kwara United,Katsina United,Katsina United,Kwara United,Ikechukwu Etim,GK,6,8,23,Interception,50.26,64.98,Complete,0.0
1743,3,Kwara United,Katsina United,Kwara United,Katsina United,Ifeanyi Usman,GK,16,8,23,Turnover,73.67,42.11,Complete,0.0
1744,3,Kwara United,Katsina United,Katsina United,Kwara United,Emmanuel Balogun,CDM,18,8,25,Cross,77.12,28.92,Complete,0.0
1745,3,Kwara United,Katsina United,Kwara United,Katsina United,Bayo Okonkwo,RB,22,8,31,Pass,78.2,0.0,Complete,0.0
1746,3,Kwara United,Katsina United,Kwara United,Katsina United,Success Ogundele,LW,25,8,37,Successful Dribble,71.07,53.22,Complete,0.0
1747,3,Kwara United,Katsina United,Katsina United,Kwara United,Suleiman Sanni,CM,13,8,43,Interception,37.92,32.91,Complete,0.0
1748,3,Kwara United,Katsina United,Kwara United,Katsina United,Bayo Okonkwo,RB,22,8,47,Progressive Pass,78.58,49.53,Complete,0.0
1749,3,Kwara United,Katsina United,Kwara United,Katsina United,Uche Etim,LW,17,9,14,Dangerous Pass,78.58,51.53,Complete,0.0
1750,3,Kwara United,Katsina United,Katsina United,Kwara United,Adewale Mustapha,ST,2,9,29,Tackle,28.98,54.72,Complete,0.0
1751,3,Kwara United,Katsina United,Katsina United,Kwara United,Godwin Usman,LW,16,9,41,Pass,45.22,17.49,Complete,0.0
1752,3,Kwara United,Katsina United,Kwara United,Katsina United,Success Ogundele,LW,25,9,42,Interception,63.88,77.66,Complete,0.0
1753,3,Kwara United,Katsina United,Katsina United,Kwara United,Yusuf Adeyemi,CM,4,9,42,Foul,57.68,45.26,Complete,0.0
1754,3,Kwara United,Katsina United,Kwara United,Katsina United,Kunle Mustapha,LB,24,9,54,Foul,52.78,20.26,Complete,0.0
1755,3,Kwara United,Katsina United,Kwara United,Katsina United,Kunle Mustapha,LB,24,9,54,Interception,86.43,28.11,Complete,0.0
1756,3,Kwara United,Katsina United,Kwara United,Katsina United,Ifeanyi Usman,GK,16,10,6,Pass,56.25,39.93,Incomplete,0.0
1757,3,Kwara United,Katsina United,Kwara United,Katsina United,Ifeanyi Usman,GK,16,10,8,Interception,42.39,78.25,Complete,0.0
1758,3,Kwara United,Katsina United,Kwara United,Katsina United,Kunle Bello,ST,23,10,9,Successful Dribble,3.97,41.34,Complete,0.0
1759,3,Kwara United,Katsina United,Kwara United,Katsina United,Godwin Adeyemi,CB,6,10,11,Foul,47.32,60.19,Complete,0.0
1760,3,Kwara United,Katsina United,Kwara United,Katsina United,Samuel Ndukwe,RW,10,10,25,Shot,115.36,65.35,On Target,0.214
1761,3,Kwara United,Katsina United,Kwara United,Katsina United,Kelechi Ojo,RW,3,10,27,Dangerous Pass,78.02,37.79,Complete,0.0
1762,3,Kwara United,Katsina United,Katsina United,Kwara United,Emeka Adebayo,LW,12,10,44,Cross,77.99,29.3,Complete,0.0
1763,3,Kwara United,Katsina United,Katsina United,Kwara United,Suleiman Sanni,CM,13,10,45,Pass,45.25,41.51,Complete,0.0
1764,3,Kwara United,Katsina United,Kwara United,Katsina United,Segun Chukwuma,ST,14,10,46,Pass,75.06,31.76,Complete,0.0
1765,3,Kwara United,Katsina United,Kwara United,Katsina United,Success Ogundele,LW,25,10,46,Shot,89.86,40.11,On Target,0.165
1766,3,Kwara United,Katsina United,Katsina United,Kwara United,Emmanuel Adisa,CAM,1,10,50,Tackle,20.26,42.94,Complete,0.0
1767,3,Kwara United,Katsina United,Katsina United,Kwara United,Emmanuel Abubakar,CDM,14,10,53,Successful Dribble,119.89,13.76,Complete,0.0
1768,3,Kwara United,Katsina United,Katsina United,Kwara United,Adewale Mustapha,ST,2,10,57,Offside,96.64,63.89,Complete,0.0
1769,3,Kwara United,Katsina United,Katsina United,Kwara United,Abubakar Ojo,RB,19,11,4,Interception,14.26,20.23,Complete,0.0
1770,3,Kwara United,Katsina United,Kwara United,Katsina United,Kunle Mustapha,LB,24,11,5,Progressive Pass,17.5,44.87,Complete,0.0
1771,3,Kwara United,Katsina United,Katsina United,Kwara United,Musa Ibrahim,LB,17,11,21,Interception,27.33,15.79,Complete,0.0
1772,3,Kwara United,Katsina United,Kwara United,Katsina United,Chidi Adeyemi,RB,12,11,22,Turnover,43.86,19.12,Complete,0.0
1773,3,Kwara United,Katsina United,Kwara United,Katsina United,Success Ogundele,LW,25,11,26,Turnover,38.66,50.58,Complete,0.0
1774,3,Kwara United,Katsina United,Kwara United,Katsina United,Chidi Adeyemi,RB,12,11,29,Pass,29.51,41.25,Complete,0.0
1775,3,Kwara United,Katsina United,Katsina United,Kwara United,Ikechukwu Etim,GK,6,11,31,Progressive Pass,118.92,20.28,Complete,0.0
1776,3,Kwara United,Katsina United,Katsina United,Kwara United,Suleiman Sanni,CM,13,11,36,Successful Dribble,12.4,29.92,Complete,0.0
1777,3,Kwara United,Katsina United,Kwara United,Katsina United,Godwin Adeyemi,CB,6,11,43,Pass,46.96,43.13,Incomplete,0.0
1778,3,Kwara United,Katsina United,Kwara United,Katsina United,Kelechi Adebayo,GK,28,11,53,Pass,26.76,52.78,Complete,0.0
1779,3,Kwara United,Katsina United,Katsina United,Kwara United,Emmanuel Abubakar,CDM,14,11,53,Foul,31.52,3.19,Complete,0.0
1780,3,Kwara United,Katsina United,Kwara United,Katsina United,Kunle Bello,ST,23,11,56,Tackle,30.55,10.85,Complete,0.0
1781,3,Kwara United,Katsina United,Kwara United,Katsina United,Sani Okoye,RB,7,12,19,Foul,52.55,16.07,Complete,0.0
1782,3,Kwara United,Katsina United,Kwara United,Katsina United,Samuel Ndukwe,RW,10,12,19,Interception,51.58,26.28,Complete,0.0
1783,3,Kwara United,Katsina United,Kwara United,Katsina United,Kunle Mustapha,LB,24,12,21,Pass,119.39,55.53,Incomplete,0.0
1784,3,Kwara United,Katsina United,Katsina United,Kwara United,Uche Osazuwa,LB,15,12,26,Turnover,80.4,58.64,Complete,0.0
1785,3,Kwara United,Katsina United,Katsina United,Kwara United,Musa Ibrahim,LB,17,12,28,Progressive Pass,23.36,39.86,Complete,0.0
1786,3,Kwara United,Katsina United,Katsina United,Kwara United,Chukwuemeka Eze,CM,10,12,42,Pass,2.7,40.82,Complete,0.0
1787,3,Kwara United,Katsina United,Katsina United,Kwara United,Adewale Mustapha,ST,2,13,3,Dangerous Pass,117.95,56.4,Complete,0.0
1788,3,Kwara United,Katsina United,Kwara United,Katsina United,Divine Ojo,LW,21,13,14,Pass,59.46,43.88,Complete,0.0
1789,3,Kwara United,Katsina United,Kwara United,Katsina United,Chidi Adeyemi,RB,12,13,16,Dangerous Pass,71.02,47.71,Complete,0.0
1790,3,Kwara United,Katsina United,Kwara United,Katsina United,Kelechi Balogun,CB,9,13,23,Yellow Card,38.83,26.95,Complete,0.0
1791,3,Kwara United,Katsina United,Katsina United,Kwara United,Yusuf Adeyemi,CM,4,13,32,Cross,81.8,30.78,Complete,0.0
1792,3,Kwara United,Katsina United,Katsina United,Kwara United,Victor Mustapha,LW,7,13,36,Progressive Pass,84.4,38.19,Complete,0.0
1793,3,Kwara United,Katsina United,Katsina United,Kwara United,Musa Ibrahim,LB,17,13,46,Successful Dribble,8.76,53.3,Complete,0.0
1794,3,Kwara United,Katsina United,Katsina United,Kwara United,Musa Ibrahim,LB,17,13,47,Tackle,45.33,0.0,Complete,0.0
1795,3,Kwara United,Katsina United,Katsina United,Kwara United,Emmanuel Abubakar,CDM,14,13,49,Progressive Pass,9.98,11.12,Complete,0.0
1796,3,Kwara United,Katsina United,Kwara United,Katsina United,Uche Etim,LW,17,13,50,Pass,114.07,63.47,Complete,0.0
1797,3,Kwara United,Katsina United,Kwara United,Katsina United,Chidi Adeyemi,RB,12,13,53,Corner,103.88,80.0,Complete,0.0
1798,3,Kwara United,Katsina United,Katsina United,Kwara United,Musa Ibrahim,LB,17,14,17,Shot,112.79,60.28,Off Target,0.261
1799,3,Kwara United,Katsina United,Katsina United,Kwara United,Emmanuel Abubakar,CDM,14,14,18,Pass,11.15,42.15,Complete,0.0
1800,3,Kwara United,Katsina United,Kwara United,Katsina United,Kelechi Ojo,RW,3,14,30,Pass,84.04,52.96,Complete,0.0
1801,3,Kwara United,Katsina United,Kwara United,Katsina United,Divine Ojo,LW,21,14,37,Pass,92.49,24.84,Complete,0.0
1802,3,Kwara United,Katsina United,Kwara United,Katsina United,Divine Ojo,LW,21,14,40,Foul,15.62,29.24,Complete,0.0
1803,3,Kwara United,Katsina United,Katsina United,Kwara United,Uche Osazuwa,LB,15,14,49,Interception,61.35,6.14,Complete,0.0
1804,3,Kwara United,Katsina United,Kwara United,Katsina United,Ifeanyi Usman,GK,16,14,51,Successful Dribble,50.86,36.21,Complete,0.0
1805,3,Kwara United,Katsina United,Kwara United,Katsina United,Sani Okoye,RB,7,14,55,Pass,110.08,48.28,Complete,0.0
1806,3,Kwara United,Katsina United,Kwara United,Katsina United,Sani Okoye,RB,7,14,58,Interception,27.83,43.12,Complete,0.0
1807,3,Kwara United,Katsina United,Katsina United,Kwara United,Joseph Chukwu,CB,29,15,0,Progressive Pass,50.11,4.27,Complete,0.0
1808,3,Kwara United,Katsina United,Katsina United,Kwara United,Adewale Adeyemi,CDM,23,15,3,Pass,61.18,39.77,Complete,0.0
1809,3,Kwara United,Katsina United,Kwara United,Katsina United,Kunle Bello,ST,23,15,10,Turnover,61.92,22.7,Complete,0.0
1810,3,Kwara United,Katsina United,Katsina United,Kwara United,Chukwuemeka Eze,CM,10,15,10,Pass,88.27,55.79,Incomplete,0.0
1811,3,Kwara United,Katsina United,Kwara United,Katsina United,Kelechi Balogun,CB,9,15,10,Pass,104.13,44.19,Complete,0.0
1812,3,Kwara United,Katsina United,Kwara United,Katsina United,Godwin Adeyemi,CB,6,15,23,Pass,92.67,60.65,Complete,0.0
1813,3,Kwara United,Katsina United,Katsina United,Kwara United,Adewale Mustapha,ST,2,15,23,Pass,17.69,4.09,Complete,0.0
1814,3,Kwara United,Katsina United,Kwara United,Katsina United,Victor Lawal,CAM,29,15,39,Foul,45.88,42.4,Complete,0.0
1815,3,Kwara United,Katsina United,Katsina United,Kwara United,Victor Mustapha,LW,7,15,45,Foul,60.26,22.0,Complete,0.0
1816,3,Kwara United,Katsina United,Katsina United,Kwara United,Uche Osazuwa,LB,15,15,51,Shot on Target,110.33,44.71,Off Target,0.38
1817,3,Kwara United,Katsina United,Katsina United,Kwara United,Victor Mustapha,LW,7,16,4,Pass,119.28,44.52,Complete,0.0
1818,3,Kwara United,Katsina United,Kwara United,Katsina United,Ifeanyi Usman,GK,16,16,7,Interception,14.18,48.5,Complete,0.0
1819,3,Kwara United,Katsina United,Kwara United,Katsina United,Kelechi Balogun,CB,9,16,11,Cross,87.62,56.56,Complete,0.0
1820,3,Kwara United,Katsina United,Katsina United,Kwara United,Yusuf Adeyemi,CM,4,16,12,Shot,116.78,22.47,On Target,0.302
1821,3,Kwara United,Katsina United,Katsina United,Kwara United,Victor Mustapha,LW,7,16,19,Progressive Pass,97.14,61.79,Complete,0.0
1822,3,Kwara United,Katsina United,Kwara United,Katsina United,Uche Etim,LW,17,16,37,Pass,112.62,80.0,Incomplete,0.0
1823,3,Kwara United,Katsina United,Katsina United,Kwara United,Emeka Adebayo,LW,12,16,42,Pass,78.65,35.77,Incomplete,0.0
1824,3,Kwara United,Katsina United,Kwara United,Katsina United,Kelechi Adebayo,GK,28,16,43,Pass,20.39,34.78,Complete,0.0
1825,3,Kwara United,Katsina United,Kwara United,Katsina United,Samuel Ndukwe,RW,10,16,51,Cross,74.98,0.0,Complete,0.0
1826,3,Kwara United,Katsina United,Kwara United,Katsina United,Godwin Adeyemi,CB,6,16,59,Tackle,51.27,71.21,Complete,0.0
1827,3,Kwara United,Katsina United,Kwara United,Katsina United,Ifeanyi Usman,GK,16,17,9,Tackle,74.81,14.03,Complete,0.0
1828,3,Kwara United,Katsina United,Kwara United,Katsina United,Segun Chukwuma,ST,14,17,12,Pass,54.51,38.93,Complete,0.0
1829,3,Kwara United,Katsina United,Kwara United,Katsina United,Godwin Adeyemi,CB,6,17,12,Interception,27.29,34.3,Complete,0.0
1830,3,Kwara United,Katsina United,Katsina United,Kwara United,Joseph Chukwu,CB,29,17,31,Tackle,86.05,12.05,Complete,0.0
1831,3,Kwara United,Katsina United,Kwara United,Katsina United,Success Ogundele,LW,25,17,32,Dangerous Pass,100.83,29.33,Complete,0.0
1832,3,Kwara United,Katsina United,Kwara United,Katsina United,Divine Ojo,LW,21,17,35,Pass,67.33,38.86,Complete,0.0
1833,3,Kwara United,Katsina United,Kwara United,Katsina United,Godwin Adeyemi,CB,6,17,35,Interception,38.5,43.37,Complete,0.0
1834,3,Kwara United,Katsina United,Kwara United,Katsina United,Success Ogundele,LW,25,17,50,Tackle,52.25,40.18,Complete,0.0
1835,3,Kwara United,Katsina United,Katsina United,Kwara United,Adewale Adeyemi,CDM,23,18,3,Shot,107.89,59.7,Off Target,0.243
1836,3,Kwara United,Katsina United,Katsina United,Kwara United,Victor Mustapha,LW,7,18,3,Pass,26.82,80.0,Complete,0.0
1837,3,Kwara United,Katsina United,Kwara United,Katsina United,Kunle Mustapha,LB,24,18,8,Interception,63.22,43.0,Complete,0.0
1838,3,Kwara United,Katsina United,Kwara United,Katsina United,Sani Okoye,RB,7,18,9,Pass,28.04,63.77,Complete,0.0
1839,3,Kwara United,Katsina United,Katsina United,Kwara United,Adewale Mustapha,ST,2,18,10,Progressive Pass,57.98,37.09,Complete,0.0
1840,3,Kwara United,Katsina United,Katsina United,Kwara United,Musa Ibrahim,LB,17,18,12,Tackle,64.67,48.09,Complete,0.0
1841,3,Kwara United,Katsina United,Kwara United,Katsina United,Divine Ojo,LW,21,18,14,Foul,13.73,30.96,Complete,0.0
1842,3,Kwara United,Katsina United,Katsina United,Kwara United,Joseph Chukwu,CB,29,18,22,Progressive Pass,78.67,57.21,Incomplete,0.0
1843,3,Kwara United,Katsina United,Kwara United,Katsina United,Godwin Adeyemi,CB,6,18,38,Dangerous Pass,85.92,33.95,Complete,0.0
1844,3,Kwara United,Katsina United,Katsina United,Kwara United,Emeka Adebayo,LW,12,18,41,Tackle,87.29,14.48,Complete,0.0
1845,3,Kwara United,Katsina United,Katsina United,Kwara United,Victor Mustapha,LW,7,18,47,Tackle,84.79,5.73,Complete,0.0
1846,3,Kwara United,Katsina United,Kwara United,Katsina United,Kelechi Balogun,CB,9,19,4,Foul,33.04,15.66,Complete,0.0
1847,3,Kwara United,Katsina United,Kwara United,Katsina United,Kunle Bello,ST,23,19,24,Interception,74.65,6.75,Complete,0.0
1848,3,Kwara United,Katsina United,Katsina United,Kwara United,Uche Osazuwa,LB,15,19,30,Interception,36.19,21.33,Complete,0.0
1849,3,Kwara United,Katsina United,Kwara United,Katsina United,Godwin Adeyemi,CB,6,19,52,Pass,30.9,75.98,Incomplete,0.0
1850,3,Kwara United,Katsina United,Katsina United,Kwara United,Yusuf Adeyemi,CM,4,19,55,Cross,81.11,19.48,Complete,0.0
1851,3,Kwara United,Katsina United,Katsina United,Kwara United,Emeka Adebayo,LW,12,20,6,Turnover,50.31,0.0,Complete,0.0
1852,3,Kwara United,Katsina United,Katsina United,Kwara United,Chukwuemeka Eze,CM,10,20,11,Pass,64.1,40.49,Complete,0.0
1853,3,Kwara United,Katsina United,Kwara United,Katsina United,Kelechi Balogun,CB,9,20,11,Tackle,27.74,11.9,Complete,0.0
1854,3,Kwara United,Katsina United,Katsina United,Kwara United,Ikechukwu Etim,GK,6,20,25,Interception,55.17,41.78,Complete,0.0
1855,3,Kwara United,Katsina United,Katsina United,Kwara United,Victor Mustapha,LW,7,20,38,Pass,70.13,35.65,Complete,0.0
1856,3,Kwara United,Katsina United,Kwara United,Katsina United,Bayo Okonkwo,RB,22,20,43,Turnover,17.79,58.17,Complete,0.0
1857,3,Kwara United,Katsina United,Kwara United,Katsina United,Uche Etim,LW,17,20,47,Shot,106.22,36.19,On Target,0.341
1858,3,Kwara United,Katsina United,Kwara United,Katsina United,Kunle Bello,ST,23,20,51,Tackle,26.46,42.57,Complete,0.0
1859,3,Kwara United,Katsina United,Kwara United,Katsina United,Segun Chukwuma,ST,14,20,56,Dangerous Pass,84.49,62.31,Complete,0.0
1860,3,Kwara United,Katsina United,Katsina United,Kwara United,Suleiman Sanni,CM,13,21,0,Tackle,24.43,67.28,Complete,0.0
1861,3,Kwara United,Katsina United,Kwara United,Katsina United,Bayo Okonkwo,RB,22,21,3,Cross,106.99,42.93,Incomplete,0.0
1862,3,Kwara United,Katsina United,Katsina United,Kwara United,Adewale Adeyemi,CDM,23,21,14,Successful Dribble,50.68,0.0,Complete,0.0
1863,3,Kwara United,Katsina United,Katsina United,Kwara United,Emmanuel Balogun,CDM,18,21,19,Shot on Target,105.46,27.77,Off Target,0.289
1864,3,Kwara United,Katsina United,Kwara United,Katsina United,Segun Chukwuma,ST,14,21,24,Shot on Target,95.67,32.75,On Target,0.218
1865,3,Kwara United,Katsina United,Kwara United,Katsina United,Chidi Adeyemi,RB,12,21,33,Tackle,45.58,58.95,Complete,0.0
1866,3,Kwara United,Katsina United,Kwara United,Katsina United,Uche Etim,LW,17,21,45,Successful Dribble,37.66,63.97,Complete,0.0
1867,3,Kwara United,Katsina United,Katsina United,Kwara United,Suleiman Sanni,CM,13,21,56,Successful Dribble,109.37,40.85,Complete,0.0
1868,3,Kwara United,Katsina United,Katsina United,Kwara United,Emmanuel Balogun,CDM,18,22,1,Cross,85.86,46.88,Complete,0.0
1869,3,Kwara United,Katsina United,Katsina United,Kwara United,Chukwuemeka Eze,CM,10,22,11,Pass,19.02,23.51,Complete,0.0
1870,3,Kwara United,Katsina United,Kwara United,Katsina United,Divine Ojo,LW,21,22,16,Turnover,72.25,43.73,Complete,0.0
1871,3,Kwara United,Katsina United,Katsina United,Kwara United,Joseph Chukwu,CB,29,22,18,Pass,14.32,22.02,Complete,0.0
1872,3,Kwara United,Katsina United,Kwara United,Katsina United,Bayo Okonkwo,RB,22,22,20,Interception,38.03,44.23,Complete,0.0
1873,3,Kwara United,Katsina United,Katsina United,Kwara United,Suleiman Sanni,CM,13,22,20,Dangerous Pass,113.75,39.09,Complete,0.0
1874,3,Kwara United,Katsina United,Katsina United,Kwara United,Emmanuel Balogun,CDM,18,22,23,Interception,83.54,26.6,Complete,0.0
1875,3,Kwara United,Katsina United,Kwara United,Katsina United,Uche Etim,LW,17,22,24,Yellow Card,38.97,49.99,Complete,0.0
1876,3,Kwara United,Katsina United,Katsina United,Kwara United,Uche Osazuwa,LB,15,22,24,Yellow Card,110.83,43.35,Complete,0.0
1877,3,Kwara United,Katsina United,Kwara United,Katsina United,Kelechi Ojo,RW,3,22,28,Progressive Pass,34.88,58.99,Incomplete,0.0
1878,3,Kwara United,Katsina United,Kwara United,Katsina United,Success Ogundele,LW,25,22,28,Pass,72.42,39.75,Complete,0.0
1879,3,Kwara United,Katsina United,Katsina United,Kwara United,Adewale Mustapha,ST,2,22,32,Tackle,63.6,38.77,Complete,0.0
1880,3,Kwara United,Katsina United,Katsina United,Kwara United,Adewale Mustapha,ST,2,22,52,Pass,69.72,23.77,Complete,0.0
1881,3,Kwara United,Katsina United,Katsina United,Kwara United,Emmanuel Abubakar,CDM,14,22,55,Tackle,21.74,42.92,Complete,0.0
1882,3,Kwara United,Katsina United,Kwara United,Katsina United,Kelechi Balogun,CB,9,22,55,Turnover,33.44,56.24,Complete,0.0
1883,3,Kwara United,Katsina United,Katsina United,Kwara United,Joseph Chukwu,CB,29,22,56,Big Chance,96.76,34.52,Off Target,0.485
1884,3,Kwara United,Katsina United,Katsina United,Kwara United,Godwin Usman,LW,16,23,6,Interception,50.37,80.0,Complete,0.0
1885,3,Kwara United,Katsina United,Kwara United,Katsina United,Chidi Adeyemi,RB,12,23,17,Pass,116.78,15.47,Complete,0.0
1886,3,Kwara United,Katsina United,Kwara United,Katsina United,Kelechi Balogun,CB,9,23,21,Offside,81.51,46.71,Complete,0.0
1887,3,Kwara United,Katsina United,Katsina United,Kwara United,Uche Osazuwa,LB,15,23,30,Pass,62.61,18.81,Complete,0.0
1888,3,Kwara United,Katsina United,Kwara United,Katsina United,Bayo Okonkwo,RB,22,23,42,Interception,31.56,31.04,Complete,0.0
1889,3,Kwara United,Katsina United,Kwara United,Katsina United,Kelechi Adebayo,GK,28,24,8,Successful Dribble,69.02,7.56,Complete,0.0
1890,3,Kwara United,Katsina United,Katsina United,Kwara United,Ikechukwu Etim,GK,6,24,18,Pass,78.68,75.89,Complete,0.0
1891,3,Kwara United,Katsina United,Kwara United,Katsina United,Kelechi Balogun,CB,9,24,19,Successful Dribble,66.02,37.09,Complete,0.0
1892,3,Kwara United,Katsina United,Katsina United,Kwara United,Suleiman Sanni,CM,13,24,21,Successful Dribble,114.83,43.69,Complete,0.0
1893,3,Kwara United,Katsina United,Kwara United,Katsina United,Kunle Mustapha,LB,24,24,30,Corner,106.07,44.5,Complete,0.0
1894,3,Kwara United,Katsina United,Kwara United,Katsina United,Godwin Adeyemi,CB,6,24,31,Pass,7.8,45.11,Complete,0.0
1895,3,Kwara United,Katsina United,Katsina United,Kwara United,Godwin Usman,LW,16,24,33,Dangerous Pass,80.68,32.6,Complete,0.0
1896,3,Kwara United,Katsina United,Katsina United,Kwara United,Godwin Usman,LW,16,24,33,Foul,22.83,11.17,Complete,0.0
1897,3,Kwara United,Katsina United,Katsina United,Kwara United,Joseph Chukwu,CB,29,24,39,Dangerous Pass,114.88,27.53,Complete,0.0
1898,3,Kwara United,Katsina United,Katsina United,Kwara United,Emmanuel Adisa,CAM,1,24,46,Offside,113.39,14.37,Complete,0.0
1899,3,Kwara United,Katsina United,Kwara United,Katsina United,Kelechi Balogun,CB,9,25,9,Pass,112.09,57.31,Complete,0.0
1900,3,Kwara United,Katsina United,Katsina United,Kwara United,Musa Ibrahim,LB,17,25,14,Pass,30.46,43.57,Complete,0.0
1901,3,Kwara United,Katsina United,Katsina United,Kwara United,Adewale Adeyemi,CDM,23,25,33,Turnover,26.37,6.19,Complete,0.0
1902,3,Kwara United,Katsina United,Kwara United,Katsina United,Kunle Bello,ST,23,25,37,Pass,50.88,36.02,Complete,0.0
1903,3,Kwara United,Katsina United,Kwara United,Katsina United,Kunle Mustapha,LB,24,25,42,Interception,44.03,60.47,Complete,0.0
1904,3,Kwara United,Katsina United,Kwara United,Katsina United,Bayo Okonkwo,RB,22,25,49,Shot on Target,111.02,56.99,On Target,0.287
1905,3,Kwara United,Katsina United,Katsina United,Kwara United,Adewale Mustapha,ST,2,26,2,Pass,44.5,72.08,Incomplete,0.0
1906,3,Kwara United,Katsina United,Katsina United,Kwara United,Chukwuemeka Eze,CM,10,26,9,Turnover,77.06,26.08,Complete,0.0
1907,3,Kwara United,Katsina United,Katsina United,Kwara United,Yusuf Adeyemi,CM,4,26,15,Tackle,23.75,45.14,Complete,0.0
1908,3,Kwara United,Katsina United,Katsina United,Kwara United,Emmanuel Adisa,CAM,1,26,16,Pass,70.16,35.64,Complete,0.0
1909,3,Kwara United,Katsina United,Katsina United,Kwara United,Joseph Chukwu,CB,29,26,20,Tackle,58.62,54.96,Complete,0.0
1910,3,Kwara United,Katsina United,Katsina United,Kwara United,Adewale Adeyemi,CDM,23,26,22,Foul,77.18,28.39,Complete,0.0
1911,3,Kwara United,Katsina United,Kwara United,Katsina United,Ifeanyi Usman,GK,16,26,22,Pass,3.09,54.07,Complete,0.0
1912,3,Kwara United,Katsina United,Kwara United,Katsina United,Bayo Okonkwo,RB,22,26,29,Pass,75.81,61.81,Complete,0.0
1913,3,Kwara United,Katsina United,Katsina United,Kwara United,Godwin Usman,LW,16,26,35,Pass,44.34,36.67,Complete,0.0
1914,3,Kwara United,Katsina United,Katsina United,Kwara United,Joseph Chukwu,CB,29,26,42,Progressive Pass,60.91,25.83,Complete,0.0
1915,3,Kwara United,Katsina United,Kwara United,Katsina United,Bayo Okonkwo,RB,22,26,55,Successful Dribble,9.28,31.49,Complete,0.0
1916,3,Kwara United,Katsina United,Kwara United,Katsina United,Sani Okoye,RB,7,27,6,Turnover,26.67,25.05,Complete,0.0
1917,3,Kwara United,Katsina United,Katsina United,Kwara United,Suleiman Sanni,CM,13,27,15,Pass,82.73,25.81,Complete,0.0
1918,3,Kwara United,Katsina United,Kwara United,Katsina United,Victor Lawal,CAM,29,27,28,Pass,31.49,25.98,Complete,0.0
1919,3,Kwara United,Katsina United,Katsina United,Kwara United,Musa Ibrahim,LB,17,27,32,Pass,54.84,61.14,Complete,0.0
1920,3,Kwara United,Katsina United,Katsina United,Kwara United,Abubakar Ojo,RB,19,27,36,Turnover,21.96,21.88,Complete,0.0
1921,3,Kwara United,Katsina United,Kwara United,Katsina United,Kunle Bello,ST,23,27,43,Interception,21.81,43.57,Complete,0.0
1922,3,Kwara United,Katsina United,Kwara United,Katsina United,Kelechi Ojo,RW,3,27,44,Offside,38.81,22.13,Complete,0.0
1923,3,Kwara United,Katsina United,Kwara United,Katsina United,Samuel Ndukwe,RW,10,27,44,Successful Dribble,83.13,32.51,Complete,0.0
1924,3,Kwara United,Katsina United,Katsina United,Kwara United,Adewale Adeyemi,CDM,23,27,52,Pass,16.16,61.55,Complete,0.0
1925,3,Kwara United,Katsina United,Kwara United,Katsina United,Chidi Adeyemi,RB,12,27,53,Dangerous Pass,75.4,61.94,Complete,0.0
1926,3,Kwara United,Katsina United,Kwara United,Katsina United,Success Ogundele,LW,25,28,0,Tackle,59.72,10.19,Complete,0.0
1927,3,Kwara United,Katsina United,Kwara United,Katsina United,Kunle Mustapha,LB,24,28,1,Interception,41.73,51.02,Complete,0.0
1928,3,Kwara United,Katsina United,Kwara United,Katsina United,Segun Chukwuma,ST,14,28,3,Pass,65.24,54.98,Complete,0.0
1929,3,Kwara United,Katsina United,Katsina United,Kwara United,Adewale Mustapha,ST,2,28,9,Shot,111.6,37.53,On Target,0.403
1930,3,Kwara United,Katsina United,Kwara United,Katsina United,Kelechi Balogun,CB,9,28,14,Shot,97.62,36.78,Off Target,0.249
1931,3,Kwara United,Katsina United,Kwara United,Katsina United,Kunle Bello,ST,23,28,18,Cross,117.64,25.56,Incomplete,0.0
1932,3,Kwara United,Katsina United,Katsina United,Kwara United,Abubakar Ojo,RB,19,28,25,Interception,46.24,72.49,Complete,0.0
1933,3,Kwara United,Katsina United,Katsina United,Kwara United,Godwin Usman,LW,16,28,38,Shot on Target,108.93,50.98,On Target,0.327
1934,3,Kwara United,Katsina United,Kwara United,Katsina United,Kelechi Ojo,RW,3,28,39,Progressive Pass,82.5,49.17,Incomplete,0.0
1935,3,Kwara United,Katsina United,Katsina United,Kwara United,Emmanuel Adisa,CAM,1,28,40,Tackle,56.6,63.34,Complete,0.0
1936,3,Kwara United,Katsina United,Kwara United,Katsina United,Ifeanyi Usman,GK,16,28,45,Dangerous Pass,72.78,22.68,Complete,0.0
1937,3,Kwara United,Katsina United,Kwara United,Katsina United,Kelechi Adebayo,GK,28,28,46,Foul,60.03,29.59,Complete,0.0
1938,3,Kwara United,Katsina United,Kwara United,Katsina United,Ifeanyi Usman,GK,16,28,47,Pass,85.28,62.45,Complete,0.0
1939,3,Kwara United,Katsina United,Katsina United,Kwara United,Chukwuemeka Eze,CM,10,28,50,Progressive Pass,107.14,56.89,Complete,0.0
1940,3,Kwara United,Katsina United,Katsina United,Kwara United,Godwin Usman,LW,16,28,50,Pass,80.38,28.45,Complete,0.0
1941,3,Kwara United,Katsina United,Kwara United,Katsina United,Segun Chukwuma,ST,14,28,55,Interception,33.82,38.14,Complete,0.0
1942,3,Kwara United,Katsina United,Kwara United,Katsina United,Kelechi Ojo,RW,3,29,2,Pass,86.15,9.08,Complete,0.0
1943,3,Kwara United,Katsina United,Katsina United,Kwara United,Joseph Chukwu,CB,29,29,20,Interception,43.22,13.76,Complete,0.0
1944,3,Kwara United,Katsina United,Kwara United,Katsina United,Sani Okoye,RB,7,29,28,Pass,0.75,77.38,Complete,0.0
1945,3,Kwara United,Katsina United,Kwara United,Katsina United,Ifeanyi Usman,GK,16,29,33,Pass,104.03,63.26,Complete,0.0
1946,3,Kwara United,Katsina United,Kwara United,Katsina United,Uche Etim,LW,17,29,38,Pass,71.66,25.4,Complete,0.0
1947,3,Kwara United,Katsina United,Katsina United,Kwara United,Emmanuel Adisa,CAM,1,29,42,Pass,90.02,28.65,Complete,0.0
1948,3,Kwara United,Katsina United,Katsina United,Kwara United,Uche Osazuwa,LB,15,29,50,Pass,95.02,34.49,Complete,0.0
1949,3,Kwara United,Katsina United,Katsina United,Kwara United,Yusuf Adeyemi,CM,4,30,11,Shot,117.81,32.29,On Target,0.411
1950,3,Kwara United,Katsina United,Kwara United,Katsina United,Divine Ojo,LW,21,30,49,Pass,69.65,19.35,Complete,0.0
1951,3,Kwara United,Katsina United,Katsina United,Kwara United,Musa Ibrahim,LB,17,30,54,Corner,91.19,42.7,Complete,0.0
1952,3,Kwara United,Katsina United,Katsina United,Kwara United,Joseph Chukwu,CB,29,30,59,Dangerous Pass,83.52,40.06,Complete,0.0
1953,3,Kwara United,Katsina United,Katsina United,Kwara United,Emeka Adebayo,LW,12,31,0,Shot,101.21,34.33,On Target,0.282
1954,3,Kwara United,Katsina United,Kwara United,Katsina United,Kunle Bello,ST,23,31,1,Pass,18.39,27.17,Complete,0.0
1955,3,Kwara United,Katsina United,Kwara United,Katsina United,Segun Chukwuma,ST,14,31,4,Interception,88.27,27.28,Complete,0.0
1956,3,Kwara United,Katsina United,Kwara United,Katsina United,Ifeanyi Usman,GK,16,31,7,Pass,42.42,71.15,Incomplete,0.0
1957,3,Kwara United,Katsina United,Katsina United,Kwara United,Godwin Usman,LW,16,31,13,Foul,70.92,35.76,Complete,0.0
1958,3,Kwara United,Katsina United,Katsina United,Kwara United,Emmanuel Balogun,CDM,18,31,18,Turnover,86.9,54.42,Complete,0.0
1959,3,Kwara United,Katsina United,Kwara United,Katsina United,Samuel Ndukwe,RW,10,31,18,Offside,35.82,51.84,Complete,0.0
1960,3,Kwara United,Katsina United,Kwara United,Katsina United,Success Ogundele,LW,25,31,37,Dangerous Pass,107.52,46.73,Complete,0.0
1961,3,Kwara United,Katsina United,Katsina United,Kwara United,Yusuf Adeyemi,CM,4,31,54,Turnover,89.98,36.78,Complete,0.0
1962,3,Kwara United,Katsina United,Katsina United,Kwara United,Musa Ibrahim,LB,17,31,58,Cross,104.6,78.22,Complete,0.0
1963,3,Kwara United,Katsina United,Katsina United,Kwara United,Suleiman Sanni,CM,13,32,12,Turnover,22.11,35.94,Complete,0.0
1964,3,Kwara United,Katsina United,Kwara United,Katsina United,Divine Ojo,LW,21,32,14,Tackle,47.19,49.46,Complete,0.0
1965,3,Kwara United,Katsina United,Kwara United,Katsina United,Kelechi Balogun,CB,9,32,23,Successful Dribble,27.03,67.42,Complete,0.0
1966,3,Kwara United,Katsina United,Kwara United,Katsina United,Ifeanyi Usman,GK,16,32,27,Cross,93.34,37.59,Complete,0.0
1967,3,Kwara United,Katsina United,Kwara United,Katsina United,Divine Ojo,LW,21,32,30,Pass,112.3,35.88,Complete,0.0
1968,3,Kwara United,Katsina United,Katsina United,Kwara United,Adewale Mustapha,ST,2,32,32,Red Card,42.13,71.49,Complete,0.0
1969,3,Kwara United,Katsina United,Kwara United,Katsina United,Kelechi Balogun,CB,9,32,33,Progressive Pass,119.68,9.18,Incomplete,0.0
1970,3,Kwara United,Katsina United,Katsina United,Kwara United,Ikechukwu Etim,GK,6,32,39,Pass,30.81,12.23,Complete,0.0
1971,3,Kwara United,Katsina United,Kwara United,Katsina United,Kelechi Balogun,CB,9,32,40,Pass,20.91,50.53,Complete,0.0
1972,3,Kwara United,Katsina United,Kwara United,Katsina United,Victor Lawal,CAM,29,32,45,Pass,2.68,46.01,Incomplete,0.0
1973,3,Kwara United,Katsina United,Katsina United,Kwara United,Godwin Usman,LW,16,33,13,Successful Dribble,63.58,7.86,Complete,0.0
1974,3,Kwara United,Katsina United,Katsina United,Kwara United,Emmanuel Adisa,CAM,1,33,21,Pass,99.37,7.86,Complete,0.0
1975,3,Kwara United,Katsina United,Kwara United,Katsina United,Samuel Ndukwe,RW,10,33,22,Cross,110.07,42.53,Complete,0.0
1976,3,Kwara United,Katsina United,Katsina United,Kwara United,Musa Ibrahim,LB,17,33,22,Pass,36.16,27.24,Complete,0.0
1977,3,Kwara United,Katsina United,Katsina United,Kwara United,Uche Osazuwa,LB,15,33,35,Turnover,15.32,41.65,Complete,0.0
1978,3,Kwara United,Katsina United,Kwara United,Katsina United,Kelechi Ojo,RW,3,33,39,Tackle,87.31,42.9,Complete,0.0
1979,3,Kwara United,Katsina United,Katsina United,Kwara United,Uche Osazuwa,LB,15,33,44,Pass,80.3,14.05,Complete,0.0
1980,3,Kwara United,Katsina United,Kwara United,Katsina United,Ifeanyi Usman,GK,16,33,53,Progressive Pass,27.06,18.06,Complete,0.0
1981,3,Kwara United,Katsina United,Kwara United,Katsina United,Success Ogundele,LW,25,33,55,Pass,71.52,43.92,Complete,0.0
1982,3,Kwara United,Katsina United,Kwara United,Katsina United,Samuel Ndukwe,RW,10,34,5,Interception,33.76,14.43,Complete,0.0
1983,3,Kwara United,Katsina United,Katsina United,Kwara United,Ikechukwu Etim,GK,6,34,15,Yellow Card,117.32,54.91,Complete,0.0
1984,3,Kwara United,Katsina United,Kwara United,Katsina United,Bayo Okonkwo,RB,22,34,19,Pass,12.6,42.96,Incomplete,0.0
1985,3,Kwara United,Katsina United,Katsina United,Kwara United,Uche Osazuwa,LB,15,34,23,Pass,46.28,50.95,Incomplete,0.0
1986,3,Kwara United,Katsina United,Katsina United,Kwara United,Joseph Chukwu,CB,29,34,24,Successful Dribble,31.48,47.22,Complete,0.0
1987,3,Kwara United,Katsina United,Kwara United,Katsina United,Bayo Okonkwo,RB,22,34,37,Progressive Pass,24.48,49.54,Complete,0.0
1988,3,Kwara United,Katsina United,Katsina United,Kwara United,Suleiman Sanni,CM,13,34,40,Pass,21.0,57.71,Complete,0.0
1989,3,Kwara United,Katsina United,Katsina United,Kwara United,Joseph Chukwu,CB,29,34,47,Foul,46.07,58.38,Complete,0.0
1990,3,Kwara United,Katsina United,Kwara United,Katsina United,Bayo Okonkwo,RB,22,34,50,Foul,59.18,5.51,Complete,0.0
1991,3,Kwara United,Katsina United,Kwara United,Katsina United,Ifeanyi Usman,GK,16,35,17,Turnover,80.79,52.31,Complete,0.0
1992,3,Kwara United,Katsina United,Katsina United,Kwara United,Ikechukwu Etim,GK,6,35,20,Pass,119.03,60.2,Complete,0.0
1993,3,Kwara United,Katsina United,Kwara United,Katsina United,Kunle Mustapha,LB,24,35,34,Successful Dribble,64.97,33.09,Complete,0.0
1994,3,Kwara United,Katsina United,Katsina United,Kwara United,Emmanuel Adisa,CAM,1,35,42,Pass,11.58,12.72,Complete,0.0
1995,3,Kwara United,Katsina United,Kwara United,Katsina United,Victor Lawal,CAM,29,35,42,Foul,55.32,66.55,Complete,0.0
1996,3,Kwara United,Katsina United,Kwara United,Katsina United,Divine Ojo,LW,21,35,45,Shot,115.21,16.67,On Target,0.235
1997,3,Kwara United,Katsina United,Kwara United,Katsina United,Kelechi Adebayo,GK,28,35,48,Pass,32.77,17.11,Complete,0.0
1998,3,Kwara United,Katsina United,Kwara United,Katsina United,Kunle Mustapha,LB,24,35,52,Progressive Pass,115.1,49.5,Complete,0.0
1999,3,Kwara United,Katsina United,Kwara United,Katsina United,Uche Etim,LW,17,36,5,Dangerous Pass,78.13,37.55,Complete,0.0
2000,3,Kwara United,Katsina United,Kwara United,Katsina United,Kelechi Adebayo,GK,28,36,25,Pass,78.6,38.21,Incomplete,0.0
2001,3,Kwara United,Katsina United,Katsina United,Kwara United,Joseph Chukwu,CB,29,36,26,Progressive Pass,99.47,22.93,Complete,0.0
2002,3,Kwara United,Katsina United,Katsina United,Kwara United,Musa Ibrahim,LB,17,36,27,Progressive Pass,57.99,57.34,Incomplete,0.0
2003,3,Kwara United,Katsina United,Katsina United,Kwara United,Yusuf Adeyemi,CM,4,36,35,Cross,93.99,61.57,Complete,0.0
2004,3,Kwara United,Katsina United,Kwara United,Katsina United,Success Ogundele,LW,25,36,39,Dangerous Pass,110.66,70.75,Incomplete,0.0
2005,3,Kwara United,Katsina United,Kwara United,Katsina United,Divine Ojo,LW,21,36,47,Progressive Pass,88.7,44.54,Complete,0.0
2006,3,Kwara United,Katsina United,Katsina United,Kwara United,Godwin Usman,LW,16,36,53,Tackle,74.33,24.12,Complete,0.0
2007,3,Kwara United,Katsina United,Katsina United,Kwara United,Adewale Adeyemi,CDM,23,36,56,Progressive Pass,31.69,44.12,Complete,0.0
2008,3,Kwara United,Katsina United,Katsina United,Kwara United,Suleiman Sanni,CM,13,37,3,Pass,71.14,62.02,Complete,0.0
2009,3,Kwara United,Katsina United,Katsina United,Kwara United,Joseph Chukwu,CB,29,37,4,Pass,68.67,60.85,Complete,0.0
2010,3,Kwara United,Katsina United,Kwara United,Katsina United,Bayo Okonkwo,RB,22,37,11,Shot on Target,103.68,19.85,Off Target,0.212
2011,3,Kwara United,Katsina United,Katsina United,Kwara United,Emeka Adebayo,LW,12,37,14,Tackle,46.75,48.53,Complete,0.0
2012,3,Kwara United,Katsina United,Katsina United,Kwara United,Victor Mustapha,LW,7,37,28,Progressive Pass,41.2,0.0,Complete,0.0
2013,3,Kwara United,Katsina United,Kwara United,Katsina United,Ifeanyi Usman,GK,16,37,39,Pass,32.61,58.04,Complete,0.0
2014,3,Kwara United,Katsina United,Kwara United,Katsina United,Kelechi Ojo,RW,3,37,39,Successful Dribble,115.9,12.11,Complete,0.0
2015,3,Kwara United,Katsina United,Katsina United,Kwara United,Joseph Chukwu,CB,29,37,47,Offside,73.74,54.97,Complete,0.0
2016,3,Kwara United,Katsina United,Katsina United,Kwara United,Uche Osazuwa,LB,15,37,48,Shot,118.26,38.63,Off Target,0.475
2017,3,Kwara United,Katsina United,Katsina United,Kwara United,Joseph Chukwu,CB,29,37,52,Interception,15.2,46.93,Complete,0.0
2018,3,Kwara United,Katsina United,Kwara United,Katsina United,Uche Etim,LW,17,38,9,Interception,87.42,51.0,Complete,0.0
2019,3,Kwara United,Katsina United,Kwara United,Katsina United,Kelechi Ojo,RW,3,38,10,Pass,86.67,5.91,Complete,0.0
2020,3,Kwara United,Katsina United,Katsina United,Kwara United,Joseph Chukwu,CB,29,38,12,Pass,102.59,43.38,Complete,0.0
2021,3,Kwara United,Katsina United,Kwara United,Katsina United,Bayo Okonkwo,RB,22,38,27,Interception,23.54,41.46,Complete,0.0
2022,3,Kwara United,Katsina United,Katsina United,Kwara United,Joseph Chukwu,CB,29,38,33,Turnover,72.56,47.65,Complete,0.0
2023,3,Kwara United,Katsina United,Katsina United,Kwara United,Emmanuel Adisa,CAM,1,38,39,Shot,109.04,42.58,On Target,0.375
2024,3,Kwara United,Katsina United,Kwara United,Katsina United,Sani Okoye,RB,7,38,53,Cross,111.01,57.95,Complete,0.0
2025,3,Kwara United,Katsina United,Katsina United,Kwara United,Emmanuel Abubakar,CDM,14,39,4,Pass,17.67,74.41,Complete,0.0
2026,3,Kwara United,Katsina United,Kwara United,Katsina United,Segun Chukwuma,ST,14,39,6,Interception,58.47,22.88,Complete,0.0
2027,3,Kwara United,Katsina United,Katsina United,Kwara United,Godwin Usman,LW,16,39,9,Successful Dribble,73.59,0.0,Complete,0.0
2028,3,Kwara United,Katsina United,Kwara United,Katsina United,Kelechi Balogun,CB,9,39,17,Turnover,59.15,15.31,Complete,0.0
2029,3,Kwara United,Katsina United,Katsina United,Kwara United,Abubakar Ojo,RB,19,39,18,Pass,14.79,47.63,Complete,0.0
2030,3,Kwara United,Katsina United,Katsina United,Kwara United,Emeka Adebayo,LW,12,39,24,Turnover,32.44,17.36,Complete,0.0
2031,3,Kwara United,Katsina United,Kwara United,Katsina United,Kelechi Adebayo,GK,28,39,31,Offside,85.82,33.07,Complete,0.0
2032,3,Kwara United,Katsina United,Katsina United,Kwara United,Emmanuel Balogun,CDM,18,39,37,Tackle,80.03,13.76,Complete,0.0
2033,3,Kwara United,Katsina United,Katsina United,Kwara United,Ikechukwu Etim,GK,6,39,43,Pass,84.38,61.8,Complete,0.0
2034,3,Kwara United,Katsina United,Kwara United,Katsina United,Sani Okoye,RB,7,39,51,Turnover,25.41,48.16,Complete,0.0
2035,3,Kwara United,Katsina United,Katsina United,Kwara United,Emmanuel Abubakar,CDM,14,39,53,Interception,66.51,32.11,Complete,0.0
2036,3,Kwara United,Katsina United,Kwara United,Katsina United,Kelechi Balogun,CB,9,39,54,Successful Dribble,52.12,38.96,Complete,0.0
2037,3,Kwara United,Katsina United,Kwara United,Katsina United,Victor Lawal,CAM,29,40,11,Progressive Pass,41.63,1.67,Complete,0.0
2038,3,Kwara United,Katsina United,Kwara United,Katsina United,Sani Okoye,RB,7,40,19,Dangerous Pass,70.19,70.46,Complete,0.0
2039,3,Kwara United,Katsina United,Kwara United,Katsina United,Bayo Okonkwo,RB,22,40,33,Successful Dribble,4.32,46.41,Complete,0.0
2040,3,Kwara United,Katsina United,Kwara United,Katsina United,Kunle Bello,ST,23,40,37,Dangerous Pass,82.59,36.14,Complete,0.0
2041,3,Kwara United,Katsina United,Kwara United,Katsina United,Segun Chukwuma,ST,14,40,40,Pass,12.29,28.22,Complete,0.0
2042,3,Kwara United,Katsina United,Katsina United,Kwara United,Emeka Adebayo,LW,12,40,55,Successful Dribble,105.12,24.17,Complete,0.0
2043,3,Kwara United,Katsina United,Katsina United,Kwara United,Godwin Usman,LW,16,40,57,Pass,83.13,46.54,Complete,0.0
2044,3,Kwara United,Katsina United,Katsina United,Kwara United,Uche Osazuwa,LB,15,41,2,Dangerous Pass,99.08,21.33,Complete,0.0
2045,3,Kwara United,Katsina United,Katsina United,Kwara United,Emmanuel Abubakar,CDM,14,41,7,Pass,1.07,27.77,Complete,0.0
2046,3,Kwara United,Katsina United,Kwara United,Katsina United,Kelechi Adebayo,GK,28,41,11,Turnover,58.65,16.13,Complete,0.0
2047,3,Kwara United,Katsina United,Katsina United,Kwara United,Suleiman Sanni,CM,13,41,24,Pass,95.35,60.72,Complete,0.0
2048,3,Kwara United,Katsina United,Katsina United,Kwara United,Victor Mustapha,LW,7,41,30,Foul,74.5,0.0,Complete,0.0
2049,3,Kwara United,Katsina United,Kwara United,Katsina United,Kunle Mustapha,LB,24,41,31,Pass,78.67,69.92,Complete,0.0
2050,3,Kwara United,Katsina United,Katsina United,Kwara United,Adewale Mustapha,ST,2,41,47,Corner,94.41,12.48,Complete,0.0
2051,3,Kwara United,Katsina United,Kwara United,Katsina United,Bayo Okonkwo,RB,22,41,49,Dangerous Pass,77.55,62.4,Complete,0.0
2052,3,Kwara United,Katsina United,Kwara United,Katsina United,Victor Lawal,CAM,29,41,52,Pass,58.47,38.4,Complete,0.0
2053,3,Kwara United,Katsina United,Kwara United,Katsina United,Uche Etim,LW,17,42,10,Big Chance,104.75,35.77,On Target,0.574
2054,3,Kwara United,Katsina United,Katsina United,Kwara United,Adewale Adeyemi,CDM,23,42,18,Foul,64.22,60.46,Complete,0.0
2055,3,Kwara United,Katsina United,Kwara United,Katsina United,Samuel Ndukwe,RW,10,42,20,Progressive Pass,47.43,48.65,Complete,0.0
2056,3,Kwara United,Katsina United,Katsina United,Kwara United,Abubakar Ojo,RB,19,42,21,Dangerous Pass,113.02,47.94,Complete,0.0
2057,3,Kwara United,Katsina United,Katsina United,Kwara United,Suleiman Sanni,CM,13,42,22,Dangerous Pass,77.73,7.43,Complete,0.0
2058,3,Kwara United,Katsina United,Katsina United,Kwara United,Emmanuel Abubakar,CDM,14,42,22,Dangerous Pass,116.09,41.72,Complete,0.0
2059,3,Kwara United,Katsina United,Kwara United,Katsina United,Kelechi Adebayo,GK,28,42,47,Corner,115.49,66.5,Complete,0.0
2060,3,Kwara United,Katsina United,Kwara United,Katsina United,Sani Okoye,RB,7,42,48,Tackle,40.18,19.2,Complete,0.0
2061,3,Kwara United,Katsina United,Katsina United,Kwara United,Suleiman Sanni,CM,13,42,50,Pass,0.08,62.3,Complete,0.0
2062,3,Kwara United,Katsina United,Kwara United,Katsina United,Kelechi Balogun,CB,9,42,55,Yellow Card,57.48,46.03,Complete,0.0
2063,3,Kwara United,Katsina United,Kwara United,Katsina United,Kunle Bello,ST,23,42,56,Pass,72.06,23.44,Complete,0.0
2064,3,Kwara United,Katsina United,Kwara United,Katsina United,Kunle Bello,ST,23,43,14,Pass,29.78,72.53,Complete,0.0
2065,3,Kwara United,Katsina United,Kwara United,Katsina United,Divine Ojo,LW,21,43,21,Cross,117.56,34.79,Complete,0.0
2066,3,Kwara United,Katsina United,Katsina United,Kwara United,Yusuf Adeyemi,CM,4,43,23,Progressive Pass,67.09,1.82,Complete,0.0
2067,3,Kwara United,Katsina United,Katsina United,Kwara United,Joseph Chukwu,CB,29,43,26,Cross,89.35,24.68,Incomplete,0.0
2068,3,Kwara United,Katsina United,Katsina United,Kwara United,Emmanuel Adisa,CAM,1,43,30,Pass,49.4,21.71,Complete,0.0
2069,3,Kwara United,Katsina United,Katsina United,Kwara United,Emmanuel Abubakar,CDM,14,43,30,Dangerous Pass,103.86,76.6,Incomplete,0.0
2070,3,Kwara United,Katsina United,Kwara United,Katsina United,Bayo Okonkwo,RB,22,43,31,Progressive Pass,12.7,43.09,Complete,0.0
2071,3,Kwara United,Katsina United,Kwara United,Katsina United,Chidi Adeyemi,RB,12,43,34,Turnover,50.65,80.0,Complete,0.0
2072,3,Kwara United,Katsina United,Katsina United,Kwara United,Adewale Mustapha,ST,2,43,34,Cross,89.92,60.59,Complete,0.0
2073,3,Kwara United,Katsina United,Katsina United,Kwara United,Musa Ibrahim,LB,17,43,43,Successful Dribble,14.27,36.72,Complete,0.0
2074,3,Kwara United,Katsina United,Katsina United,Kwara United,Adewale Mustapha,ST,2,43,56,Progressive Pass,108.21,50.64,Incomplete,0.0
2075,3,Kwara United,Katsina United,Kwara United,Katsina United,Samuel Ndukwe,RW,10,43,57,Interception,44.38,79.72,Complete,0.0
2076,3,Kwara United,Katsina United,Kwara United,Katsina United,Chidi Adeyemi,RB,12,44,23,Interception,84.39,62.82,Complete,0.0
2077,3,Kwara United,Katsina United,Katsina United,Kwara United,Uche Osazuwa,LB,15,44,24,Pass,5.09,33.55,Incomplete,0.0
2078,3,Kwara United,Katsina United,Katsina United,Kwara United,Uche Osazuwa,LB,15,44,40,Pass,99.92,70.71,Incomplete,0.0
2079,3,Kwara United,Katsina United,Kwara United,Katsina United,Bayo Okonkwo,RB,22,44,42,Progressive Pass,44.44,37.81,Complete,0.0
2080,3,Kwara United,Katsina United,Kwara United,Katsina United,Victor Lawal,CAM,29,44,48,Corner,71.16,29.23,Complete,0.0
2081,3,Kwara United,Katsina United,Katsina United,Kwara United,Victor Mustapha,LW,7,45,6,Progressive Pass,90.57,23.8,Complete,0.0
2082,3,Kwara United,Katsina United,Kwara United,Katsina United,Divine Ojo,LW,21,45,16,Interception,65.56,20.63,Complete,0.0
2083,3,Kwara United,Katsina United,Kwara United,Katsina United,Kunle Bello,ST,23,45,16,Progressive Pass,69.53,47.63,Complete,0.0
2084,3,Kwara United,Katsina United,Katsina United,Kwara United,Godwin Usman,LW,16,45,16,Dangerous Pass,72.44,46.7,Complete,0.0
2085,3,Kwara United,Katsina United,Katsina United,Kwara United,Uche Osazuwa,LB,15,45,24,Progressive Pass,44.05,59.56,Complete,0.0
2086,3,Kwara United,Katsina United,Kwara United,Katsina United,Kelechi Ojo,RW,3,45,41,Pass,33.79,33.43,Complete,0.0
2087,3,Kwara United,Katsina United,Katsina United,Kwara United,Musa Ibrahim,LB,17,45,45,Dangerous Pass,81.46,8.65,Complete,0.0
2088,3,Kwara United,Katsina United,Katsina United,Kwara United,Suleiman Sanni,CM,13,45,47,Yellow Card,116.88,39.33,Complete,0.0
2089,3,Kwara United,Katsina United,Kwara United,Katsina United,Chidi Adeyemi,RB,12,45,49,Pass,116.62,46.93,Complete,0.0
2090,3,Kwara United,Katsina United,Katsina United,Kwara United,Emmanuel Abubakar,CDM,14,45,51,Corner,117.66,23.25,Complete,0.0
2091,3,Kwara United,Katsina United,Kwara United,Katsina United,Chidi Adeyemi,RB,12,46,2,Progressive Pass,114.1,29.36,Complete,0.0
2092,3,Kwara United,Katsina United,Katsina United,Kwara United,Emmanuel Adisa,CAM,1,46,5,Pass,38.53,41.14,Complete,0.0
2093,3,Kwara United,Katsina United,Katsina United,Kwara United,Joseph Chukwu,CB,29,46,15,Interception,24.15,34.6,Complete,0.0
2094,3,Kwara United,Katsina United,Katsina United,Kwara United,Abubakar Ojo,RB,19,46,15,Successful Dribble,27.28,7.49,Complete,0.0
2095,3,Kwara United,Katsina United,Katsina United,Kwara United,Uche Osazuwa,LB,15,46,29,Foul,43.77,60.97,Complete,0.0
2096,3,Kwara United,Katsina United,Katsina United,Kwara United,Chukwuemeka Eze,CM,10,46,38,Yellow Card,94.48,6.16,Complete,0.0
2097,3,Kwara United,Katsina United,Katsina United,Kwara United,Emmanuel Adisa,CAM,1,46,51,Interception,49.86,0.0,Complete,0.0
2098,3,Kwara United,Katsina United,Kwara United,Katsina United,Kelechi Adebayo,GK,28,46,55,Pass,52.46,17.41,Complete,0.0
2099,3,Kwara United,Katsina United,Katsina United,Kwara United,Emeka Adebayo,LW,12,46,56,Tackle,40.46,52.2,Complete,0.0
2100,3,Kwara United,Katsina United,Katsina United,Kwara United,Adewale Adeyemi,CDM,23,47,9,Shot on Target,98.86,21.81,Off Target,0.19
2101,3,Kwara United,Katsina United,Katsina United,Kwara United,Adewale Adeyemi,CDM,23,47,12,Pass,113.39,14.65,Complete,0.0
2102,3,Kwara United,Katsina United,Katsina United,Kwara United,Emmanuel Balogun,CDM,18,47,19,Pass,59.64,64.04,Complete,0.0
2103,3,Kwara United,Katsina United,Katsina United,Kwara United,Emmanuel Balogun,CDM,18,47,19,Interception,40.76,78.34,Complete,0.0
2104,3,Kwara United,Katsina United,Katsina United,Kwara United,Joseph Chukwu,CB,29,47,24,Pass,88.67,69.15,Complete,0.0
2105,3,Kwara United,Katsina United,Kwara United,Katsina United,Kunle Mustapha,LB,24,47,28,Turnover,84.26,1.54,Complete,0.0
2106,3,Kwara United,Katsina United,Katsina United,Kwara United,Yusuf Adeyemi,CM,4,47,49,Cross,93.39,11.18,Complete,0.0
2107,3,Kwara United,Katsina United,Katsina United,Kwara United,Ikechukwu Etim,GK,6,47,53,Yellow Card,22.82,13.32,Complete,0.0
2108,3,Kwara United,Katsina United,Kwara United,Katsina United,Godwin Adeyemi,CB,6,47,53,Interception,62.57,41.58,Complete,0.0
2109,3,Kwara United,Katsina United,Katsina United,Kwara United,Adewale Mustapha,ST,2,48,0,Progressive Pass,43.21,57.4,Complete,0.0
2110,3,Kwara United,Katsina United,Kwara United,Katsina United,Kunle Bello,ST,23,48,2,Pass,51.5,52.72,Complete,0.0
2111,3,Kwara United,Katsina United,Kwara United,Katsina United,Kelechi Balogun,CB,9,48,5,Shot on Target,109.02,40.13,On Target,0.378
2112,3,Kwara United,Katsina United,Katsina United,Kwara United,Suleiman Sanni,CM,13,48,32,Dangerous Pass,72.49,22.26,Complete,0.0
2113,3,Kwara United,Katsina United,Katsina United,Kwara United,Uche Osazuwa,LB,15,48,34,Foul,83.1,34.22,Complete,0.0
2114,3,Kwara United,Katsina United,Katsina United,Kwara United,Victor Mustapha,LW,7,48,35,Shot,115.97,24.61,Off Target,0.323
2115,3,Kwara United,Katsina United,Kwara United,Katsina United,Success Ogundele,LW,25,48,35,Foul,80.7,38.09,Complete,0.0
2116,3,Kwara United,Katsina United,Katsina United,Kwara United,Chukwuemeka Eze,CM,10,48,43,Tackle,55.35,53.43,Complete,0.0
2117,3,Kwara United,Katsina United,Kwara United,Katsina United,Kelechi Adebayo,GK,28,48,45,Turnover,27.84,45.66,Complete,0.0
2118,3,Kwara United,Katsina United,Kwara United,Katsina United,Kelechi Ojo,RW,3,48,48,Cross,74.03,0.0,Complete,0.0
2119,3,Kwara United,Katsina United,Katsina United,Kwara United,Chukwuemeka Eze,CM,10,48,49,Foul,53.07,46.0,Complete,0.0
2120,3,Kwara United,Katsina United,Katsina United,Kwara United,Victor Mustapha,LW,7,48,54,Progressive Pass,37.33,46.85,Incomplete,0.0
2121,3,Kwara United,Katsina United,Kwara United,Katsina United,Divine Ojo,LW,21,48,54,Turnover,46.63,21.19,Complete,0.0
2122,3,Kwara United,Katsina United,Kwara United,Katsina United,Divine Ojo,LW,21,48,55,Shot,95.73,47.6,Off Target,0.217
2123,3,Kwara United,Katsina United,Katsina United,Kwara United,Adewale Mustapha,ST,2,49,4,Goal,94.94,45.57,Goal,0.315
2124,3,Kwara United,Katsina United,Katsina United,Kwara United,Ikechukwu Etim,GK,6,49,32,Successful Dribble,9.25,22.72,Complete,0.0
2125,3,Kwara United,Katsina United,Kwara United,Katsina United,Victor Lawal,CAM,29,49,42,Tackle,68.44,47.81,Complete,0.0
2126,3,Kwara United,Katsina United,Katsina United,Kwara United,Emmanuel Balogun,CDM,18,49,52,Offside,86.03,59.8,Complete,0.0
2127,3,Kwara United,Katsina United,Katsina United,Kwara United,Adewale Adeyemi,CDM,23,50,0,Dangerous Pass,110.89,52.76,Complete,0.0
2128,3,Kwara United,Katsina United,Katsina United,Kwara United,Uche Osazuwa,LB,15,50,2,Interception,65.86,77.53,Complete,0.0
2129,3,Kwara United,Katsina United,Kwara United,Katsina United,Kunle Mustapha,LB,24,50,3,Pass,28.42,54.47,Complete,0.0
2130,3,Kwara United,Katsina United,Katsina United,Kwara United,Abubakar Ojo,RB,19,50,5,Turnover,21.62,58.04,Complete,0.0
2131,3,Kwara United,Katsina United,Kwara United,Katsina United,Samuel Ndukwe,RW,10,50,5,Interception,57.95,0.0,Complete,0.0
2132,3,Kwara United,Katsina United,Kwara United,Katsina United,Kunle Bello,ST,23,50,27,Pass,116.14,56.63,Complete,0.0
2133,3,Kwara United,Katsina United,Katsina United,Kwara United,Chukwuemeka Eze,CM,10,50,28,Pass,50.77,76.51,Complete,0.0
2134,3,Kwara United,Katsina United,Katsina United,Kwara United,Abubakar Ojo,RB,19,50,31,Big Chance,115.62,43.95,Off Target,0.685
2135,3,Kwara United,Katsina United,Kwara United,Katsina United,Samuel Ndukwe,RW,10,50,36,Progressive Pass,46.36,45.51,Complete,0.0
2136,3,Kwara United,Katsina United,Kwara United,Katsina United,Kelechi Ojo,RW,3,50,38,Dangerous Pass,78.65,71.93,Complete,0.0
2137,3,Kwara United,Katsina United,Katsina United,Kwara United,Adewale Adeyemi,CDM,23,50,50,Goal,103.39,15.39,Goal,0.27
2138,3,Kwara United,Katsina United,Kwara United,Katsina United,Godwin Adeyemi,CB,6,51,8,Pass,95.66,50.87,Incomplete,0.0
2139,3,Kwara United,Katsina United,Kwara United,Katsina United,Kelechi Adebayo,GK,28,51,9,Pass,69.95,46.86,Incomplete,0.0
2140,3,Kwara United,Katsina United,Katsina United,Kwara United,Ikechukwu Etim,GK,6,51,12,Successful Dribble,20.37,5.45,Complete,0.0
2141,3,Kwara United,Katsina United,Kwara United,Katsina United,Uche Etim,LW,17,51,16,Turnover,35.84,0.0,Complete,0.0
2142,3,Kwara United,Katsina United,Katsina United,Kwara United,Emmanuel Adisa,CAM,1,51,18,Pass,23.37,11.63,Complete,0.0
2143,3,Kwara United,Katsina United,Katsina United,Kwara United,Uche Osazuwa,LB,15,51,18,Successful Dribble,83.65,22.04,Complete,0.0
2144,3,Kwara United,Katsina United,Katsina United,Kwara United,Emmanuel Balogun,CDM,18,51,24,Pass,67.97,33.38,Incomplete,0.0
2145,3,Kwara United,Katsina United,Kwara United,Katsina United,Success Ogundele,LW,25,51,28,Interception,78.23,46.33,Complete,0.0
2146,3,Kwara United,Katsina United,Katsina United,Kwara United,Abubakar Ojo,RB,19,51,29,Shot on Target,110.64,19.71,On Target,0.252
2147,3,Kwara United,Katsina United,Katsina United,Kwara United,Suleiman Sanni,CM,13,51,31,Turnover,88.89,50.54,Complete,0.0
2148,3,Kwara United,Katsina United,Katsina United,Kwara United,Emmanuel Balogun,CDM,18,51,39,Pass,36.12,13.57,Complete,0.0
2149,3,Kwara United,Katsina United,Kwara United,Katsina United,Sani Okoye,RB,7,51,40,Pass,37.38,55.45,Complete,0.0
2150,3,Kwara United,Katsina United,Katsina United,Kwara United,Godwin Usman,LW,16,51,40,Pass,17.54,36.31,Complete,0.0
2151,3,Kwara United,Katsina United,Kwara United,Katsina United,Victor Lawal,CAM,29,51,42,Pass,107.77,72.76,Incomplete,0.0
2152,3,Kwara United,Katsina United,Katsina United,Kwara United,Chukwuemeka Eze,CM,10,51,52,Turnover,82.45,38.18,Complete,0.0
2153,3,Kwara United,Katsina United,Katsina United,Kwara United,Suleiman Sanni,CM,13,51,53,Yellow Card,76.96,3.81,Complete,0.0
2154,3,Kwara United,Katsina United,Kwara United,Katsina United,Kunle Bello,ST,23,51,55,Pass,52.06,43.7,Complete,0.0
2155,3,Kwara United,Katsina United,Katsina United,Kwara United,Emmanuel Adisa,CAM,1,51,59,Interception,52.21,33.48,Complete,0.0
2156,3,Kwara United,Katsina United,Kwara United,Katsina United,Sani Okoye,RB,7,52,5,Pass,6.42,34.23,Complete,0.0
2157,3,Kwara United,Katsina United,Katsina United,Kwara United,Ikechukwu Etim,GK,6,52,21,Turnover,72.29,33.36,Complete,0.0
2158,3,Kwara United,Katsina United,Kwara United,Katsina United,Uche Etim,LW,17,52,26,Pass,40.67,50.7,Complete,0.0
2159,3,Kwara United,Katsina United,Kwara United,Katsina United,Kelechi Adebayo,GK,28,52,26,Successful Dribble,13.38,71.46,Complete,0.0
2160,3,Kwara United,Katsina United,Kwara United,Katsina United,Uche Etim,LW,17,52,34,Progressive Pass,73.23,28.33,Complete,0.0
2161,3,Kwara United,Katsina United,Katsina United,Kwara United,Adewale Adeyemi,CDM,23,52,37,Tackle,15.37,40.43,Complete,0.0
2162,3,Kwara United,Katsina United,Kwara United,Katsina United,Ifeanyi Usman,GK,16,52,48,Turnover,85.63,37.34,Complete,0.0
2163,3,Kwara United,Katsina United,Kwara United,Katsina United,Kunle Mustapha,LB,24,52,49,Pass,85.4,51.67,Complete,0.0
2164,3,Kwara United,Katsina United,Katsina United,Kwara United,Adewale Mustapha,ST,2,53,0,Shot on Target,106.47,29.6,On Target,0.31
2165,3,Kwara United,Katsina United,Katsina United,Kwara United,Joseph Chukwu,CB,29,53,19,Cross,107.85,51.82,Complete,0.0
2166,3,Kwara United,Katsina United,Kwara United,Katsina United,Success Ogundele,LW,25,53,29,Pass,8.98,61.68,Complete,0.0
2167,3,Kwara United,Katsina United,Katsina United,Kwara United,Abubakar Ojo,RB,19,53,33,Tackle,26.99,53.17,Complete,0.0
2168,3,Kwara United,Katsina United,Kwara United,Katsina United,Uche Etim,LW,17,53,38,Dangerous Pass,117.14,35.51,Incomplete,0.0
2169,3,Kwara United,Katsina United,Kwara United,Katsina United,Kelechi Ojo,RW,3,53,53,Turnover,10.46,39.87,Complete,0.0
2170,3,Kwara United,Katsina United,Katsina United,Kwara United,Chukwuemeka Eze,CM,10,53,57,Turnover,60.66,33.08,Complete,0.0
2171,3,Kwara United,Katsina United,Katsina United,Kwara United,Yusuf Adeyemi,CM,4,54,17,Foul,62.1,22.07,Complete,0.0
2172,3,Kwara United,Katsina United,Kwara United,Katsina United,Segun Chukwuma,ST,14,54,20,Pass,56.77,46.99,Complete,0.0
2173,3,Kwara United,Katsina United,Kwara United,Katsina United,Bayo Okonkwo,RB,22,54,20,Foul,67.83,80.0,Complete,0.0
2174,3,Kwara United,Katsina United,Kwara United,Katsina United,Kelechi Balogun,CB,9,54,20,Interception,50.58,33.23,Complete,0.0
2175,3,Kwara United,Katsina United,Katsina United,Kwara United,Emmanuel Abubakar,CDM,14,54,33,Turnover,77.92,67.29,Complete,0.0
2176,3,Kwara United,Katsina United,Katsina United,Kwara United,Chukwuemeka Eze,CM,10,54,36,Pass,74.33,68.68,Complete,0.0
2177,3,Kwara United,Katsina United,Katsina United,Kwara United,Chukwuemeka Eze,CM,10,54,36,Foul,54.33,41.17,Complete,0.0
2178,3,Kwara United,Katsina United,Kwara United,Katsina United,Kunle Bello,ST,23,54,38,Foul,84.81,54.05,Complete,0.0
2179,3,Kwara United,Katsina United,Kwara United,Katsina United,Victor Lawal,CAM,29,54,39,Pass,62.74,4.23,Complete,0.0
2180,3,Kwara United,Katsina United,Katsina United,Kwara United,Emmanuel Adisa,CAM,1,54,44,Turnover,36.17,33.54,Complete,0.0
2181,3,Kwara United,Katsina United,Katsina United,Kwara United,Suleiman Sanni,CM,13,54,48,Pass,88.53,36.23,Complete,0.0
2182,3,Kwara United,Katsina United,Kwara United,Katsina United,Divine Ojo,LW,21,54,55,Pass,91.88,62.31,Incomplete,0.0
2183,3,Kwara United,Katsina United,Kwara United,Katsina United,Victor Lawal,CAM,29,55,8,Interception,31.93,0.0,Complete,0.0
2184,3,Kwara United,Katsina United,Kwara United,Katsina United,Segun Chukwuma,ST,14,55,32,Turnover,57.09,38.48,Complete,0.0
2185,3,Kwara United,Katsina United,Katsina United,Kwara United,Emmanuel Adisa,CAM,1,55,38,Tackle,67.7,42.77,Complete,0.0
2186,3,Kwara United,Katsina United,Kwara United,Katsina United,Kelechi Adebayo,GK,28,55,43,Pass,84.08,31.03,Incomplete,0.0
2187,3,Kwara United,Katsina United,Katsina United,Kwara United,Victor Mustapha,LW,7,55,56,Shot,89.43,25.16,On Target,0.122
2188,3,Kwara United,Katsina United,Kwara United,Katsina United,Kelechi Balogun,CB,9,56,32,Cross,74.24,24.31,Complete,0.0
2189,3,Kwara United,Katsina United,Katsina United,Kwara United,Victor Mustapha,LW,7,56,55,Pass,5.47,30.92,Complete,0.0
2190,3,Kwara United,Katsina United,Kwara United,Katsina United,Godwin Adeyemi,CB,6,57,1,Progressive Pass,63.64,60.16,Complete,0.0
2191,3,Kwara United,Katsina United,Kwara United,Katsina United,Sani Okoye,RB,7,57,9,Pass,0.36,24.76,Complete,0.0
2192,3,Kwara United,Katsina United,Katsina United,Kwara United,Godwin Usman,LW,16,57,14,Corner,92.7,32.01,Complete,0.0
2193,3,Kwara United,Katsina United,Katsina United,Kwara United,Uche Osazuwa,LB,15,57,19,Shot,90.09,51.62,On Target,0.143
2194,3,Kwara United,Katsina United,Katsina United,Kwara United,Suleiman Sanni,CM,13,57,25,Interception,46.55,24.2,Complete,0.0
2195,3,Kwara United,Katsina United,Kwara United,Katsina United,Bayo Okonkwo,RB,22,57,28,Pass,13.64,80.0,Complete,0.0
2196,3,Kwara United,Katsina United,Kwara United,Katsina United,Kunle Mustapha,LB,24,57,36,Tackle,10.45,27.08,Complete,0.0
2197,3,Kwara United,Katsina United,Katsina United,Kwara United,Emmanuel Adisa,CAM,1,57,44,Tackle,78.36,8.62,Complete,0.0
2198,3,Kwara United,Katsina United,Kwara United,Katsina United,Samuel Ndukwe,RW,10,57,48,Pass,23.0,62.55,Complete,0.0
2199,3,Kwara United,Katsina United,Kwara United,Katsina United,Sani Okoye,RB,7,57,53,Pass,45.32,38.79,Complete,0.0
2200,3,Kwara United,Katsina United,Katsina United,Kwara United,Emmanuel Balogun,CDM,18,57,53,Foul,61.98,6.9,Complete,0.0
2201,3,Kwara United,Katsina United,Katsina United,Kwara United,Uche Osazuwa,LB,15,57,56,Corner,92.32,19.6,Complete,0.0
2202,3,Kwara United,Katsina United,Kwara United,Katsina United,Chidi Adeyemi,RB,12,57,59,Progressive Pass,101.52,54.21,Incomplete,0.0
2203,3,Kwara United,Katsina United,Katsina United,Kwara United,Abubakar Ojo,RB,19,58,5,Interception,55.28,36.01,Complete,0.0
2204,3,Kwara United,Katsina United,Kwara United,Katsina United,Godwin Adeyemi,CB,6,58,6,Pass,99.82,35.71,Complete,0.0
2205,3,Kwara United,Katsina United,Kwara United,Katsina United,Kelechi Ojo,RW,3,58,6,Progressive Pass,59.22,19.64,Complete,0.0
2206,3,Kwara United,Katsina United,Katsina United,Kwara United,Suleiman Sanni,CM,13,58,11,Pass,105.58,15.73,Complete,0.0
2207,3,Kwara United,Katsina United,Katsina United,Kwara United,Suleiman Sanni,CM,13,58,12,Pass,28.54,20.37,Complete,0.0
2208,3,Kwara United,Katsina United,Katsina United,Kwara United,Joseph Chukwu,CB,29,58,22,Pass,105.22,53.32,Complete,0.0
2209,3,Kwara United,Katsina United,Katsina United,Kwara United,Victor Mustapha,LW,7,58,27,Progressive Pass,10.3,43.63,Complete,0.0
2210,3,Kwara United,Katsina United,Katsina United,Kwara United,Emmanuel Balogun,CDM,18,58,29,Pass,1.26,37.83,Complete,0.0
2211,3,Kwara United,Katsina United,Katsina United,Kwara United,Uche Osazuwa,LB,15,58,37,Pass,65.59,51.16,Complete,0.0
2212,3,Kwara United,Katsina United,Kwara United,Katsina United,Kelechi Balogun,CB,9,58,47,Turnover,66.94,52.03,Complete,0.0
2213,3,Kwara United,Katsina United,Kwara United,Katsina United,Kelechi Balogun,CB,9,58,50,Pass,6.67,42.82,Complete,0.0
2214,3,Kwara United,Katsina United,Katsina United,Kwara United,Suleiman Sanni,CM,13,58,51,Progressive Pass,101.76,49.48,Complete,0.0
2215,3,Kwara United,Katsina United,Katsina United,Kwara United,Suleiman Sanni,CM,13,59,10,Interception,11.05,75.89,Complete,0.0
2216,3,Kwara United,Katsina United,Kwara United,Katsina United,Success Ogundele,LW,25,59,20,Successful Dribble,12.36,32.35,Complete,0.0
2217,3,Kwara United,Katsina United,Kwara United,Katsina United,Godwin Adeyemi,CB,6,59,20,Interception,34.3,53.21,Complete,0.0
2218,3,Kwara United,Katsina United,Katsina United,Kwara United,Emmanuel Abubakar,CDM,14,59,25,Shot on Target,95.44,35.41,On Target,0.222
2219,3,Kwara United,Katsina United,Kwara United,Katsina United,Divine Ojo,LW,21,59,44,Shot,118.38,0.98,Off Target,0.066
2220,3,Kwara United,Katsina United,Katsina United,Kwara United,Emmanuel Balogun,CDM,18,59,45,Tackle,66.6,41.04,Complete,0.0
2221,3,Kwara United,Katsina United,Kwara United,Katsina United,Godwin Adeyemi,CB,6,59,46,Tackle,75.65,71.69,Complete,0.0
2222,3,Kwara United,Katsina United,Kwara United,Katsina United,Sani Okoye,RB,7,59,49,Successful Dribble,81.22,25.05,Complete,0.0
2223,3,Kwara United,Katsina United,Kwara United,Katsina United,Godwin Adeyemi,CB,6,59,51,Foul,54.64,37.29,Complete,0.0
2224,3,Kwara United,Katsina United,Katsina United,Kwara United,Emmanuel Abubakar,CDM,14,59,56,Foul,43.45,16.11,Complete,0.0
2225,3,Kwara United,Katsina United,Katsina United,Kwara United,Musa Ibrahim,LB,17,60,2,Pass,52.86,73.19,Complete,0.0
2226,3,Kwara United,Katsina United,Katsina United,Kwara United,Uche Osazuwa,LB,15,60,3,Interception,55.27,60.08,Complete,0.0
2227,3,Kwara United,Katsina United,Kwara United,Katsina United,Success Ogundele,LW,25,60,3,Turnover,68.37,46.64,Complete,0.0
2228,3,Kwara United,Katsina United,Kwara United,Katsina United,Kelechi Balogun,CB,9,60,14,Pass,56.39,57.7,Complete,0.0
2229,3,Kwara United,Katsina United,Kwara United,Katsina United,Sani Okoye,RB,7,60,26,Progressive Pass,114.1,26.58,Complete,0.0
2230,3,Kwara United,Katsina United,Katsina United,Kwara United,Ikechukwu Etim,GK,6,60,28,Interception,17.86,68.51,Complete,0.0
2231,3,Kwara United,Katsina United,Katsina United,Kwara United,Joseph Chukwu,CB,29,60,51,Foul,75.49,41.17,Complete,0.0
2232,3,Kwara United,Katsina United,Kwara United,Katsina United,Segun Chukwuma,ST,14,60,55,Pass,1.45,19.04,Complete,0.0
2233,3,Kwara United,Katsina United,Katsina United,Kwara United,Ikechukwu Etim,GK,6,61,1,Tackle,61.36,59.67,Complete,0.0
2234,3,Kwara United,Katsina United,Kwara United,Katsina United,Kelechi Balogun,CB,9,61,17,Pass,11.43,46.46,Complete,0.0
2235,3,Kwara United,Katsina United,Katsina United,Kwara United,Emmanuel Balogun,CDM,18,61,25,Dangerous Pass,84.62,22.05,Complete,0.0
2236,3,Kwara United,Katsina United,Katsina United,Kwara United,Emeka Adebayo,LW,12,61,27,Pass,26.56,33.77,Complete,0.0
2237,3,Kwara United,Katsina United,Kwara United,Katsina United,Uche Etim,LW,17,61,35,Foul,68.92,19.43,Complete,0.0
2238,3,Kwara United,Katsina United,Kwara United,Katsina United,Kelechi Balogun,CB,9,61,39,Successful Dribble,56.86,20.18,Complete,0.0
2239,3,Kwara United,Katsina United,Kwara United,Katsina United,Kunle Bello,ST,23,61,49,Pass,69.9,44.9,Complete,0.0
2240,3,Kwara United,Katsina United,Kwara United,Katsina United,Ifeanyi Usman,GK,16,61,49,Pass,22.02,48.42,Complete,0.0
2241,3,Kwara United,Katsina United,Kwara United,Katsina United,Samuel Ndukwe,RW,10,61,59,Turnover,52.43,29.67,Complete,0.0
2242,3,Kwara United,Katsina United,Katsina United,Kwara United,Joseph Chukwu,CB,29,62,2,Turnover,27.15,71.83,Complete,0.0
2243,3,Kwara United,Katsina United,Katsina United,Kwara United,Chukwuemeka Eze,CM,10,62,3,Interception,54.94,28.86,Complete,0.0
2244,3,Kwara United,Katsina United,Katsina United,Kwara United,Suleiman Sanni,CM,13,62,12,Interception,86.58,73.05,Complete,0.0
2245,3,Kwara United,Katsina United,Kwara United,Katsina United,Kelechi Balogun,CB,9,62,14,Interception,54.84,44.89,Complete,0.0
2246,3,Kwara United,Katsina United,Katsina United,Kwara United,Emmanuel Abubakar,CDM,14,62,15,Dangerous Pass,89.34,27.52,Complete,0.0
2247,3,Kwara United,Katsina United,Kwara United,Katsina United,Godwin Adeyemi,CB,6,62,17,Turnover,24.12,39.6,Complete,0.0
2248,3,Kwara United,Katsina United,Katsina United,Kwara United,Emmanuel Adisa,CAM,1,62,26,Dangerous Pass,97.3,46.5,Complete,0.0
2249,3,Kwara United,Katsina United,Kwara United,Katsina United,Victor Lawal,CAM,29,62,36,Interception,86.71,46.64,Complete,0.0
2250,3,Kwara United,Katsina United,Katsina United,Kwara United,Uche Osazuwa,LB,15,62,38,Foul,70.01,40.41,Complete,0.0
2251,3,Kwara United,Katsina United,Katsina United,Kwara United,Joseph Chukwu,CB,29,62,49,Corner,91.77,32.83,Complete,0.0
2252,3,Kwara United,Katsina United,Katsina United,Kwara United,Abubakar Ojo,RB,19,62,49,Pass,46.85,0.0,Complete,0.0
2253,3,Kwara United,Katsina United,Katsina United,Kwara United,Adewale Mustapha,ST,2,63,10,Successful Dribble,75.06,5.0,Complete,0.0
2254,3,Kwara United,Katsina United,Kwara United,Katsina United,Segun Chukwuma,ST,14,63,12,Successful Dribble,56.37,41.73,Complete,0.0
2255,3,Kwara United,Katsina United,Katsina United,Kwara United,Emmanuel Abubakar,CDM,14,63,19,Progressive Pass,17.65,27.45,Complete,0.0
2256,3,Kwara United,Katsina United,Kwara United,Katsina United,Kelechi Adebayo,GK,28,63,19,Progressive Pass,90.19,14.4,Complete,0.0
2257,3,Kwara United,Katsina United,Kwara United,Katsina United,Kelechi Adebayo,GK,28,63,33,Foul,24.01,58.68,Complete,0.0
2258,3,Kwara United,Katsina United,Kwara United,Katsina United,Kunle Bello,ST,23,63,39,Turnover,77.72,35.83,Complete,0.0
2259,3,Kwara United,Katsina United,Kwara United,Katsina United,Success Ogundele,LW,25,63,53,Progressive Pass,3.79,0.0,Incomplete,0.0
2260,3,Kwara United,Katsina United,Kwara United,Katsina United,Success Ogundele,LW,25,64,4,Turnover,32.03,29.1,Complete,0.0
2261,3,Kwara United,Katsina United,Kwara United,Katsina United,Uche Etim,LW,17,64,9,Turnover,72.17,45.69,Complete,0.0
2262,3,Kwara United,Katsina United,Kwara United,Katsina United,Uche Etim,LW,17,64,11,Pass,13.01,56.12,Complete,0.0
2263,3,Kwara United,Katsina United,Katsina United,Kwara United,Emmanuel Adisa,CAM,1,64,15,Foul,10.31,28.48,Complete,0.0
2264,3,Kwara United,Katsina United,Katsina United,Kwara United,Godwin Usman,LW,16,64,18,Progressive Pass,92.58,36.24,Incomplete,0.0
2265,3,Kwara United,Katsina United,Katsina United,Kwara United,Emmanuel Abubakar,CDM,14,64,22,Foul,81.46,45.24,Complete,0.0
2266,3,Kwara United,Katsina United,Kwara United,Katsina United,Uche Etim,LW,17,64,37,Tackle,46.14,34.66,Complete,0.0
2267,3,Kwara United,Katsina United,Katsina United,Kwara United,Victor Mustapha,LW,7,64,44,Pass,11.43,21.41,Complete,0.0
2268,3,Kwara United,Katsina United,Katsina United,Kwara United,Godwin Usman,LW,16,65,0,Cross,101.05,55.49,Complete,0.0
2269,3,Kwara United,Katsina United,Kwara United,Katsina United,Victor Lawal,CAM,29,65,0,Successful Dribble,107.96,13.76,Complete,0.0
2270,3,Kwara United,Katsina United,Katsina United,Kwara United,Emmanuel Abubakar,CDM,14,65,5,Tackle,82.03,63.72,Complete,0.0
2271,3,Kwara United,Katsina United,Katsina United,Kwara United,Emmanuel Balogun,CDM,18,65,6,Pass,93.28,22.25,Complete,0.0
2272,3,Kwara United,Katsina United,Kwara United,Katsina United,Ifeanyi Usman,GK,16,65,11,Pass,14.74,53.12,Complete,0.0
2273,3,Kwara United,Katsina United,Kwara United,Katsina United,Sani Okoye,RB,7,65,13,Tackle,76.84,36.1,Complete,0.0
2274,3,Kwara United,Katsina United,Kwara United,Katsina United,Chidi Adeyemi,RB,12,65,21,Pass,12.36,19.67,Complete,0.0
2275,3,Kwara United,Katsina United,Kwara United,Katsina United,Godwin Adeyemi,CB,6,65,30,Pass,81.05,75.68,Complete,0.0
2276,3,Kwara United,Katsina United,Kwara United,Katsina United,Kelechi Ojo,RW,3,65,33,Pass,96.28,29.29,Complete,0.0
2277,3,Kwara United,Katsina United,Kwara United,Katsina United,Kunle Bello,ST,23,65,39,Cross,92.29,80.0,Complete,0.0
2278,3,Kwara United,Katsina United,Kwara United,Katsina United,Kelechi Balogun,CB,9,65,40,Successful Dribble,22.08,30.65,Complete,0.0
2279,3,Kwara United,Katsina United,Katsina United,Kwara United,Musa Ibrahim,LB,17,65,48,Pass,14.42,38.92,Complete,0.0
2280,3,Kwara United,Katsina United,Kwara United,Katsina United,Samuel Ndukwe,RW,10,65,58,Shot,104.55,16.92,Off Target,0.191
2281,3,Kwara United,Katsina United,Kwara United,Katsina United,Sani Okoye,RB,7,66,10,Progressive Pass,113.54,16.28,Complete,0.0
2282,3,Kwara United,Katsina United,Katsina United,Kwara United,Chukwuemeka Eze,CM,10,66,13,Progressive Pass,60.59,21.85,Complete,0.0
2283,3,Kwara United,Katsina United,Katsina United,Kwara United,Yusuf Adeyemi,CM,4,66,14,Pass,85.36,60.9,Complete,0.0
2284,3,Kwara United,Katsina United,Katsina United,Kwara United,Yusuf Adeyemi,CM,4,66,17,Progressive Pass,6.47,20.21,Complete,0.0
2285,3,Kwara United,Katsina United,Kwara United,Katsina United,Godwin Adeyemi,CB,6,66,17,Progressive Pass,82.44,32.16,Incomplete,0.0
2286,3,Kwara United,Katsina United,Kwara United,Katsina United,Samuel Ndukwe,RW,10,66,17,Tackle,34.26,7.65,Complete,0.0
2287,3,Kwara United,Katsina United,Kwara United,Katsina United,Divine Ojo,LW,21,66,27,Pass,69.47,46.83,Complete,0.0
2288,3,Kwara United,Katsina United,Kwara United,Katsina United,Kunle Mustapha,LB,24,66,35,Pass,74.95,28.22,Complete,0.0
2289,3,Kwara United,Katsina United,Katsina United,Kwara United,Joseph Chukwu,CB,29,66,58,Corner,115.46,22.59,Complete,0.0
2290,3,Kwara United,Katsina United,Katsina United,Kwara United,Emmanuel Balogun,CDM,18,67,2,Interception,63.07,60.56,Complete,0.0
2291,3,Kwara United,Katsina United,Katsina United,Kwara United,Emmanuel Abubakar,CDM,14,67,2,Pass,26.77,44.08,Complete,0.0
2292,3,Kwara United,Katsina United,Kwara United,Katsina United,Kunle Bello,ST,23,67,16,Yellow Card,12.69,24.2,Complete,0.0
2293,3,Kwara United,Katsina United,Katsina United,Kwara United,Joseph Chukwu,CB,29,67,19,Turnover,38.27,77.05,Complete,0.0
2294,3,Kwara United,Katsina United,Katsina United,Kwara United,Uche Osazuwa,LB,15,67,33,Pass,98.75,37.89,Incomplete,0.0
2295,3,Kwara United,Katsina United,Kwara United,Katsina United,Kelechi Ojo,RW,3,67,56,Tackle,82.52,74.83,Complete,0.0
2296,3,Kwara United,Katsina United,Kwara United,Katsina United,Samuel Ndukwe,RW,10,68,2,Progressive Pass,79.99,35.21,Complete,0.0
2297,3,Kwara United,Katsina United,Katsina United,Kwara United,Uche Osazuwa,LB,15,68,12,Shot,104.28,38.16,Off Target,0.324
2298,3,Kwara United,Katsina United,Kwara United,Katsina United,Samuel Ndukwe,RW,10,68,12,Successful Dribble,12.07,54.02,Complete,0.0
2299,3,Kwara United,Katsina United,Katsina United,Kwara United,Musa Ibrahim,LB,17,68,14,Pass,99.48,8.53,Complete,0.0
2300,3,Kwara United,Katsina United,Kwara United,Katsina United,Sani Okoye,RB,7,68,18,Turnover,30.87,30.8,Complete,0.0
2301,3,Kwara United,Katsina United,Kwara United,Katsina United,Success Ogundele,LW,25,68,24,Pass,80.33,27.64,Incomplete,0.0
2302,3,Kwara United,Katsina United,Kwara United,Katsina United,Kelechi Adebayo,GK,28,68,28,Turnover,36.66,44.86,Complete,0.0
2303,3,Kwara United,Katsina United,Kwara United,Katsina United,Kelechi Balogun,CB,9,68,35,Turnover,89.7,30.92,Complete,0.0
2304,3,Kwara United,Katsina United,Kwara United,Katsina United,Samuel Ndukwe,RW,10,68,40,Foul,81.79,51.89,Complete,0.0
2305,3,Kwara United,Katsina United,Kwara United,Katsina United,Kelechi Balogun,CB,9,68,40,Shot on Target,89.73,33.62,On Target,0.156
2306,3,Kwara United,Katsina United,Katsina United,Kwara United,Emmanuel Balogun,CDM,18,68,59,Progressive Pass,32.24,24.96,Complete,0.0
2307,3,Kwara United,Katsina United,Kwara United,Katsina United,Segun Chukwuma,ST,14,68,59,Pass,55.38,7.18,Complete,0.0
2308,3,Kwara United,Katsina United,Katsina United,Kwara United,Suleiman Sanni,CM,13,69,1,Successful Dribble,109.24,51.21,Complete,0.0
2309,3,Kwara United,Katsina United,Katsina United,Kwara United,Ikechukwu Etim,GK,6,69,5,Turnover,18.53,44.68,Complete,0.0
2310,3,Kwara United,Katsina United,Katsina United,Kwara United,Emmanuel Balogun,CDM,18,69,22,Successful Dribble,81.7,35.48,Complete,0.0
2311,3,Kwara United,Katsina United,Katsina United,Kwara United,Adewale Mustapha,ST,2,69,26,Interception,32.86,52.31,Complete,0.0
2312,3,Kwara United,Katsina United,Katsina United,Kwara United,Emeka Adebayo,LW,12,69,31,Shot,113.62,67.51,On Target,0.186
2313,3,Kwara United,Katsina United,Kwara United,Katsina United,Kelechi Adebayo,GK,28,69,36,Progressive Pass,84.91,54.47,Incomplete,0.0
2314,3,Kwara United,Katsina United,Kwara United,Katsina United,Samuel Ndukwe,RW,10,69,47,Tackle,29.47,64.14,Complete,0.0
2315,3,Kwara United,Katsina United,Katsina United,Kwara United,Abubakar Ojo,RB,19,70,6,Interception,18.07,48.53,Complete,0.0
2316,3,Kwara United,Katsina United,Kwara United,Katsina United,Victor Lawal,CAM,29,70,15,Turnover,70.15,41.47,Complete,0.0
2317,3,Kwara United,Katsina United,Kwara United,Katsina United,Samuel Ndukwe,RW,10,70,25,Progressive Pass,49.27,7.68,Complete,0.0
2318,3,Kwara United,Katsina United,Katsina United,Kwara United,Abubakar Ojo,RB,19,70,46,Turnover,82.35,33.96,Complete,0.0
2319,3,Kwara United,Katsina United,Kwara United,Katsina United,Uche Etim,LW,17,70,47,Shot,105.37,74.08,Off Target,0.088
2320,3,Kwara United,Katsina United,Katsina United,Kwara United,Yusuf Adeyemi,CM,4,70,48,Pass,42.56,7.65,Complete,0.0
2321,3,Kwara United,Katsina United,Katsina United,Kwara United,Abubakar Ojo,RB,19,70,55,Tackle,36.12,17.64,Complete,0.0
2322,3,Kwara United,Katsina United,Katsina United,Kwara United,Adewale Mustapha,ST,2,71,1,Shot on Target,95.65,42.39,On Target,0.228
2323,3,Kwara United,Katsina United,Katsina United,Kwara United,Godwin Usman,LW,16,71,5,Pass,94.52,42.66,Complete,0.0
2324,3,Kwara United,Katsina United,Katsina United,Kwara United,Abubakar Ojo,RB,19,71,8,Dangerous Pass,71.52,78.07,Complete,0.0
2325,3,Kwara United,Katsina United,Katsina United,Kwara United,Chukwuemeka Eze,CM,10,71,12,Pass,106.89,52.45,Complete,0.0
2326,3,Kwara United,Katsina United,Katsina United,Kwara United,Emmanuel Adisa,CAM,1,71,14,Pass,7.29,48.82,Complete,0.0
2327,3,Kwara United,Katsina United,Kwara United,Katsina United,Bayo Okonkwo,RB,22,71,29,Pass,57.63,24.29,Complete,0.0
2328,3,Kwara United,Katsina United,Katsina United,Kwara United,Suleiman Sanni,CM,13,71,31,Pass,90.55,44.23,Complete,0.0
2329,3,Kwara United,Katsina United,Kwara United,Katsina United,Samuel Ndukwe,RW,10,71,35,Turnover,50.69,29.88,Complete,0.0
2330,3,Kwara United,Katsina United,Kwara United,Katsina United,Ifeanyi Usman,GK,16,71,45,Pass,51.08,39.23,Complete,0.0
2331,3,Kwara United,Katsina United,Kwara United,Katsina United,Success Ogundele,LW,25,71,51,Interception,28.69,22.21,Complete,0.0
2332,3,Kwara United,Katsina United,Kwara United,Katsina United,Godwin Adeyemi,CB,6,72,0,Turnover,44.47,12.24,Complete,0.0
2333,3,Kwara United,Katsina United,Katsina United,Kwara United,Emmanuel Abubakar,CDM,14,72,3,Successful Dribble,20.26,50.12,Complete,0.0
2334,3,Kwara United,Katsina United,Kwara United,Katsina United,Segun Chukwuma,ST,14,72,3,Tackle,33.88,60.5,Complete,0.0
2335,3,Kwara United,Katsina United,Katsina United,Kwara United,Abubakar Ojo,RB,19,72,8,Cross,99.02,30.77,Complete,0.0
2336,3,Kwara United,Katsina United,Katsina United,Kwara United,Victor Mustapha,LW,7,72,18,Pass,58.01,18.3,Incomplete,0.0
2337,3,Kwara United,Katsina United,Katsina United,Kwara United,Emmanuel Adisa,CAM,1,72,22,Successful Dribble,105.37,9.41,Complete,0.0
2338,3,Kwara United,Katsina United,Katsina United,Kwara United,Victor Mustapha,LW,7,72,33,Corner,95.21,11.26,Complete,0.0
2339,3,Kwara United,Katsina United,Kwara United,Katsina United,Kunle Bello,ST,23,72,33,Shot,107.51,29.12,On Target,0.316
2340,3,Kwara United,Katsina United,Katsina United,Kwara United,Chukwuemeka Eze,CM,10,72,41,Shot,113.15,50.47,On Target,0.361
2341,3,Kwara United,Katsina United,Katsina United,Kwara United,Emmanuel Balogun,CDM,18,72,45,Pass,118.47,6.41,Incomplete,0.0
2342,3,Kwara United,Katsina United,Kwara United,Katsina United,Samuel Ndukwe,RW,10,72,47,Progressive Pass,72.4,44.97,Complete,0.0
2343,3,Kwara United,Katsina United,Kwara United,Katsina United,Kelechi Adebayo,GK,28,72,48,Pass,113.61,16.58,Complete,0.0
2344,3,Kwara United,Katsina United,Katsina United,Kwara United,Abubakar Ojo,RB,19,72,51,Progressive Pass,72.95,0.0,Complete,0.0
2345,3,Kwara United,Katsina United,Kwara United,Katsina United,Divine Ojo,LW,21,72,54,Tackle,44.31,63.52,Complete,0.0
2346,3,Kwara United,Katsina United,Kwara United,Katsina United,Chidi Adeyemi,RB,12,72,54,Pass,11.99,29.11,Incomplete,0.0
2347,3,Kwara United,Katsina United,Katsina United,Kwara United,Victor Mustapha,LW,7,73,0,Interception,61.97,53.4,Complete,0.0
2348,3,Kwara United,Katsina United,Kwara United,Katsina United,Uche Etim,LW,17,73,1,Tackle,35.52,35.91,Complete,0.0
2349,3,Kwara United,Katsina United,Katsina United,Kwara United,Yusuf Adeyemi,CM,4,73,2,Shot on Target,108.0,32.32,On Target,0.342
2350,3,Kwara United,Katsina United,Katsina United,Kwara United,Emmanuel Adisa,CAM,1,73,3,Corner,77.35,47.46,Complete,0.0
2351,3,Kwara United,Katsina United,Kwara United,Katsina United,Kunle Bello,ST,23,73,30,Progressive Pass,0.7,64.07,Complete,0.0
2352,3,Kwara United,Katsina United,Katsina United,Kwara United,Suleiman Sanni,CM,13,73,55,Offside,64.71,34.14,Complete,0.0
2353,3,Kwara United,Katsina United,Kwara United,Katsina United,Chidi Adeyemi,RB,12,73,59,Big Chance,88.62,34.85,Off Target,0.397
2354,3,Kwara United,Katsina United,Kwara United,Katsina United,Kunle Bello,ST,23,74,32,Successful Dribble,105.28,16.88,Complete,0.0
2355,3,Kwara United,Katsina United,Kwara United,Katsina United,Chidi Adeyemi,RB,12,74,38,Pass,28.03,12.98,Complete,0.0
2356,3,Kwara United,Katsina United,Kwara United,Katsina United,Samuel Ndukwe,RW,10,74,45,Shot on Target,119.2,63.16,Off Target,0.242
2357,3,Kwara United,Katsina United,Katsina United,Kwara United,Godwin Usman,LW,16,74,48,Corner,72.62,23.3,Complete,0.0
2358,3,Kwara United,Katsina United,Kwara United,Katsina United,Kelechi Adebayo,GK,28,74,49,Successful Dribble,72.33,61.03,Complete,0.0
2359,3,Kwara United,Katsina United,Kwara United,Katsina United,Ifeanyi Usman,GK,16,74,50,Turnover,10.05,27.59,Complete,0.0
2360,3,Kwara United,Katsina United,Katsina United,Kwara United,Ikechukwu Etim,GK,6,74,53,Offside,93.87,44.37,Complete,0.0
2361,3,Kwara United,Katsina United,Katsina United,Kwara United,Chukwuemeka Eze,CM,10,74,56,Pass,82.42,23.63,Complete,0.0
2362,3,Kwara United,Katsina United,Katsina United,Kwara United,Emmanuel Abubakar,CDM,14,74,56,Progressive Pass,96.64,35.07,Incomplete,0.0
2363,3,Kwara United,Katsina United,Katsina United,Kwara United,Emmanuel Balogun,CDM,18,74,57,Pass,14.24,60.38,Incomplete,0.0
2364,3,Kwara United,Katsina United,Kwara United,Katsina United,Kelechi Adebayo,GK,28,75,5,Pass,94.61,66.76,Complete,0.0
2365,3,Kwara United,Katsina United,Kwara United,Katsina United,Sani Okoye,RB,7,75,14,Interception,24.23,27.49,Complete,0.0
2366,3,Kwara United,Katsina United,Katsina United,Kwara United,Chukwuemeka Eze,CM,10,75,14,Pass,35.71,28.6,Complete,0.0
2367,3,Kwara United,Katsina United,Katsina United,Kwara United,Ikechukwu Etim,GK,6,75,21,Dangerous Pass,80.92,45.25,Complete,0.0
2368,3,Kwara United,Katsina United,Katsina United,Kwara United,Joseph Chukwu,CB,29,75,22,Pass,59.64,7.71,Incomplete,0.0
2369,3,Kwara United,Katsina United,Katsina United,Kwara United,Emmanuel Balogun,CDM,18,75,28,Big Chance,98.92,33.93,On Target,0.506
2370,3,Kwara United,Katsina United,Katsina United,Kwara United,Adewale Adeyemi,CDM,23,75,38,Turnover,74.13,80.0,Complete,0.0
2371,3,Kwara United,Katsina United,Katsina United,Kwara United,Yusuf Adeyemi,CM,4,75,50,Interception,87.06,0.0,Complete,0.0
2372,3,Kwara United,Katsina United,Kwara United,Katsina United,Uche Etim,LW,17,75,52,Turnover,52.63,28.35,Complete,0.0
2373,3,Kwara United,Katsina United,Kwara United,Katsina United,Kunle Mustapha,LB,24,76,5,Turnover,35.03,48.75,Complete,0.0
2374,3,Kwara United,Katsina United,Kwara United,Katsina United,Ifeanyi Usman,GK,16,76,17,Corner,99.49,49.41,Complete,0.0
2375,3,Kwara United,Katsina United,Katsina United,Kwara United,Uche Osazuwa,LB,15,76,29,Turnover,18.81,57.49,Complete,0.0
2376,3,Kwara United,Katsina United,Katsina United,Kwara United,Emmanuel Abubakar,CDM,14,76,37,Progressive Pass,11.17,46.92,Complete,0.0
2377,3,Kwara United,Katsina United,Katsina United,Kwara United,Abubakar Ojo,RB,19,76,46,Tackle,88.49,72.82,Complete,0.0
2378,3,Kwara United,Katsina United,Kwara United,Katsina United,Segun Chukwuma,ST,14,77,0,Yellow Card,87.97,45.58,Complete,0.0
2379,3,Kwara United,Katsina United,Katsina United,Kwara United,Victor Mustapha,LW,7,77,2,Pass,10.2,37.4,Complete,0.0
2380,3,Kwara United,Katsina United,Kwara United,Katsina United,Godwin Adeyemi,CB,6,77,22,Dangerous Pass,100.42,44.96,Complete,0.0
2381,3,Kwara United,Katsina United,Kwara United,Katsina United,Kelechi Balogun,CB,9,77,25,Foul,62.09,31.89,Complete,0.0
2382,3,Kwara United,Katsina United,Kwara United,Katsina United,Uche Etim,LW,17,77,38,Pass,60.31,15.89,Complete,0.0
2383,3,Kwara United,Katsina United,Kwara United,Katsina United,Success Ogundele,LW,25,77,44,Pass,74.51,4.9,Incomplete,0.0
2384,3,Kwara United,Katsina United,Katsina United,Kwara United,Emmanuel Abubakar,CDM,14,77,49,Pass,6.28,7.35,Complete,0.0
2385,3,Kwara United,Katsina United,Kwara United,Katsina United,Godwin Adeyemi,CB,6,77,49,Pass,4.86,34.15,Complete,0.0
2386,3,Kwara United,Katsina United,Kwara United,Katsina United,Ifeanyi Usman,GK,16,77,57,Pass,75.63,21.77,Complete,0.0
2387,3,Kwara United,Katsina United,Kwara United,Katsina United,Bayo Okonkwo,RB,22,77,58,Tackle,48.32,55.41,Complete,0.0
2388,3,Kwara United,Katsina United,Kwara United,Katsina United,Success Ogundele,LW,25,77,58,Tackle,34.6,76.6,Complete,0.0
2389,3,Kwara United,Katsina United,Kwara United,Katsina United,Kelechi Balogun,CB,9,77,59,Tackle,17.3,22.39,Complete,0.0
2390,3,Kwara United,Katsina United,Kwara United,Katsina United,Divine Ojo,LW,21,78,1,Foul,25.94,48.14,Complete,0.0
2391,3,Kwara United,Katsina United,Katsina United,Kwara United,Uche Osazuwa,LB,15,78,18,Tackle,52.58,22.08,Complete,0.0
2392,3,Kwara United,Katsina United,Kwara United,Katsina United,Divine Ojo,LW,21,78,31,Shot,101.87,49.91,Off Target,0.27
2393,3,Kwara United,Katsina United,Katsina United,Kwara United,Emmanuel Adisa,CAM,1,78,34,Pass,25.02,26.11,Complete,0.0
2394,3,Kwara United,Katsina United,Kwara United,Katsina United,Sani Okoye,RB,7,78,37,Pass,8.84,0.0,Complete,0.0
2395,3,Kwara United,Katsina United,Kwara United,Katsina United,Samuel Ndukwe,RW,10,78,40,Cross,86.71,0.0,Complete,0.0
2396,3,Kwara United,Katsina United,Katsina United,Kwara United,Emmanuel Abubakar,CDM,14,78,47,Turnover,42.97,16.22,Complete,0.0
2397,3,Kwara United,Katsina United,Kwara United,Katsina United,Segun Chukwuma,ST,14,79,0,Successful Dribble,30.01,12.46,Complete,0.0
2398,3,Kwara United,Katsina United,Kwara United,Katsina United,Kunle Mustapha,LB,24,79,1,Turnover,41.47,48.73,Complete,0.0
2399,3,Kwara United,Katsina United,Kwara United,Katsina United,Samuel Ndukwe,RW,10,79,11,Pass,76.08,34.14,Complete,0.0
2400,3,Kwara United,Katsina United,Katsina United,Kwara United,Godwin Usman,LW,16,79,15,Foul,86.78,47.74,Complete,0.0
2401,3,Kwara United,Katsina United,Kwara United,Katsina United,Segun Chukwuma,ST,14,79,37,Interception,34.04,36.27,Complete,0.0
2402,3,Kwara United,Katsina United,Kwara United,Katsina United,Chidi Adeyemi,RB,12,79,41,Tackle,24.48,70.04,Complete,0.0
2403,3,Kwara United,Katsina United,Katsina United,Kwara United,Chukwuemeka Eze,CM,10,79,44,Cross,71.36,44.82,Complete,0.0
2404,3,Kwara United,Katsina United,Kwara United,Katsina United,Bayo Okonkwo,RB,22,79,51,Pass,62.25,18.18,Incomplete,0.0
2405,3,Kwara United,Katsina United,Katsina United,Kwara United,Musa Ibrahim,LB,17,79,55,Interception,86.17,43.76,Complete,0.0
2406,3,Kwara United,Katsina United,Katsina United,Kwara United,Emmanuel Balogun,CDM,18,79,56,Pass,6.49,2.86,Complete,0.0
2407,3,Kwara United,Katsina United,Kwara United,Katsina United,Samuel Ndukwe,RW,10,79,59,Pass,59.37,0.0,Incomplete,0.0
2408,3,Kwara United,Katsina United,Kwara United,Katsina United,Chidi Adeyemi,RB,12,80,11,Successful Dribble,41.69,54.92,Complete,0.0
2409,3,Kwara United,Katsina United,Katsina United,Kwara United,Ikechukwu Etim,GK,6,80,14,Turnover,78.27,68.77,Complete,0.0
2410,3,Kwara United,Katsina United,Katsina United,Kwara United,Emmanuel Balogun,CDM,18,80,15,Pass,104.34,46.26,Incomplete,0.0
2411,3,Kwara United,Katsina United,Katsina United,Kwara United,Chukwuemeka Eze,CM,10,80,27,Shot,104.02,42.18,On Target,0.321
2412,3,Kwara United,Katsina United,Kwara United,Katsina United,Kelechi Ojo,RW,3,80,34,Shot on Target,93.93,27.47,On Target,0.179
2413,3,Kwara United,Katsina United,Katsina United,Kwara United,Chukwuemeka Eze,CM,10,80,39,Tackle,61.14,51.27,Complete,0.0
2414,3,Kwara United,Katsina United,Kwara United,Katsina United,Victor Lawal,CAM,29,80,50,Turnover,88.54,67.78,Complete,0.0
2415,3,Kwara United,Katsina United,Katsina United,Kwara United,Ikechukwu Etim,GK,6,80,52,Pass,113.25,30.25,Complete,0.0
2416,3,Kwara United,Katsina United,Kwara United,Katsina United,Kelechi Ojo,RW,3,80,53,Turnover,86.03,35.8,Complete,0.0
2417,3,Kwara United,Katsina United,Kwara United,Katsina United,Success Ogundele,LW,25,80,57,Yellow Card,92.04,54.0,Complete,0.0
2418,3,Kwara United,Katsina United,Kwara United,Katsina United,Chidi Adeyemi,RB,12,81,6,Pass,45.33,80.0,Complete,0.0
2419,3,Kwara United,Katsina United,Katsina United,Kwara United,Emmanuel Balogun,CDM,18,81,25,Dangerous Pass,116.17,72.56,Complete,0.0
2420,3,Kwara United,Katsina United,Kwara United,Katsina United,Chidi Adeyemi,RB,12,81,39,Pass,17.86,19.02,Complete,0.0
2421,3,Kwara United,Katsina United,Kwara United,Katsina United,Kunle Mustapha,LB,24,81,42,Tackle,70.51,25.84,Complete,0.0
2422,3,Kwara United,Katsina United,Katsina United,Kwara United,Victor Mustapha,LW,7,81,44,Tackle,32.81,24.19,Complete,0.0
2423,3,Kwara United,Katsina United,Katsina United,Kwara United,Yusuf Adeyemi,CM,4,81,52,Foul,31.19,55.65,Complete,0.0
2424,3,Kwara United,Katsina United,Kwara United,Katsina United,Segun Chukwuma,ST,14,81,59,Corner,92.6,80.0,Complete,0.0
2425,3,Kwara United,Katsina United,Kwara United,Katsina United,Ifeanyi Usman,GK,16,82,1,Interception,76.56,28.79,Complete,0.0
2426,3,Kwara United,Katsina United,Katsina United,Kwara United,Emmanuel Adisa,CAM,1,82,4,Offside,49.58,21.93,Complete,0.0
2427,3,Kwara United,Katsina United,Katsina United,Kwara United,Abubakar Ojo,RB,19,82,5,Cross,79.68,0.0,Complete,0.0
2428,3,Kwara United,Katsina United,Katsina United,Kwara United,Yusuf Adeyemi,CM,4,82,8,Pass,72.84,31.35,Complete,0.0
2429,3,Kwara United,Katsina United,Katsina United,Kwara United,Joseph Chukwu,CB,29,82,9,Progressive Pass,41.96,11.45,Complete,0.0
2430,3,Kwara United,Katsina United,Katsina United,Kwara United,Emmanuel Abubakar,CDM,14,82,13,Foul,61.47,46.9,Complete,0.0
2431,3,Kwara United,Katsina United,Katsina United,Kwara United,Victor Mustapha,LW,7,82,19,Pass,60.1,0.0,Complete,0.0
2432,3,Kwara United,Katsina United,Katsina United,Kwara United,Adewale Mustapha,ST,2,82,28,Tackle,21.03,80.0,Complete,0.0
2433,3,Kwara United,Katsina United,Katsina United,Kwara United,Emmanuel Abubakar,CDM,14,82,30,Progressive Pass,5.51,67.11,Complete,0.0
2434,3,Kwara United,Katsina United,Kwara United,Katsina United,Kunle Bello,ST,23,82,45,Progressive Pass,110.73,75.29,Complete,0.0
2435,3,Kwara United,Katsina United,Kwara United,Katsina United,Success Ogundele,LW,25,82,56,Interception,42.58,60.53,Complete,0.0
2436,3,Kwara United,Katsina United,Katsina United,Kwara United,Ikechukwu Etim,GK,6,83,4,Progressive Pass,20.78,16.26,Complete,0.0
2437,3,Kwara United,Katsina United,Kwara United,Katsina United,Success Ogundele,LW,25,83,9,Interception,85.94,45.83,Complete,0.0
2438,3,Kwara United,Katsina United,Kwara United,Katsina United,Victor Lawal,CAM,29,83,10,Pass,10.48,64.82,Complete,0.0
2439,3,Kwara United,Katsina United,Katsina United,Kwara United,Yusuf Adeyemi,CM,4,83,22,Pass,33.15,38.84,Complete,0.0
2440,3,Kwara United,Katsina United,Kwara United,Katsina United,Victor Lawal,CAM,29,83,22,Successful Dribble,77.96,44.54,Complete,0.0
2441,3,Kwara United,Katsina United,Katsina United,Kwara United,Adewale Mustapha,ST,2,83,27,Progressive Pass,50.27,39.88,Complete,0.0
2442,3,Kwara United,Katsina United,Katsina United,Kwara United,Chukwuemeka Eze,CM,10,83,33,Cross,84.6,48.67,Complete,0.0
2443,3,Kwara United,Katsina United,Kwara United,Katsina United,Kelechi Adebayo,GK,28,83,42,Dangerous Pass,112.0,38.59,Complete,0.0
2444,3,Kwara United,Katsina United,Kwara United,Katsina United,Ifeanyi Usman,GK,16,83,42,Cross,93.25,39.7,Complete,0.0
2445,3,Kwara United,Katsina United,Kwara United,Katsina United,Samuel Ndukwe,RW,10,83,48,Pass,61.38,31.04,Complete,0.0
2446,3,Kwara United,Katsina United,Kwara United,Katsina United,Kelechi Balogun,CB,9,83,57,Turnover,70.81,53.3,Complete,0.0
2447,3,Kwara United,Katsina United,Katsina United,Kwara United,Emmanuel Balogun,CDM,18,84,0,Corner,71.46,21.38,Complete,0.0
2448,3,Kwara United,Katsina United,Kwara United,Katsina United,Success Ogundele,LW,25,84,3,Shot,109.71,34.04,Off Target,0.368
2449,3,Kwara United,Katsina United,Katsina United,Kwara United,Emmanuel Abubakar,CDM,14,84,10,Corner,116.96,80.0,Complete,0.0
2450,3,Kwara United,Katsina United,Katsina United,Kwara United,Emmanuel Balogun,CDM,18,84,21,Pass,93.87,3.85,Incomplete,0.0
2451,3,Kwara United,Katsina United,Kwara United,Katsina United,Godwin Adeyemi,CB,6,84,25,Big Chance,106.18,45.7,On Target,0.584
2452,3,Kwara United,Katsina United,Katsina United,Kwara United,Emeka Adebayo,LW,12,85,3,Successful Dribble,84.48,47.09,Complete,0.0
2453,3,Kwara United,Katsina United,Kwara United,Katsina United,Bayo Okonkwo,RB,22,85,7,Pass,87.47,16.03,Complete,0.0
2454,3,Kwara United,Katsina United,Kwara United,Katsina United,Victor Lawal,CAM,29,85,15,Tackle,88.87,41.13,Complete,0.0
2455,3,Kwara United,Katsina United,Katsina United,Kwara United,Adewale Adeyemi,CDM,23,85,19,Pass,4.81,25.68,Incomplete,0.0
2456,3,Kwara United,Katsina United,Kwara United,Katsina United,Kunle Bello,ST,23,85,20,Yellow Card,59.62,18.91,Complete,0.0
2457,3,Kwara United,Katsina United,Kwara United,Katsina United,Divine Ojo,LW,21,85,24,Foul,18.67,0.0,Complete,0.0
2458,3,Kwara United,Katsina United,Katsina United,Kwara United,Emmanuel Abubakar,CDM,14,85,36,Cross,76.09,48.05,Complete,0.0
2459,3,Kwara United,Katsina United,Katsina United,Kwara United,Emmanuel Balogun,CDM,18,85,37,Foul,72.34,48.57,Complete,0.0
2460,3,Kwara United,Katsina United,Kwara United,Katsina United,Sani Okoye,RB,7,85,42,Interception,80.86,26.12,Complete,0.0
2461,3,Kwara United,Katsina United,Kwara United,Katsina United,Uche Etim,LW,17,85,53,Pass,37.71,41.95,Complete,0.0
2462,3,Kwara United,Katsina United,Kwara United,Katsina United,Godwin Adeyemi,CB,6,86,2,Big Chance,113.88,47.19,On Target,0.645
2463,3,Kwara United,Katsina United,Katsina United,Kwara United,Godwin Usman,LW,16,86,5,Pass,30.91,44.59,Complete,0.0
2464,3,Kwara United,Katsina United,Kwara United,Katsina United,Victor Lawal,CAM,29,86,21,Cross,100.76,13.34,Complete,0.0
2465,3,Kwara United,Katsina United,Katsina United,Kwara United,Adewale Adeyemi,CDM,23,86,22,Pass,42.71,26.19,Incomplete,0.0
2466,3,Kwara United,Katsina United,Kwara United,Katsina United,Samuel Ndukwe,RW,10,86,32,Pass,19.95,30.0,Complete,0.0
2467,3,Kwara United,Katsina United,Kwara United,Katsina United,Samuel Ndukwe,RW,10,86,36,Big Chance,103.5,31.93,Off Target,0.546
2468,3,Kwara United,Katsina United,Katsina United,Kwara United,Yusuf Adeyemi,CM,4,86,39,Pass,16.94,18.34,Complete,0.0
2469,3,Kwara United,Katsina United,Kwara United,Katsina United,Bayo Okonkwo,RB,22,86,51,Progressive Pass,14.23,31.38,Complete,0.0
2470,3,Kwara United,Katsina United,Katsina United,Kwara United,Ikechukwu Etim,GK,6,87,6,Pass,18.98,34.46,Complete,0.0
2471,3,Kwara United,Katsina United,Kwara United,Katsina United,Kelechi Balogun,CB,9,87,7,Pass,13.06,56.99,Complete,0.0
2472,3,Kwara United,Katsina United,Katsina United,Kwara United,Uche Osazuwa,LB,15,87,19,Pass,54.91,37.6,Complete,0.0
2473,3,Kwara United,Katsina United,Kwara United,Katsina United,Sani Okoye,RB,7,87,30,Tackle,73.67,50.1,Complete,0.0
2474,3,Kwara United,Katsina United,Katsina United,Kwara United,Emeka Adebayo,LW,12,87,38,Shot on Target,104.5,55.63,Off Target,0.255
2475,3,Kwara United,Katsina United,Kwara United,Katsina United,Bayo Okonkwo,RB,22,87,41,Tackle,65.89,34.0,Complete,0.0
2476,3,Kwara United,Katsina United,Katsina United,Kwara United,Emmanuel Abubakar,CDM,14,87,42,Turnover,75.37,62.13,Complete,0.0
2477,3,Kwara United,Katsina United,Kwara United,Katsina United,Kelechi Balogun,CB,9,87,46,Corner,105.59,58.0,Complete,0.0
2478,3,Kwara United,Katsina United,Katsina United,Kwara United,Adewale Mustapha,ST,2,87,47,Shot,110.65,32.64,On Target,0.368
2479,3,Kwara United,Katsina United,Katsina United,Kwara United,Emmanuel Balogun,CDM,18,87,49,Shot on Target,119.05,54.2,Off Target,0.342
2480,3,Kwara United,Katsina United,Kwara United,Katsina United,Kunle Bello,ST,23,87,52,Dangerous Pass,79.38,30.91,Incomplete,0.0
2481,3,Kwara United,Katsina United,Kwara United,Katsina United,Kelechi Ojo,RW,3,88,4,Pass,44.49,31.47,Complete,0.0
2482,3,Kwara United,Katsina United,Kwara United,Katsina United,Kelechi Balogun,CB,9,88,5,Interception,26.65,39.6,Complete,0.0
2483,3,Kwara United,Katsina United,Katsina United,Kwara United,Uche Osazuwa,LB,15,88,6,Progressive Pass,110.4,7.16,Complete,0.0
2484,3,Kwara United,Katsina United,Kwara United,Katsina United,Victor Lawal,CAM,29,88,8,Offside,117.91,43.29,Complete,0.0
2485,3,Kwara United,Katsina United,Kwara United,Katsina United,Kelechi Balogun,CB,9,88,9,Shot,108.13,68.37,On Target,0.158
2486,3,Kwara United,Katsina United,Katsina United,Kwara United,Emeka Adebayo,LW,12,88,10,Pass,53.5,56.33,Complete,0.0
2487,3,Kwara United,Katsina United,Kwara United,Katsina United,Divine Ojo,LW,21,88,13,Cross,99.87,46.81,Incomplete,0.0
2488,3,Kwara United,Katsina United,Katsina United,Kwara United,Ikechukwu Etim,GK,6,88,19,Pass,119.04,39.51,Complete,0.0
2489,3,Kwara United,Katsina United,Kwara United,Katsina United,Godwin Adeyemi,CB,6,88,22,Progressive Pass,101.43,64.36,Complete,0.0
2490,3,Kwara United,Katsina United,Kwara United,Katsina United,Kelechi Ojo,RW,3,88,38,Shot,103.72,25.28,Off Target,0.256
2491,3,Kwara United,Katsina United,Kwara United,Katsina United,Uche Etim,LW,17,88,50,Turnover,72.78,60.0,Complete,0.0
2492,3,Kwara United,Katsina United,Katsina United,Kwara United,Uche Osazuwa,LB,15,88,53,Successful Dribble,69.91,12.22,Complete,0.0
2493,3,Kwara United,Katsina United,Kwara United,Katsina United,Chidi Adeyemi,RB,12,89,5,Turnover,50.88,45.22,Complete,0.0
2494,3,Kwara United,Katsina United,Katsina United,Kwara United,Adewale Adeyemi,CDM,23,89,23,Pass,51.81,23.12,Complete,0.0
2495,3,Kwara United,Katsina United,Katsina United,Kwara United,Godwin Usman,LW,16,89,24,Turnover,21.74,47.53,Complete,0.0
2496,3,Kwara United,Katsina United,Katsina United,Kwara United,Yusuf Adeyemi,CM,4,89,29,Pass,55.4,80.0,Incomplete,0.0
2497,3,Kwara United,Katsina United,Katsina United,Kwara United,Emmanuel Abubakar,CDM,14,89,48,Pass,78.44,80.0,Complete,0.0
2498,3,Kwara United,Katsina United,Kwara United,Katsina United,Kelechi Balogun,CB,9,90,44,Successful Dribble,63.4,17.42,Complete,0.0
2499,3,Kwara United,Katsina United,Kwara United,Katsina United,Segun Chukwuma,ST,14,90,53,Tackle,51.34,23.59,Complete,0.0
2500,4,Nasarawa United,Enyimba,Enyimba,Nasarawa United,Yemi Yakubu,CDM,20,0,8,Progressive Pass,104.85,22.25,Incomplete,0.0
2501,4,Nasarawa United,Enyimba,Enyimba,Nasarawa United,Adewale Usman,CDM,26,0,13,Pass,36.87,75.07,Complete,0.0
2502,4,Nasarawa United,Enyimba,Enyimba,Nasarawa United,Aliyu Balogun,CDM,15,0,14,Dangerous Pass,87.9,52.72,Complete,0.0
2503,4,Nasarawa United,Enyimba,Enyimba,Nasarawa United,Peter Egwuekwe,LB,28,0,15,Pass,57.03,36.34,Complete,0.0
2504,4,Nasarawa United,Enyimba,Enyimba,Nasarawa United,Aliyu Balogun,CDM,15,0,15,Successful Dribble,102.13,14.12,Complete,0.0
2505,4,Nasarawa United,Enyimba,Enyimba,Nasarawa United,Kelechi Ekong,ST,10,0,20,Successful Dribble,112.77,64.67,Complete,0.0
2506,4,Nasarawa United,Enyimba,Nasarawa United,Enyimba,Sani Ogbeide,LW,5,0,25,Pass,58.47,24.73,Complete,0.0
2507,4,Nasarawa United,Enyimba,Nasarawa United,Enyimba,Victor Okonkwo,CB,24,0,28,Successful Dribble,31.34,21.7,Complete,0.0
2508,4,Nasarawa United,Enyimba,Nasarawa United,Enyimba,Sani Ibrahim,ST,8,0,33,Pass,32.15,68.17,Complete,0.0
2509,4,Nasarawa United,Enyimba,Nasarawa United,Enyimba,Emeka Sanni,LW,29,0,42,Successful Dribble,55.74,56.83,Complete,0.0
2510,4,Nasarawa United,Enyimba,Nasarawa United,Enyimba,Sani Ogbeide,LW,5,0,44,Interception,84.77,61.0,Complete,0.0
2511,4,Nasarawa United,Enyimba,Enyimba,Nasarawa United,Kelechi Ekong,ST,10,0,48,Pass,39.53,62.22,Complete,0.0
2512,4,Nasarawa United,Enyimba,Nasarawa United,Enyimba,Victor Okonkwo,CB,24,0,51,Pass,24.13,52.87,Complete,0.0
2513,4,Nasarawa United,Enyimba,Nasarawa United,Enyimba,Samuel Nwankwo,ST,28,0,55,Interception,38.66,1.53,Complete,0.0
2514,4,Nasarawa United,Enyimba,Nasarawa United,Enyimba,Daniel Oyelaran,RW,25,1,14,Corner,84.04,47.54,Complete,0.0
2515,4,Nasarawa United,Enyimba,Nasarawa United,Enyimba,Chidi Usman,CDM,2,1,38,Pass,29.87,50.28,Complete,0.0
2516,4,Nasarawa United,Enyimba,Nasarawa United,Enyimba,Samuel Nwankwo,ST,28,1,40,Foul,45.91,74.58,Complete,0.0
2517,4,Nasarawa United,Enyimba,Nasarawa United,Enyimba,Yusuf Sanni,CDM,1,1,41,Pass,1.68,49.24,Complete,0.0
2518,4,Nasarawa United,Enyimba,Nasarawa United,Enyimba,Kelechi Oyelaran,CDM,10,1,46,Tackle,15.66,41.38,Complete,0.0
2519,4,Nasarawa United,Enyimba,Nasarawa United,Enyimba,Chidi Ojo,RW,21,1,47,Pass,12.28,0.0,Complete,0.0
2520,4,Nasarawa United,Enyimba,Enyimba,Nasarawa United,Joseph Balogun,RW,5,1,48,Tackle,63.25,28.92,Complete,0.0
2521,4,Nasarawa United,Enyimba,Enyimba,Nasarawa United,Joseph Balogun,RW,5,1,51,Dangerous Pass,70.07,14.49,Complete,0.0
2522,4,Nasarawa United,Enyimba,Enyimba,Nasarawa United,Chidi Chukwu,CAM,24,1,52,Progressive Pass,116.76,62.11,Incomplete,0.0
2523,4,Nasarawa United,Enyimba,Nasarawa United,Enyimba,Chidi Sanni,CB,27,1,56,Shot on Target,114.42,34.97,Off Target,0.416
2524,4,Nasarawa United,Enyimba,Enyimba,Nasarawa United,Adewale Usman,CDM,26,2,3,Successful Dribble,56.84,50.4,Complete,0.0
2525,4,Nasarawa United,Enyimba,Enyimba,Nasarawa United,Emmanuel Onuoha,CB,3,2,15,Pass,119.37,11.01,Incomplete,0.0
2526,4,Nasarawa United,Enyimba,Nasarawa United,Enyimba,Sani Ogbeide,LW,5,2,19,Dangerous Pass,88.01,78.89,Complete,0.0
2527,4,Nasarawa United,Enyimba,Enyimba,Nasarawa United,Yusuf Ibrahim,CDM,29,2,31,Corner,117.73,54.3,Complete,0.0
2528,4,Nasarawa United,Enyimba,Enyimba,Nasarawa United,Kelechi Ekong,ST,10,2,34,Progressive Pass,64.55,41.83,Incomplete,0.0
2529,4,Nasarawa United,Enyimba,Enyimba,Nasarawa United,Kelechi Ekong,ST,10,2,40,Turnover,68.78,14.73,Complete,0.0
2530,4,Nasarawa United,Enyimba,Nasarawa United,Enyimba,Chidi Sanni,CB,27,2,42,Turnover,80.86,80.0,Complete,0.0
2531,4,Nasarawa United,Enyimba,Nasarawa United,Enyimba,Aliyu Nnamdi,CDM,14,2,47,Pass,48.32,54.8,Incomplete,0.0
2532,4,Nasarawa United,Enyimba,Enyimba,Nasarawa United,Wale Effiong,CB,11,3,27,Pass,63.18,62.77,Complete,0.0
2533,4,Nasarawa United,Enyimba,Enyimba,Nasarawa United,Yemi Yakubu,CDM,20,3,29,Pass,42.4,39.56,Complete,0.0
2534,4,Nasarawa United,Enyimba,Enyimba,Nasarawa United,Chidi Chukwu,CAM,24,3,52,Offside,83.38,23.63,Complete,0.0
2535,4,Nasarawa United,Enyimba,Enyimba,Nasarawa United,Chibuzor Nnamdi,CAM,9,3,55,Foul,53.34,11.07,Complete,0.0
2536,4,Nasarawa United,Enyimba,Nasarawa United,Enyimba,Samuel Nwankwo,ST,28,3,57,Pass,83.21,27.33,Complete,0.0
2537,4,Nasarawa United,Enyimba,Nasarawa United,Enyimba,Olamide Abubakar,CDM,17,4,4,Turnover,57.37,21.45,Complete,0.0
2538,4,Nasarawa United,Enyimba,Enyimba,Nasarawa United,Chibuzor Nnamdi,CAM,9,4,10,Progressive Pass,19.67,13.29,Complete,0.0
2539,4,Nasarawa United,Enyimba,Nasarawa United,Enyimba,Olamide Abubakar,CDM,17,4,26,Tackle,67.51,54.22,Complete,0.0
2540,4,Nasarawa United,Enyimba,Enyimba,Nasarawa United,Wale Effiong,CB,11,4,35,Pass,5.15,45.34,Complete,0.0
2541,4,Nasarawa United,Enyimba,Enyimba,Nasarawa United,Godwin Sanni,LW,8,4,38,Pass,4.93,26.62,Incomplete,0.0
2542,4,Nasarawa United,Enyimba,Nasarawa United,Enyimba,Sani Ibrahim,ST,8,4,48,Pass,22.97,51.58,Complete,0.0
2543,4,Nasarawa United,Enyimba,Nasarawa United,Enyimba,Sani Ogbeide,LW,5,4,48,Shot on Target,119.05,58.55,On Target,0.294
2544,4,Nasarawa United,Enyimba,Nasarawa United,Enyimba,Yusuf Sanni,CDM,1,5,2,Dangerous Pass,73.32,46.69,Complete,0.0
2545,4,Nasarawa United,Enyimba,Enyimba,Nasarawa United,Chibuzor Nnamdi,CAM,9,5,6,Pass,83.4,59.01,Incomplete,0.0
2546,4,Nasarawa United,Enyimba,Enyimba,Nasarawa United,Chibuzor Nnamdi,CAM,9,5,15,Pass,89.43,35.72,Complete,0.0
2547,4,Nasarawa United,Enyimba,Nasarawa United,Enyimba,Chidi Usman,CDM,2,5,19,Pass,3.23,36.37,Incomplete,0.0
2548,4,Nasarawa United,Enyimba,Nasarawa United,Enyimba,Sani Ibrahim,ST,8,5,24,Foul,79.91,9.82,Complete,0.0
2549,4,Nasarawa United,Enyimba,Nasarawa United,Enyimba,Chidi Ojo,RW,21,5,39,Interception,54.8,80.0,Complete,0.0
2550,4,Nasarawa United,Enyimba,Nasarawa United,Enyimba,Emmanuel Oyelaran,CB,19,5,45,Successful Dribble,37.7,8.63,Complete,0.0
2551,4,Nasarawa United,Enyimba,Enyimba,Nasarawa United,Chidi Adeyemi,RB,16,5,48,Dangerous Pass,83.85,64.39,Complete,0.0
2552,4,Nasarawa United,Enyimba,Enyimba,Nasarawa United,Yusuf Ibrahim,CDM,29,5,52,Shot,93.02,49.07,Off Target,0.184
2553,4,Nasarawa United,Enyimba,Enyimba,Nasarawa United,Aliyu Balogun,CDM,15,5,58,Interception,26.03,41.26,Complete,0.0
2554,4,Nasarawa United,Enyimba,Enyimba,Nasarawa United,Godwin Sanni,LW,8,6,0,Shot,119.03,5.77,Off Target,0.12
2555,4,Nasarawa United,Enyimba,Enyimba,Nasarawa United,Kelechi Ekong,ST,10,6,3,Shot,95.39,6.58,On Target,0.039
2556,4,Nasarawa United,Enyimba,Nasarawa United,Enyimba,Sani Ibrahim,ST,8,6,4,Pass,111.26,47.94,Complete,0.0
2557,4,Nasarawa United,Enyimba,Nasarawa United,Enyimba,Yusuf Sanni,CDM,1,6,14,Pass,29.56,7.05,Incomplete,0.0
2558,4,Nasarawa United,Enyimba,Nasarawa United,Enyimba,Aliyu Nnamdi,CDM,14,6,16,Tackle,21.65,40.16,Complete,0.0
2559,4,Nasarawa United,Enyimba,Enyimba,Nasarawa United,Yemi Yakubu,CDM,20,6,17,Interception,78.81,64.21,Complete,0.0
2560,4,Nasarawa United,Enyimba,Enyimba,Nasarawa United,Godwin Sanni,LW,8,6,19,Turnover,84.21,72.92,Complete,0.0
2561,4,Nasarawa United,Enyimba,Nasarawa United,Enyimba,Chidi Ojo,RW,21,6,28,Dangerous Pass,76.0,23.75,Incomplete,0.0
2562,4,Nasarawa United,Enyimba,Enyimba,Nasarawa United,Kelechi Ekong,ST,10,6,34,Tackle,74.69,39.95,Complete,0.0
2563,4,Nasarawa United,Enyimba,Nasarawa United,Enyimba,Emmanuel Oyelaran,CB,19,6,38,Pass,34.82,53.54,Complete,0.0
2564,4,Nasarawa United,Enyimba,Enyimba,Nasarawa United,Aliyu Balogun,CDM,15,6,44,Shot on Target,97.03,46.51,Off Target,0.235
2565,4,Nasarawa United,Enyimba,Enyimba,Nasarawa United,Yemi Yakubu,CDM,20,6,45,Dangerous Pass,103.61,66.99,Complete,0.0
2566,4,Nasarawa United,Enyimba,Nasarawa United,Enyimba,Samuel Nwankwo,ST,28,6,59,Pass,113.31,51.2,Complete,0.0
2567,4,Nasarawa United,Enyimba,Nasarawa United,Enyimba,Victor Okonkwo,CB,24,7,1,Pass,62.44,62.23,Incomplete,0.0
2568,4,Nasarawa United,Enyimba,Nasarawa United,Enyimba,Kelechi Oyelaran,CDM,10,7,6,Interception,53.51,54.81,Complete,0.0
2569,4,Nasarawa United,Enyimba,Nasarawa United,Enyimba,Emmanuel Oyelaran,CB,19,7,11,Turnover,81.24,55.58,Complete,0.0
2570,4,Nasarawa United,Enyimba,Nasarawa United,Enyimba,Segun Mohammed,RW,23,7,19,Corner,107.13,32.45,Complete,0.0
2571,4,Nasarawa United,Enyimba,Nasarawa United,Enyimba,Olamide Abubakar,CDM,17,7,19,Progressive Pass,74.5,6.81,Complete,0.0
2572,4,Nasarawa United,Enyimba,Nasarawa United,Enyimba,Chidi Sanni,CB,27,7,20,Pass,111.79,59.48,Complete,0.0
2573,4,Nasarawa United,Enyimba,Nasarawa United,Enyimba,Samuel Nwankwo,ST,28,7,20,Pass,102.73,30.22,Complete,0.0
2574,4,Nasarawa United,Enyimba,Nasarawa United,Enyimba,Chidi Usman,CDM,2,7,23,Turnover,67.17,5.57,Complete,0.0
2575,4,Nasarawa United,Enyimba,Nasarawa United,Enyimba,Sani Ogbeide,LW,5,7,33,Interception,67.99,29.97,Complete,0.0
2576,4,Nasarawa United,Enyimba,Enyimba,Nasarawa United,Yusuf Ibrahim,CDM,29,7,47,Interception,82.02,65.19,Complete,0.0
2577,4,Nasarawa United,Enyimba,Nasarawa United,Enyimba,Sani Ibrahim,ST,8,7,48,Pass,9.73,39.18,Complete,0.0
2578,4,Nasarawa United,Enyimba,Enyimba,Nasarawa United,Joseph Balogun,RW,5,7,49,Progressive Pass,16.76,49.8,Complete,0.0
2579,4,Nasarawa United,Enyimba,Nasarawa United,Enyimba,Daniel Oyelaran,RW,25,8,1,Turnover,31.67,20.44,Complete,0.0
2580,4,Nasarawa United,Enyimba,Enyimba,Nasarawa United,Chibuzor Balogun,CDM,2,8,10,Shot on Target,99.49,44.0,Off Target,0.268
2581,4,Nasarawa United,Enyimba,Enyimba,Nasarawa United,Adewale Usman,CDM,26,8,12,Turnover,60.14,80.0,Complete,0.0
2582,4,Nasarawa United,Enyimba,Enyimba,Nasarawa United,Chibuzor Nnamdi,CAM,9,8,13,Successful Dribble,17.17,79.15,Complete,0.0
2583,4,Nasarawa United,Enyimba,Nasarawa United,Enyimba,Olamide Abubakar,CDM,17,8,16,Shot,104.21,51.81,On Target,0.281
2584,4,Nasarawa United,Enyimba,Nasarawa United,Enyimba,Sani Ibrahim,ST,8,8,30,Pass,93.95,77.47,Complete,0.0
2585,4,Nasarawa United,Enyimba,Nasarawa United,Enyimba,Emeka Sanni,LW,29,8,32,Shot,107.64,70.23,Off Target,0.137
2586,4,Nasarawa United,Enyimba,Nasarawa United,Enyimba,Aliyu Nnamdi,CDM,14,8,42,Cross,96.74,32.44,Complete,0.0
2587,4,Nasarawa United,Enyimba,Nasarawa United,Enyimba,Yusuf Sanni,CDM,1,8,46,Pass,2.47,24.21,Complete,0.0
2588,4,Nasarawa United,Enyimba,Enyimba,Nasarawa United,Chibuzor Nnamdi,CAM,9,8,48,Pass,88.9,51.03,Complete,0.0
2589,4,Nasarawa United,Enyimba,Enyimba,Nasarawa United,Chidi Adeyemi,RB,16,9,18,Pass,111.5,45.75,Complete,0.0
2590,4,Nasarawa United,Enyimba,Nasarawa United,Enyimba,Victor Okonkwo,CB,24,9,25,Pass,6.58,78.55,Complete,0.0
2591,4,Nasarawa United,Enyimba,Nasarawa United,Enyimba,Wale Onuoha,LB,13,9,26,Interception,43.7,54.87,Complete,0.0
2592,4,Nasarawa United,Enyimba,Enyimba,Nasarawa United,Abubakar Onuoha,RW,17,9,32,Progressive Pass,3.41,24.03,Incomplete,0.0
2593,4,Nasarawa United,Enyimba,Nasarawa United,Enyimba,Samuel Nwankwo,ST,28,9,32,Pass,41.92,28.66,Incomplete,0.0
2594,4,Nasarawa United,Enyimba,Enyimba,Nasarawa United,Adewale Usman,CDM,26,9,37,Pass,45.02,79.39,Complete,0.0
2595,4,Nasarawa United,Enyimba,Enyimba,Nasarawa United,Peter Egwuekwe,LB,28,9,37,Foul,13.28,68.02,Complete,0.0
2596,4,Nasarawa United,Enyimba,Enyimba,Nasarawa United,Daniel Mohammed,RB,4,9,44,Turnover,29.56,37.69,Complete,0.0
2597,4,Nasarawa United,Enyimba,Nasarawa United,Enyimba,Emmanuel Oyelaran,CB,19,9,47,Pass,25.44,64.82,Complete,0.0
2598,4,Nasarawa United,Enyimba,Enyimba,Nasarawa United,Chibuzor Nnamdi,CAM,9,9,56,Pass,41.8,25.91,Complete,0.0
2599,4,Nasarawa United,Enyimba,Nasarawa United,Enyimba,Daniel Oyelaran,RW,25,9,56,Pass,23.12,62.06,Complete,0.0
2600,4,Nasarawa United,Enyimba,Enyimba,Nasarawa United,Godwin Sanni,LW,8,10,0,Successful Dribble,23.23,52.53,Complete,0.0
2601,4,Nasarawa United,Enyimba,Nasarawa United,Enyimba,Yusuf Sanni,CDM,1,10,10,Pass,39.7,54.38,Incomplete,0.0
2602,4,Nasarawa United,Enyimba,Enyimba,Nasarawa United,Joseph Balogun,RW,5,10,16,Goal,99.98,45.65,Goal,0.369
2603,4,Nasarawa United,Enyimba,Nasarawa United,Enyimba,Segun Mohammed,RW,23,10,56,Pass,65.36,4.0,Complete,0.0
2604,4,Nasarawa United,Enyimba,Enyimba,Nasarawa United,Godwin Sanni,LW,8,11,9,Progressive Pass,43.52,36.89,Complete,0.0
2605,4,Nasarawa United,Enyimba,Nasarawa United,Enyimba,Daniel Oyelaran,RW,25,11,10,Shot,101.84,44.28,On Target,0.293
2606,4,Nasarawa United,Enyimba,Nasarawa United,Enyimba,Daniel Oyelaran,RW,25,11,13,Progressive Pass,61.65,28.85,Complete,0.0
2607,4,Nasarawa United,Enyimba,Enyimba,Nasarawa United,Godwin Sanni,LW,8,11,42,Dangerous Pass,115.99,29.53,Complete,0.0
2608,4,Nasarawa United,Enyimba,Nasarawa United,Enyimba,Emeka Sanni,LW,29,11,50,Interception,77.75,35.93,Complete,0.0
2609,4,Nasarawa United,Enyimba,Nasarawa United,Enyimba,Chidi Ojo,RW,21,11,52,Foul,61.3,28.27,Complete,0.0
2610,4,Nasarawa United,Enyimba,Nasarawa United,Enyimba,Wale Onuoha,LB,13,12,4,Shot,92.06,33.02,Off Target,0.18
2611,4,Nasarawa United,Enyimba,Enyimba,Nasarawa United,Joseph Balogun,RW,5,12,28,Pass,95.44,80.0,Complete,0.0
2612,4,Nasarawa United,Enyimba,Enyimba,Nasarawa United,Godwin Sanni,LW,8,12,28,Dangerous Pass,97.82,80.0,Complete,0.0
2613,4,Nasarawa United,Enyimba,Nasarawa United,Enyimba,Wale Onuoha,LB,13,12,29,Successful Dribble,104.05,43.69,Complete,0.0
2614,4,Nasarawa United,Enyimba,Enyimba,Nasarawa United,Daniel Mohammed,RB,4,12,30,Turnover,44.16,34.42,Complete,0.0
2615,4,Nasarawa United,Enyimba,Enyimba,Nasarawa United,Kelechi Ekong,ST,10,12,30,Successful Dribble,58.77,21.13,Complete,0.0
2616,4,Nasarawa United,Enyimba,Nasarawa United,Enyimba,Olamide Abubakar,CDM,17,12,41,Pass,118.88,77.11,Complete,0.0
2617,4,Nasarawa United,Enyimba,Nasarawa United,Enyimba,Emmanuel Oyelaran,CB,19,12,57,Pass,40.95,42.74,Complete,0.0
2618,4,Nasarawa United,Enyimba,Nasarawa United,Enyimba,Samuel Nwankwo,ST,28,13,8,Interception,25.12,33.62,Complete,0.0
2619,4,Nasarawa United,Enyimba,Enyimba,Nasarawa United,Aliyu Balogun,CDM,15,13,10,Foul,72.6,12.19,Complete,0.0
2620,4,Nasarawa United,Enyimba,Nasarawa United,Enyimba,Kelechi Oyelaran,CDM,10,13,19,Dangerous Pass,83.18,55.21,Incomplete,0.0
2621,4,Nasarawa United,Enyimba,Nasarawa United,Enyimba,Chidi Ojo,RW,21,13,21,Tackle,66.03,48.13,Complete,0.0
2622,4,Nasarawa United,Enyimba,Nasarawa United,Enyimba,Daniel Oyelaran,RW,25,13,23,Pass,14.4,57.63,Complete,0.0
2623,4,Nasarawa United,Enyimba,Enyimba,Nasarawa United,Adewale Usman,CDM,26,13,26,Pass,0.69,36.14,Incomplete,0.0
2624,4,Nasarawa United,Enyimba,Enyimba,Nasarawa United,Emmanuel Onuoha,CB,3,13,52,Dangerous Pass,102.48,37.99,Complete,0.0
2625,4,Nasarawa United,Enyimba,Enyimba,Nasarawa United,Chidi Chukwu,CAM,24,13,52,Successful Dribble,44.58,43.41,Complete,0.0
2626,4,Nasarawa United,Enyimba,Enyimba,Nasarawa United,Chibuzor Balogun,CDM,2,13,52,Interception,50.27,37.94,Complete,0.0
2627,4,Nasarawa United,Enyimba,Nasarawa United,Enyimba,Olamide Abubakar,CDM,17,13,55,Pass,63.42,0.0,Complete,0.0
2628,4,Nasarawa United,Enyimba,Nasarawa United,Enyimba,Olamide Abubakar,CDM,17,13,56,Pass,93.39,65.75,Incomplete,0.0
2629,4,Nasarawa United,Enyimba,Nasarawa United,Enyimba,Chidi Sanni,CB,27,14,1,Successful Dribble,111.97,49.49,Complete,0.0
2630,4,Nasarawa United,Enyimba,Enyimba,Nasarawa United,Abubakar Onuoha,RW,17,14,5,Foul,68.8,66.79,Complete,0.0
2631,4,Nasarawa United,Enyimba,Nasarawa United,Enyimba,Chidi Sanni,CB,27,14,8,Tackle,85.15,13.58,Complete,0.0
2632,4,Nasarawa United,Enyimba,Enyimba,Nasarawa United,Adewale Usman,CDM,26,14,10,Yellow Card,23.51,33.55,Complete,0.0
2633,4,Nasarawa United,Enyimba,Enyimba,Nasarawa United,Joseph Balogun,RW,5,14,10,Tackle,80.82,49.17,Complete,0.0
2634,4,Nasarawa United,Enyimba,Nasarawa United,Enyimba,Kelechi Oyelaran,CDM,10,14,19,Pass,31.94,23.04,Complete,0.0
2635,4,Nasarawa United,Enyimba,Nasarawa United,Enyimba,Segun Mohammed,RW,23,14,32,Pass,86.54,19.1,Complete,0.0
2636,4,Nasarawa United,Enyimba,Nasarawa United,Enyimba,Emeka Sanni,LW,29,14,42,Foul,10.71,43.92,Complete,0.0
2637,4,Nasarawa United,Enyimba,Enyimba,Nasarawa United,Peter Egwuekwe,LB,28,14,43,Pass,56.21,47.84,Complete,0.0
2638,4,Nasarawa United,Enyimba,Nasarawa United,Enyimba,Chidi Usman,CDM,2,14,46,Turnover,11.4,19.07,Complete,0.0
2639,4,Nasarawa United,Enyimba,Nasarawa United,Enyimba,Wale Onuoha,LB,13,14,46,Pass,118.87,80.0,Complete,0.0
2640,4,Nasarawa United,Enyimba,Enyimba,Nasarawa United,Aliyu Balogun,CDM,15,14,53,Pass,60.05,32.73,Complete,0.0
2641,4,Nasarawa United,Enyimba,Enyimba,Nasarawa United,Chidi Chukwu,CAM,24,14,55,Interception,42.21,67.86,Complete,0.0
2642,4,Nasarawa United,Enyimba,Enyimba,Nasarawa United,Chidi Adeyemi,RB,16,15,9,Cross,85.59,25.39,Complete,0.0
2643,4,Nasarawa United,Enyimba,Nasarawa United,Enyimba,Daniel Oyelaran,RW,25,15,16,Pass,24.06,44.82,Complete,0.0
2644,4,Nasarawa United,Enyimba,Nasarawa United,Enyimba,Aliyu Nnamdi,CDM,14,15,24,Turnover,23.98,25.95,Complete,0.0
2645,4,Nasarawa United,Enyimba,Enyimba,Nasarawa United,Adewale Usman,CDM,26,15,29,Turnover,73.6,67.05,Complete,0.0
2646,4,Nasarawa United,Enyimba,Nasarawa United,Enyimba,Chidi Usman,CDM,2,15,31,Pass,99.63,33.14,Complete,0.0
2647,4,Nasarawa United,Enyimba,Nasarawa United,Enyimba,Olamide Abubakar,CDM,17,15,39,Pass,32.36,52.07,Complete,0.0
2648,4,Nasarawa United,Enyimba,Nasarawa United,Enyimba,Daniel Oyelaran,RW,25,15,43,Pass,94.26,44.13,Complete,0.0
2649,4,Nasarawa United,Enyimba,Nasarawa United,Enyimba,Chidi Usman,CDM,2,15,45,Big Chance,101.64,11.36,On Target,0.372
2650,4,Nasarawa United,Enyimba,Enyimba,Nasarawa United,Abubakar Onuoha,RW,17,16,8,Interception,49.38,21.43,Complete,0.0
2651,4,Nasarawa United,Enyimba,Nasarawa United,Enyimba,Emmanuel Oyelaran,CB,19,16,13,Interception,68.18,46.51,Complete,0.0
2652,4,Nasarawa United,Enyimba,Enyimba,Nasarawa United,Adewale Usman,CDM,26,16,18,Pass,74.64,39.15,Incomplete,0.0
2653,4,Nasarawa United,Enyimba,Enyimba,Nasarawa United,Emmanuel Onuoha,CB,3,16,57,Interception,44.97,59.7,Complete,0.0
2654,4,Nasarawa United,Enyimba,Enyimba,Nasarawa United,Adewale Usman,CDM,26,17,0,Successful Dribble,90.44,55.86,Complete,0.0
2655,4,Nasarawa United,Enyimba,Nasarawa United,Enyimba,Wale Onuoha,LB,13,17,22,Tackle,42.46,60.86,Complete,0.0
2656,4,Nasarawa United,Enyimba,Nasarawa United,Enyimba,Aliyu Nnamdi,CDM,14,17,23,Pass,38.1,50.96,Complete,0.0
2657,4,Nasarawa United,Enyimba,Enyimba,Nasarawa United,Yemi Yakubu,CDM,20,17,24,Progressive Pass,75.95,42.97,Complete,0.0
2658,4,Nasarawa United,Enyimba,Nasarawa United,Enyimba,Aliyu Nnamdi,CDM,14,17,28,Interception,77.98,40.48,Complete,0.0
2659,4,Nasarawa United,Enyimba,Nasarawa United,Enyimba,Emeka Sanni,LW,29,17,48,Dangerous Pass,80.67,52.31,Incomplete,0.0
2660,4,Nasarawa United,Enyimba,Enyimba,Nasarawa United,Chidi Chukwu,CAM,24,18,20,Successful Dribble,11.34,44.29,Complete,0.0
2661,4,Nasarawa United,Enyimba,Enyimba,Nasarawa United,Adewale Usman,CDM,26,18,23,Interception,20.36,37.71,Complete,0.0
2662,4,Nasarawa United,Enyimba,Enyimba,Nasarawa United,Chibuzor Nnamdi,CAM,9,18,23,Yellow Card,90.79,48.07,Complete,0.0
2663,4,Nasarawa United,Enyimba,Enyimba,Nasarawa United,Chidi Adeyemi,RB,16,18,32,Turnover,61.81,28.95,Complete,0.0
2664,4,Nasarawa United,Enyimba,Enyimba,Nasarawa United,Chidi Chukwu,CAM,24,18,35,Pass,82.19,37.0,Incomplete,0.0
2665,4,Nasarawa United,Enyimba,Nasarawa United,Enyimba,Victor Okonkwo,CB,24,18,40,Turnover,58.71,41.39,Complete,0.0
2666,4,Nasarawa United,Enyimba,Enyimba,Nasarawa United,Abubakar Onuoha,RW,17,18,50,Tackle,64.39,64.37,Complete,0.0
2667,4,Nasarawa United,Enyimba,Nasarawa United,Enyimba,Emeka Sanni,LW,29,19,4,Turnover,49.54,17.92,Complete,0.0
2668,4,Nasarawa United,Enyimba,Nasarawa United,Enyimba,Sani Ogbeide,LW,5,19,7,Pass,93.82,43.87,Complete,0.0
2669,4,Nasarawa United,Enyimba,Enyimba,Nasarawa United,Chidi Adeyemi,RB,16,19,17,Pass,76.55,71.03,Incomplete,0.0
2670,4,Nasarawa United,Enyimba,Nasarawa United,Enyimba,Emmanuel Oyelaran,CB,19,19,18,Offside,38.21,37.5,Complete,0.0
2671,4,Nasarawa United,Enyimba,Enyimba,Nasarawa United,Chidi Chukwu,CAM,24,19,25,Progressive Pass,75.64,19.52,Complete,0.0
2672,4,Nasarawa United,Enyimba,Nasarawa United,Enyimba,Segun Mohammed,RW,23,19,26,Pass,55.69,26.69,Complete,0.0
2673,4,Nasarawa United,Enyimba,Nasarawa United,Enyimba,Emmanuel Oyelaran,CB,19,19,35,Progressive Pass,111.36,59.31,Complete,0.0
2674,4,Nasarawa United,Enyimba,Nasarawa United,Enyimba,Yusuf Sanni,CDM,1,19,43,Foul,52.87,1.48,Complete,0.0
2675,4,Nasarawa United,Enyimba,Enyimba,Nasarawa United,Chibuzor Nnamdi,CAM,9,19,53,Successful Dribble,104.98,66.18,Complete,0.0
2676,4,Nasarawa United,Enyimba,Nasarawa United,Enyimba,Kelechi Oyelaran,CDM,10,19,54,Dangerous Pass,96.08,40.93,Incomplete,0.0
2677,4,Nasarawa United,Enyimba,Nasarawa United,Enyimba,Samuel Nwankwo,ST,28,19,57,Pass,33.49,27.42,Incomplete,0.0
2678,4,Nasarawa United,Enyimba,Nasarawa United,Enyimba,Daniel Oyelaran,RW,25,20,3,Pass,110.23,31.81,Complete,0.0
2679,4,Nasarawa United,Enyimba,Nasarawa United,Enyimba,Emeka Sanni,LW,29,20,3,Pass,44.31,12.25,Complete,0.0
2680,4,Nasarawa United,Enyimba,Enyimba,Nasarawa United,Aliyu Balogun,CDM,15,20,5,Turnover,31.72,36.17,Complete,0.0
2681,4,Nasarawa United,Enyimba,Nasarawa United,Enyimba,Chidi Usman,CDM,2,20,5,Shot,96.41,16.97,On Target,0.134
2682,4,Nasarawa United,Enyimba,Nasarawa United,Enyimba,Segun Mohammed,RW,23,20,11,Pass,103.84,59.36,Complete,0.0
2683,4,Nasarawa United,Enyimba,Enyimba,Nasarawa United,Kelechi Ekong,ST,10,20,15,Tackle,38.85,42.09,Complete,0.0
2684,4,Nasarawa United,Enyimba,Nasarawa United,Enyimba,Victor Okonkwo,CB,24,20,17,Dangerous Pass,73.17,66.14,Complete,0.0
2685,4,Nasarawa United,Enyimba,Nasarawa United,Enyimba,Victor Okonkwo,CB,24,20,30,Pass,61.21,51.0,Complete,0.0
2686,4,Nasarawa United,Enyimba,Enyimba,Nasarawa United,Chibuzor Balogun,CDM,2,20,32,Shot on Target,93.82,53.0,Off Target,0.175
2687,4,Nasarawa United,Enyimba,Enyimba,Nasarawa United,Joseph Balogun,RW,5,20,35,Pass,79.9,44.7,Incomplete,0.0
2688,4,Nasarawa United,Enyimba,Enyimba,Nasarawa United,Peter Egwuekwe,LB,28,20,42,Corner,105.32,39.65,Complete,0.0
2689,4,Nasarawa United,Enyimba,Enyimba,Nasarawa United,Yemi Yakubu,CDM,20,20,53,Foul,64.2,80.0,Complete,0.0
2690,4,Nasarawa United,Enyimba,Enyimba,Nasarawa United,Aliyu Balogun,CDM,15,20,54,Dangerous Pass,75.68,45.83,Incomplete,0.0
2691,4,Nasarawa United,Enyimba,Enyimba,Nasarawa United,Yemi Yakubu,CDM,20,20,57,Tackle,22.92,65.34,Complete,0.0
2692,4,Nasarawa United,Enyimba,Nasarawa United,Enyimba,Segun Mohammed,RW,23,21,0,Tackle,37.06,48.32,Complete,0.0
2693,4,Nasarawa United,Enyimba,Nasarawa United,Enyimba,Victor Okonkwo,CB,24,21,0,Pass,14.0,9.97,Complete,0.0
2694,4,Nasarawa United,Enyimba,Enyimba,Nasarawa United,Chibuzor Balogun,CDM,2,21,3,Pass,91.95,33.49,Complete,0.0
2695,4,Nasarawa United,Enyimba,Nasarawa United,Enyimba,Emeka Sanni,LW,29,21,8,Interception,38.83,0.0,Complete,0.0
2696,4,Nasarawa United,Enyimba,Enyimba,Nasarawa United,Chidi Adeyemi,RB,16,21,9,Progressive Pass,78.2,68.46,Complete,0.0
2697,4,Nasarawa United,Enyimba,Enyimba,Nasarawa United,Godwin Sanni,LW,8,21,12,Foul,49.27,29.09,Complete,0.0
2698,4,Nasarawa United,Enyimba,Nasarawa United,Enyimba,Yusuf Sanni,CDM,1,21,15,Pass,112.95,40.73,Complete,0.0
2699,4,Nasarawa United,Enyimba,Nasarawa United,Enyimba,Emmanuel Oyelaran,CB,19,21,16,Tackle,10.19,61.02,Complete,0.0
2700,4,Nasarawa United,Enyimba,Nasarawa United,Enyimba,Yusuf Sanni,CDM,1,21,19,Successful Dribble,5.11,59.34,Complete,0.0
2701,4,Nasarawa United,Enyimba,Enyimba,Nasarawa United,Adewale Usman,CDM,26,21,24,Progressive Pass,99.91,42.84,Complete,0.0
2702,4,Nasarawa United,Enyimba,Nasarawa United,Enyimba,Yusuf Sanni,CDM,1,21,42,Progressive Pass,19.64,31.23,Complete,0.0
2703,4,Nasarawa United,Enyimba,Enyimba,Nasarawa United,Kelechi Ekong,ST,10,21,44,Offside,34.03,42.13,Complete,0.0
2704,4,Nasarawa United,Enyimba,Nasarawa United,Enyimba,Wale Onuoha,LB,13,21,51,Dangerous Pass,104.89,54.57,Complete,0.0
2705,4,Nasarawa United,Enyimba,Enyimba,Nasarawa United,Abubakar Onuoha,RW,17,21,52,Tackle,14.15,53.34,Complete,0.0
2706,4,Nasarawa United,Enyimba,Enyimba,Nasarawa United,Wale Effiong,CB,11,21,54,Progressive Pass,4.64,6.37,Incomplete,0.0
2707,4,Nasarawa United,Enyimba,Enyimba,Nasarawa United,Chidi Adeyemi,RB,16,22,18,Progressive Pass,1.59,17.98,Incomplete,0.0
2708,4,Nasarawa United,Enyimba,Nasarawa United,Enyimba,Chidi Usman,CDM,2,22,33,Shot,117.83,70.45,On Target,0.161
2709,4,Nasarawa United,Enyimba,Enyimba,Nasarawa United,Adewale Usman,CDM,26,22,38,Tackle,61.3,17.98,Complete,0.0
2710,4,Nasarawa United,Enyimba,Nasarawa United,Enyimba,Emeka Sanni,LW,29,22,44,Tackle,58.47,18.8,Complete,0.0
2711,4,Nasarawa United,Enyimba,Enyimba,Nasarawa United,Emmanuel Onuoha,CB,3,22,44,Successful Dribble,49.85,3.57,Complete,0.0
2712,4,Nasarawa United,Enyimba,Enyimba,Nasarawa United,Abubakar Onuoha,RW,17,22,46,Pass,55.54,52.05,Complete,0.0
2713,4,Nasarawa United,Enyimba,Enyimba,Nasarawa United,Kelechi Ekong,ST,10,22,52,Tackle,40.49,75.38,Complete,0.0
2714,4,Nasarawa United,Enyimba,Enyimba,Nasarawa United,Joseph Balogun,RW,5,23,2,Progressive Pass,26.95,58.03,Complete,0.0
2715,4,Nasarawa United,Enyimba,Nasarawa United,Enyimba,Daniel Oyelaran,RW,25,23,4,Progressive Pass,72.19,35.43,Incomplete,0.0
2716,4,Nasarawa United,Enyimba,Enyimba,Nasarawa United,Chidi Chukwu,CAM,24,23,11,Tackle,26.45,40.16,Complete,0.0
2717,4,Nasarawa United,Enyimba,Enyimba,Nasarawa United,Godwin Sanni,LW,8,23,11,Successful Dribble,32.31,48.62,Complete,0.0
2718,4,Nasarawa United,Enyimba,Nasarawa United,Enyimba,Emeka Sanni,LW,29,23,18,Interception,87.75,56.0,Complete,0.0
2719,4,Nasarawa United,Enyimba,Nasarawa United,Enyimba,Kelechi Oyelaran,CDM,10,23,26,Corner,111.51,0.0,Complete,0.0
2720,4,Nasarawa United,Enyimba,Nasarawa United,Enyimba,Victor Okonkwo,CB,24,23,30,Successful Dribble,65.23,56.98,Complete,0.0
2721,4,Nasarawa United,Enyimba,Nasarawa United,Enyimba,Chidi Ojo,RW,21,23,32,Tackle,84.25,47.34,Complete,0.0
2722,4,Nasarawa United,Enyimba,Enyimba,Nasarawa United,Godwin Sanni,LW,8,23,33,Turnover,30.96,56.33,Complete,0.0
2723,4,Nasarawa United,Enyimba,Nasarawa United,Enyimba,Chidi Sanni,CB,27,23,58,Progressive Pass,106.15,28.81,Complete,0.0
2724,4,Nasarawa United,Enyimba,Enyimba,Nasarawa United,Adewale Usman,CDM,26,24,2,Successful Dribble,45.27,72.88,Complete,0.0
2725,4,Nasarawa United,Enyimba,Enyimba,Nasarawa United,Peter Egwuekwe,LB,28,24,7,Progressive Pass,93.11,53.53,Complete,0.0
2726,4,Nasarawa United,Enyimba,Nasarawa United,Enyimba,Chidi Sanni,CB,27,24,15,Tackle,18.19,47.27,Complete,0.0
2727,4,Nasarawa United,Enyimba,Nasarawa United,Enyimba,Kelechi Oyelaran,CDM,10,24,21,Tackle,54.5,46.68,Complete,0.0
2728,4,Nasarawa United,Enyimba,Nasarawa United,Enyimba,Chidi Ojo,RW,21,24,27,Interception,31.43,74.16,Complete,0.0
2729,4,Nasarawa United,Enyimba,Enyimba,Nasarawa United,Godwin Sanni,LW,8,24,36,Pass,25.92,44.42,Incomplete,0.0
2730,4,Nasarawa United,Enyimba,Nasarawa United,Enyimba,Olamide Abubakar,CDM,17,24,41,Progressive Pass,11.72,36.67,Incomplete,0.0
2731,4,Nasarawa United,Enyimba,Enyimba,Nasarawa United,Godwin Sanni,LW,8,25,5,Successful Dribble,66.62,69.4,Complete,0.0
2732,4,Nasarawa United,Enyimba,Enyimba,Nasarawa United,Chibuzor Nnamdi,CAM,9,25,8,Progressive Pass,34.88,33.86,Complete,0.0
2733,4,Nasarawa United,Enyimba,Nasarawa United,Enyimba,Sani Ogbeide,LW,5,25,18,Tackle,48.96,67.46,Complete,0.0
2734,4,Nasarawa United,Enyimba,Enyimba,Nasarawa United,Chidi Adeyemi,RB,16,25,42,Pass,79.76,39.33,Complete,0.0
2735,4,Nasarawa United,Enyimba,Enyimba,Nasarawa United,Wale Effiong,CB,11,25,44,Progressive Pass,62.42,45.82,Complete,0.0
2736,4,Nasarawa United,Enyimba,Nasarawa United,Enyimba,Yusuf Sanni,CDM,1,26,4,Interception,88.0,38.93,Complete,0.0
2737,4,Nasarawa United,Enyimba,Nasarawa United,Enyimba,Emeka Sanni,LW,29,26,4,Pass,17.76,22.44,Incomplete,0.0
2738,4,Nasarawa United,Enyimba,Enyimba,Nasarawa United,Yemi Yakubu,CDM,20,26,9,Pass,1.39,33.92,Complete,0.0
2739,4,Nasarawa United,Enyimba,Nasarawa United,Enyimba,Victor Okonkwo,CB,24,26,11,Interception,68.96,11.07,Complete,0.0
2740,4,Nasarawa United,Enyimba,Nasarawa United,Enyimba,Emmanuel Oyelaran,CB,19,26,20,Pass,76.19,5.79,Incomplete,0.0
2741,4,Nasarawa United,Enyimba,Enyimba,Nasarawa United,Peter Egwuekwe,LB,28,26,25,Dangerous Pass,110.79,43.73,Complete,0.0
2742,4,Nasarawa United,Enyimba,Enyimba,Nasarawa United,Yemi Yakubu,CDM,20,26,42,Turnover,35.05,49.54,Complete,0.0
2743,4,Nasarawa United,Enyimba,Nasarawa United,Enyimba,Segun Mohammed,RW,23,26,48,Pass,47.62,69.64,Complete,0.0
2744,4,Nasarawa United,Enyimba,Nasarawa United,Enyimba,Chidi Sanni,CB,27,26,54,Progressive Pass,112.36,36.59,Complete,0.0
2745,4,Nasarawa United,Enyimba,Nasarawa United,Enyimba,Sani Ogbeide,LW,5,26,57,Big Chance,119.58,16.92,On Target,0.493
2746,4,Nasarawa United,Enyimba,Nasarawa United,Enyimba,Sani Ibrahim,ST,8,27,4,Progressive Pass,79.9,69.9,Complete,0.0
2747,4,Nasarawa United,Enyimba,Nasarawa United,Enyimba,Samuel Nwankwo,ST,28,27,5,Pass,37.25,33.94,Complete,0.0
2748,4,Nasarawa United,Enyimba,Nasarawa United,Enyimba,Kelechi Oyelaran,CDM,10,27,6,Shot on Target,89.94,25.3,On Target,0.128
2749,4,Nasarawa United,Enyimba,Enyimba,Nasarawa United,Godwin Sanni,LW,8,27,13,Pass,60.3,21.98,Complete,0.0
2750,4,Nasarawa United,Enyimba,Enyimba,Nasarawa United,Chibuzor Balogun,CDM,2,27,21,Foul,46.58,36.87,Complete,0.0
2751,4,Nasarawa United,Enyimba,Nasarawa United,Enyimba,Victor Okonkwo,CB,24,27,43,Progressive Pass,72.42,73.01,Complete,0.0
2752,4,Nasarawa United,Enyimba,Nasarawa United,Enyimba,Yusuf Sanni,CDM,1,27,44,Dangerous Pass,72.55,80.0,Complete,0.0
2753,4,Nasarawa United,Enyimba,Nasarawa United,Enyimba,Sani Ogbeide,LW,5,27,48,Foul,28.6,54.0,Complete,0.0
2754,4,Nasarawa United,Enyimba,Nasarawa United,Enyimba,Emmanuel Oyelaran,CB,19,27,48,Cross,99.33,29.0,Complete,0.0
2755,4,Nasarawa United,Enyimba,Nasarawa United,Enyimba,Chidi Usman,CDM,2,27,56,Shot on Target,91.65,38.93,On Target,0.185
2756,4,Nasarawa United,Enyimba,Enyimba,Nasarawa United,Wale Effiong,CB,11,27,58,Turnover,64.88,33.16,Complete,0.0
2757,4,Nasarawa United,Enyimba,Enyimba,Nasarawa United,Chidi Adeyemi,RB,16,28,1,Turnover,16.77,80.0,Complete,0.0
2758,4,Nasarawa United,Enyimba,Nasarawa United,Enyimba,Yusuf Sanni,CDM,1,28,21,Turnover,26.79,23.31,Complete,0.0
2759,4,Nasarawa United,Enyimba,Nasarawa United,Enyimba,Sani Ogbeide,LW,5,28,27,Pass,96.41,44.57,Complete,0.0
2760,4,Nasarawa United,Enyimba,Enyimba,Nasarawa United,Joseph Balogun,RW,5,28,33,Progressive Pass,70.37,46.41,Complete,0.0
2761,4,Nasarawa United,Enyimba,Enyimba,Nasarawa United,Chibuzor Nnamdi,CAM,9,28,34,Pass,79.86,19.38,Complete,0.0
2762,4,Nasarawa United,Enyimba,Enyimba,Nasarawa United,Joseph Balogun,RW,5,28,38,Turnover,11.38,43.68,Complete,0.0
2763,4,Nasarawa United,Enyimba,Nasarawa United,Enyimba,Segun Mohammed,RW,23,28,42,Tackle,22.93,19.51,Complete,0.0
2764,4,Nasarawa United,Enyimba,Nasarawa United,Enyimba,Wale Onuoha,LB,13,28,42,Tackle,49.25,29.93,Complete,0.0
2765,4,Nasarawa United,Enyimba,Enyimba,Nasarawa United,Adewale Usman,CDM,26,28,44,Shot,108.52,40.09,Off Target,0.372
2766,4,Nasarawa United,Enyimba,Nasarawa United,Enyimba,Emmanuel Oyelaran,CB,19,28,52,Successful Dribble,8.22,9.87,Complete,0.0
2767,4,Nasarawa United,Enyimba,Nasarawa United,Enyimba,Aliyu Nnamdi,CDM,14,28,53,Pass,80.14,54.4,Incomplete,0.0
2768,4,Nasarawa United,Enyimba,Nasarawa United,Enyimba,Segun Mohammed,RW,23,28,55,Pass,48.17,42.94,Complete,0.0
2769,4,Nasarawa United,Enyimba,Enyimba,Nasarawa United,Adewale Usman,CDM,26,29,10,Pass,35.27,0.0,Complete,0.0
2770,4,Nasarawa United,Enyimba,Nasarawa United,Enyimba,Chidi Usman,CDM,2,29,20,Foul,11.75,7.71,Complete,0.0
2771,4,Nasarawa United,Enyimba,Nasarawa United,Enyimba,Sani Ibrahim,ST,8,29,38,Turnover,60.13,30.84,Complete,0.0
2772,4,Nasarawa United,Enyimba,Nasarawa United,Enyimba,Aliyu Nnamdi,CDM,14,29,40,Interception,79.86,18.33,Complete,0.0
2773,4,Nasarawa United,Enyimba,Enyimba,Nasarawa United,Yusuf Ibrahim,CDM,29,29,43,Pass,95.99,44.85,Complete,0.0
2774,4,Nasarawa United,Enyimba,Enyimba,Nasarawa United,Chidi Chukwu,CAM,24,29,50,Successful Dribble,37.95,39.4,Complete,0.0
2775,4,Nasarawa United,Enyimba,Nasarawa United,Enyimba,Sani Ogbeide,LW,5,29,52,Interception,74.74,56.82,Complete,0.0
2776,4,Nasarawa United,Enyimba,Nasarawa United,Enyimba,Emmanuel Oyelaran,CB,19,29,52,Successful Dribble,113.32,33.44,Complete,0.0
2777,4,Nasarawa United,Enyimba,Enyimba,Nasarawa United,Kelechi Ekong,ST,10,30,4,Shot,104.91,48.41,Off Target,0.308
2778,4,Nasarawa United,Enyimba,Enyimba,Nasarawa United,Kelechi Ekong,ST,10,30,6,Yellow Card,110.83,39.41,Complete,0.0
2779,4,Nasarawa United,Enyimba,Nasarawa United,Enyimba,Kelechi Oyelaran,CDM,10,30,9,Turnover,75.98,25.37,Complete,0.0
2780,4,Nasarawa United,Enyimba,Nasarawa United,Enyimba,Samuel Nwankwo,ST,28,30,11,Turnover,70.06,20.87,Complete,0.0
2781,4,Nasarawa United,Enyimba,Enyimba,Nasarawa United,Yusuf Ibrahim,CDM,29,30,18,Dangerous Pass,80.15,37.59,Complete,0.0
2782,4,Nasarawa United,Enyimba,Nasarawa United,Enyimba,Olamide Abubakar,CDM,17,30,25,Shot on Target,118.25,44.54,On Target,0.446
2783,4,Nasarawa United,Enyimba,Enyimba,Nasarawa United,Wale Effiong,CB,11,30,26,Turnover,37.73,5.98,Complete,0.0
2784,4,Nasarawa United,Enyimba,Enyimba,Nasarawa United,Wale Effiong,CB,11,30,29,Progressive Pass,26.96,33.44,Complete,0.0
2785,4,Nasarawa United,Enyimba,Enyimba,Nasarawa United,Godwin Sanni,LW,8,30,30,Tackle,82.82,54.2,Complete,0.0
2786,4,Nasarawa United,Enyimba,Nasarawa United,Enyimba,Olamide Abubakar,CDM,17,30,32,Pass,95.86,76.93,Complete,0.0
2787,4,Nasarawa United,Enyimba,Nasarawa United,Enyimba,Emeka Sanni,LW,29,30,32,Successful Dribble,60.13,53.53,Complete,0.0
2788,4,Nasarawa United,Enyimba,Nasarawa United,Enyimba,Daniel Oyelaran,RW,25,30,40,Cross,108.72,43.31,Complete,0.0
2789,4,Nasarawa United,Enyimba,Nasarawa United,Enyimba,Samuel Nwankwo,ST,28,30,46,Pass,50.46,57.87,Complete,0.0
2790,4,Nasarawa United,Enyimba,Nasarawa United,Enyimba,Daniel Oyelaran,RW,25,30,52,Interception,52.09,19.89,Complete,0.0
2791,4,Nasarawa United,Enyimba,Nasarawa United,Enyimba,Daniel Oyelaran,RW,25,30,52,Pass,46.26,51.84,Complete,0.0
2792,4,Nasarawa United,Enyimba,Enyimba,Nasarawa United,Kelechi Ekong,ST,10,31,34,Pass,94.07,23.75,Complete,0.0
2793,4,Nasarawa United,Enyimba,Nasarawa United,Enyimba,Sani Ibrahim,ST,8,31,41,Progressive Pass,91.55,43.02,Complete,0.0
2794,4,Nasarawa United,Enyimba,Enyimba,Nasarawa United,Emmanuel Onuoha,CB,3,32,6,Yellow Card,88.54,47.9,Complete,0.0
2795,4,Nasarawa United,Enyimba,Nasarawa United,Enyimba,Victor Okonkwo,CB,24,32,10,Tackle,13.78,44.53,Complete,0.0
2796,4,Nasarawa United,Enyimba,Nasarawa United,Enyimba,Emmanuel Oyelaran,CB,19,32,16,Pass,69.69,20.52,Complete,0.0
2797,4,Nasarawa United,Enyimba,Nasarawa United,Enyimba,Aliyu Nnamdi,CDM,14,32,17,Cross,103.73,55.59,Complete,0.0
2798,4,Nasarawa United,Enyimba,Nasarawa United,Enyimba,Olamide Abubakar,CDM,17,32,21,Dangerous Pass,109.05,43.04,Incomplete,0.0
2799,4,Nasarawa United,Enyimba,Enyimba,Nasarawa United,Chibuzor Balogun,CDM,2,32,23,Foul,27.08,45.49,Complete,0.0
2800,4,Nasarawa United,Enyimba,Enyimba,Nasarawa United,Aliyu Balogun,CDM,15,32,45,Interception,17.47,46.88,Complete,0.0
2801,4,Nasarawa United,Enyimba,Enyimba,Nasarawa United,Chibuzor Balogun,CDM,2,32,46,Pass,81.98,57.49,Complete,0.0
2802,4,Nasarawa United,Enyimba,Nasarawa United,Enyimba,Sani Ibrahim,ST,8,33,7,Progressive Pass,103.63,47.06,Incomplete,0.0
2803,4,Nasarawa United,Enyimba,Enyimba,Nasarawa United,Daniel Mohammed,RB,4,33,11,Cross,106.42,51.47,Complete,0.0
2804,4,Nasarawa United,Enyimba,Nasarawa United,Enyimba,Daniel Oyelaran,RW,25,33,17,Pass,0.69,19.84,Incomplete,0.0
2805,4,Nasarawa United,Enyimba,Enyimba,Nasarawa United,Peter Egwuekwe,LB,28,33,28,Dangerous Pass,96.15,27.35,Complete,0.0
2806,4,Nasarawa United,Enyimba,Nasarawa United,Enyimba,Chidi Sanni,CB,27,33,29,Cross,71.49,47.03,Complete,0.0
2807,4,Nasarawa United,Enyimba,Enyimba,Nasarawa United,Yemi Yakubu,CDM,20,33,31,Pass,70.56,32.82,Complete,0.0
2808,4,Nasarawa United,Enyimba,Enyimba,Nasarawa United,Abubakar Onuoha,RW,17,33,34,Successful Dribble,92.84,58.02,Complete,0.0
2809,4,Nasarawa United,Enyimba,Enyimba,Nasarawa United,Peter Egwuekwe,LB,28,33,35,Tackle,33.2,66.76,Complete,0.0
2810,4,Nasarawa United,Enyimba,Enyimba,Nasarawa United,Aliyu Balogun,CDM,15,33,50,Pass,43.44,37.18,Complete,0.0
2811,4,Nasarawa United,Enyimba,Nasarawa United,Enyimba,Victor Okonkwo,CB,24,33,52,Pass,50.04,13.89,Complete,0.0
2812,4,Nasarawa United,Enyimba,Nasarawa United,Enyimba,Samuel Nwankwo,ST,28,33,55,Successful Dribble,33.4,5.05,Complete,0.0
2813,4,Nasarawa United,Enyimba,Enyimba,Nasarawa United,Peter Egwuekwe,LB,28,33,57,Pass,85.42,34.85,Incomplete,0.0
2814,4,Nasarawa United,Enyimba,Nasarawa United,Enyimba,Chidi Ojo,RW,21,33,59,Interception,20.81,8.79,Complete,0.0
2815,4,Nasarawa United,Enyimba,Nasarawa United,Enyimba,Emmanuel Oyelaran,CB,19,34,0,Tackle,16.25,52.39,Complete,0.0
2816,4,Nasarawa United,Enyimba,Enyimba,Nasarawa United,Wale Effiong,CB,11,34,1,Dangerous Pass,73.95,46.66,Complete,0.0
2817,4,Nasarawa United,Enyimba,Enyimba,Nasarawa United,Emmanuel Onuoha,CB,3,34,16,Shot on Target,117.45,23.34,On Target,0.313
2818,4,Nasarawa United,Enyimba,Nasarawa United,Enyimba,Olamide Abubakar,CDM,17,34,29,Turnover,89.76,42.86,Complete,0.0
2819,4,Nasarawa United,Enyimba,Nasarawa United,Enyimba,Samuel Nwankwo,ST,28,34,37,Progressive Pass,26.72,67.12,Complete,0.0
2820,4,Nasarawa United,Enyimba,Nasarawa United,Enyimba,Wale Onuoha,LB,13,34,43,Dangerous Pass,110.37,23.13,Complete,0.0
2821,4,Nasarawa United,Enyimba,Nasarawa United,Enyimba,Segun Mohammed,RW,23,34,49,Pass,20.41,35.59,Complete,0.0
2822,4,Nasarawa United,Enyimba,Nasarawa United,Enyimba,Sani Ibrahim,ST,8,35,0,Tackle,22.15,24.7,Complete,0.0
2823,4,Nasarawa United,Enyimba,Nasarawa United,Enyimba,Chidi Ojo,RW,21,35,27,Tackle,10.91,7.72,Complete,0.0
2824,4,Nasarawa United,Enyimba,Enyimba,Nasarawa United,Chidi Chukwu,CAM,24,35,30,Foul,17.47,12.53,Complete,0.0
2825,4,Nasarawa United,Enyimba,Enyimba,Nasarawa United,Abubakar Onuoha,RW,17,35,31,Successful Dribble,49.53,37.81,Complete,0.0
2826,4,Nasarawa United,Enyimba,Nasarawa United,Enyimba,Wale Onuoha,LB,13,35,34,Dangerous Pass,99.3,32.09,Complete,0.0
2827,4,Nasarawa United,Enyimba,Nasarawa United,Enyimba,Olamide Abubakar,CDM,17,35,37,Tackle,19.51,24.34,Complete,0.0
2828,4,Nasarawa United,Enyimba,Nasarawa United,Enyimba,Segun Mohammed,RW,23,35,49,Cross,86.49,37.94,Complete,0.0
2829,4,Nasarawa United,Enyimba,Nasarawa United,Enyimba,Samuel Nwankwo,ST,28,35,49,Tackle,67.2,56.62,Complete,0.0
2830,4,Nasarawa United,Enyimba,Enyimba,Nasarawa United,Daniel Mohammed,RB,4,35,53,Dangerous Pass,71.73,45.0,Complete,0.0
2831,4,Nasarawa United,Enyimba,Enyimba,Nasarawa United,Emmanuel Onuoha,CB,3,36,2,Progressive Pass,12.52,70.83,Complete,0.0
2832,4,Nasarawa United,Enyimba,Nasarawa United,Enyimba,Sani Ogbeide,LW,5,36,4,Cross,88.59,13.16,Complete,0.0
2833,4,Nasarawa United,Enyimba,Nasarawa United,Enyimba,Olamide Abubakar,CDM,17,36,4,Tackle,63.56,23.67,Complete,0.0
2834,4,Nasarawa United,Enyimba,Nasarawa United,Enyimba,Emeka Sanni,LW,29,36,12,Turnover,20.18,17.47,Complete,0.0
2835,4,Nasarawa United,Enyimba,Nasarawa United,Enyimba,Wale Onuoha,LB,13,36,26,Pass,13.1,30.96,Complete,0.0
2836,4,Nasarawa United,Enyimba,Enyimba,Nasarawa United,Kelechi Ekong,ST,10,36,29,Foul,77.7,43.39,Complete,0.0
2837,4,Nasarawa United,Enyimba,Enyimba,Nasarawa United,Yemi Yakubu,CDM,20,36,43,Pass,107.9,68.27,Complete,0.0
2838,4,Nasarawa United,Enyimba,Nasarawa United,Enyimba,Emmanuel Oyelaran,CB,19,36,59,Progressive Pass,65.88,42.98,Incomplete,0.0
2839,4,Nasarawa United,Enyimba,Enyimba,Nasarawa United,Aliyu Balogun,CDM,15,37,5,Tackle,61.25,23.94,Complete,0.0
2840,4,Nasarawa United,Enyimba,Enyimba,Nasarawa United,Kelechi Ekong,ST,10,37,13,Shot,108.78,46.69,On Target,0.355
2841,4,Nasarawa United,Enyimba,Nasarawa United,Enyimba,Kelechi Oyelaran,CDM,10,37,16,Pass,49.34,18.92,Complete,0.0
2842,4,Nasarawa United,Enyimba,Nasarawa United,Enyimba,Chidi Ojo,RW,21,37,26,Foul,14.45,19.42,Complete,0.0
2843,4,Nasarawa United,Enyimba,Enyimba,Nasarawa United,Peter Egwuekwe,LB,28,37,34,Progressive Pass,38.12,20.26,Complete,0.0
2844,4,Nasarawa United,Enyimba,Nasarawa United,Enyimba,Chidi Ojo,RW,21,37,37,Tackle,66.43,50.31,Complete,0.0
2845,4,Nasarawa United,Enyimba,Enyimba,Nasarawa United,Yusuf Ibrahim,CDM,29,37,39,Pass,70.77,44.56,Complete,0.0
2846,4,Nasarawa United,Enyimba,Enyimba,Nasarawa United,Aliyu Balogun,CDM,15,37,40,Offside,77.21,52.39,Complete,0.0
2847,4,Nasarawa United,Enyimba,Enyimba,Nasarawa United,Adewale Usman,CDM,26,37,42,Turnover,72.91,56.66,Complete,0.0
2848,4,Nasarawa United,Enyimba,Enyimba,Nasarawa United,Joseph Balogun,RW,5,38,6,Cross,107.57,49.0,Complete,0.0
2849,4,Nasarawa United,Enyimba,Enyimba,Nasarawa United,Wale Effiong,CB,11,38,7,Pass,85.86,13.26,Complete,0.0
2850,4,Nasarawa United,Enyimba,Nasarawa United,Enyimba,Daniel Oyelaran,RW,25,38,14,Dangerous Pass,87.64,68.18,Complete,0.0
2851,4,Nasarawa United,Enyimba,Nasarawa United,Enyimba,Victor Okonkwo,CB,24,38,26,Interception,39.89,24.86,Complete,0.0
2852,4,Nasarawa United,Enyimba,Enyimba,Nasarawa United,Godwin Sanni,LW,8,38,31,Dangerous Pass,101.08,32.89,Complete,0.0
2853,4,Nasarawa United,Enyimba,Enyimba,Nasarawa United,Chidi Adeyemi,RB,16,38,41,Foul,22.61,63.95,Complete,0.0
2854,4,Nasarawa United,Enyimba,Nasarawa United,Enyimba,Wale Onuoha,LB,13,38,43,Pass,41.79,0.07,Complete,0.0
2855,4,Nasarawa United,Enyimba,Enyimba,Nasarawa United,Chibuzor Nnamdi,CAM,9,38,54,Foul,88.4,66.71,Complete,0.0
2856,4,Nasarawa United,Enyimba,Enyimba,Nasarawa United,Daniel Mohammed,RB,4,38,57,Dangerous Pass,71.39,67.59,Complete,0.0
2857,4,Nasarawa United,Enyimba,Enyimba,Nasarawa United,Emmanuel Onuoha,CB,3,38,57,Successful Dribble,11.12,80.0,Complete,0.0
2858,4,Nasarawa United,Enyimba,Nasarawa United,Enyimba,Chidi Ojo,RW,21,39,9,Pass,65.81,43.76,Incomplete,0.0
2859,4,Nasarawa United,Enyimba,Enyimba,Nasarawa United,Daniel Mohammed,RB,4,39,13,Pass,2.75,34.74,Complete,0.0
2860,4,Nasarawa United,Enyimba,Enyimba,Nasarawa United,Peter Egwuekwe,LB,28,39,18,Pass,54.97,60.06,Complete,0.0
2861,4,Nasarawa United,Enyimba,Enyimba,Nasarawa United,Chidi Chukwu,CAM,24,39,19,Pass,41.56,15.56,Complete,0.0
2862,4,Nasarawa United,Enyimba,Enyimba,Nasarawa United,Yemi Yakubu,CDM,20,39,27,Cross,83.9,7.21,Incomplete,0.0
2863,4,Nasarawa United,Enyimba,Nasarawa United,Enyimba,Wale Onuoha,LB,13,39,27,Dangerous Pass,90.15,54.25,Incomplete,0.0
2864,4,Nasarawa United,Enyimba,Enyimba,Nasarawa United,Chibuzor Nnamdi,CAM,9,39,28,Pass,4.49,80.0,Complete,0.0
2865,4,Nasarawa United,Enyimba,Nasarawa United,Enyimba,Samuel Nwankwo,ST,28,39,47,Pass,36.79,79.73,Complete,0.0
2866,4,Nasarawa United,Enyimba,Enyimba,Nasarawa United,Joseph Balogun,RW,5,39,53,Turnover,64.33,23.35,Complete,0.0
2867,4,Nasarawa United,Enyimba,Nasarawa United,Enyimba,Emeka Sanni,LW,29,39,58,Cross,113.66,45.98,Complete,0.0
2868,4,Nasarawa United,Enyimba,Nasarawa United,Enyimba,Samuel Nwankwo,ST,28,39,59,Pass,5.05,24.18,Complete,0.0
2869,4,Nasarawa United,Enyimba,Enyimba,Nasarawa United,Daniel Mohammed,RB,4,40,7,Successful Dribble,107.4,54.97,Complete,0.0
2870,4,Nasarawa United,Enyimba,Enyimba,Nasarawa United,Emmanuel Onuoha,CB,3,40,14,Interception,76.9,44.54,Complete,0.0
2871,4,Nasarawa United,Enyimba,Enyimba,Nasarawa United,Kelechi Ekong,ST,10,40,31,Dangerous Pass,115.13,63.66,Complete,0.0
2872,4,Nasarawa United,Enyimba,Nasarawa United,Enyimba,Olamide Abubakar,CDM,17,40,34,Dangerous Pass,70.21,24.49,Complete,0.0
2873,4,Nasarawa United,Enyimba,Nasarawa United,Enyimba,Kelechi Oyelaran,CDM,10,40,39,Turnover,53.1,27.58,Complete,0.0
2874,4,Nasarawa United,Enyimba,Nasarawa United,Enyimba,Samuel Nwankwo,ST,28,40,45,Pass,67.71,55.04,Complete,0.0
2875,4,Nasarawa United,Enyimba,Enyimba,Nasarawa United,Chibuzor Balogun,CDM,2,40,46,Pass,74.67,36.48,Complete,0.0
2876,4,Nasarawa United,Enyimba,Nasarawa United,Enyimba,Aliyu Nnamdi,CDM,14,40,47,Pass,112.74,10.91,Complete,0.0
2877,4,Nasarawa United,Enyimba,Nasarawa United,Enyimba,Sani Ibrahim,ST,8,40,53,Foul,58.32,24.55,Complete,0.0
2878,4,Nasarawa United,Enyimba,Enyimba,Nasarawa United,Aliyu Balogun,CDM,15,41,2,Foul,68.97,37.85,Complete,0.0
2879,4,Nasarawa United,Enyimba,Nasarawa United,Enyimba,Olamide Abubakar,CDM,17,41,9,Successful Dribble,10.54,56.16,Complete,0.0
2880,4,Nasarawa United,Enyimba,Nasarawa United,Enyimba,Victor Okonkwo,CB,24,41,12,Pass,40.38,44.8,Complete,0.0
2881,4,Nasarawa United,Enyimba,Enyimba,Nasarawa United,Aliyu Balogun,CDM,15,41,14,Turnover,34.04,36.44,Complete,0.0
2882,4,Nasarawa United,Enyimba,Nasarawa United,Enyimba,Yusuf Sanni,CDM,1,41,20,Dangerous Pass,81.44,40.19,Complete,0.0
2883,4,Nasarawa United,Enyimba,Nasarawa United,Enyimba,Chidi Sanni,CB,27,41,28,Interception,89.58,11.1,Complete,0.0
2884,4,Nasarawa United,Enyimba,Enyimba,Nasarawa United,Kelechi Ekong,ST,10,41,37,Dangerous Pass,94.27,27.53,Complete,0.0
2885,4,Nasarawa United,Enyimba,Enyimba,Nasarawa United,Chidi Adeyemi,RB,16,41,42,Foul,65.23,38.6,Complete,0.0
2886,4,Nasarawa United,Enyimba,Enyimba,Nasarawa United,Chibuzor Balogun,CDM,2,41,44,Progressive Pass,63.73,56.65,Complete,0.0
2887,4,Nasarawa United,Enyimba,Nasarawa United,Enyimba,Daniel Oyelaran,RW,25,41,48,Successful Dribble,117.06,80.0,Complete,0.0
2888,4,Nasarawa United,Enyimba,Enyimba,Nasarawa United,Emmanuel Onuoha,CB,3,41,49,Pass,103.89,24.39,Complete,0.0
2889,4,Nasarawa United,Enyimba,Nasarawa United,Enyimba,Daniel Oyelaran,RW,25,41,52,Tackle,21.18,34.85,Complete,0.0
2890,4,Nasarawa United,Enyimba,Enyimba,Nasarawa United,Joseph Balogun,RW,5,41,55,Shot,107.34,57.35,Off Target,0.261
2891,4,Nasarawa United,Enyimba,Enyimba,Nasarawa United,Chidi Chukwu,CAM,24,42,10,Goal,100.17,37.06,Goal,0.377
2892,4,Nasarawa United,Enyimba,Nasarawa United,Enyimba,Yusuf Sanni,CDM,1,42,31,Pass,57.15,52.72,Complete,0.0
2893,4,Nasarawa United,Enyimba,Enyimba,Nasarawa United,Chidi Adeyemi,RB,16,42,33,Pass,114.3,34.75,Complete,0.0
2894,4,Nasarawa United,Enyimba,Enyimba,Nasarawa United,Chidi Chukwu,CAM,24,42,35,Pass,91.47,33.34,Complete,0.0
2895,4,Nasarawa United,Enyimba,Enyimba,Nasarawa United,Adewale Usman,CDM,26,42,39,Cross,84.93,47.46,Complete,0.0
2896,4,Nasarawa United,Enyimba,Enyimba,Nasarawa United,Chibuzor Nnamdi,CAM,9,42,48,Pass,93.95,37.97,Complete,0.0
2897,4,Nasarawa United,Enyimba,Enyimba,Nasarawa United,Aliyu Balogun,CDM,15,42,51,Corner,115.71,72.41,Complete,0.0
2898,4,Nasarawa United,Enyimba,Nasarawa United,Enyimba,Emeka Sanni,LW,29,42,58,Dangerous Pass,116.35,44.71,Complete,0.0
2899,4,Nasarawa United,Enyimba,Enyimba,Nasarawa United,Wale Effiong,CB,11,43,0,Pass,87.37,47.09,Complete,0.0
2900,4,Nasarawa United,Enyimba,Nasarawa United,Enyimba,Olamide Abubakar,CDM,17,43,3,Big Chance,110.85,56.54,Off Target,0.54
2901,4,Nasarawa United,Enyimba,Enyimba,Nasarawa United,Chibuzor Balogun,CDM,2,43,13,Foul,15.82,56.25,Complete,0.0
2902,4,Nasarawa United,Enyimba,Enyimba,Nasarawa United,Chibuzor Balogun,CDM,2,43,15,Pass,119.08,23.89,Complete,0.0
2903,4,Nasarawa United,Enyimba,Enyimba,Nasarawa United,Chidi Adeyemi,RB,16,43,26,Pass,103.24,68.81,Complete,0.0
2904,4,Nasarawa United,Enyimba,Enyimba,Nasarawa United,Abubakar Onuoha,RW,17,43,37,Pass,25.93,31.46,Complete,0.0
2905,4,Nasarawa United,Enyimba,Nasarawa United,Enyimba,Aliyu Nnamdi,CDM,14,43,48,Corner,71.81,64.18,Complete,0.0
2906,4,Nasarawa United,Enyimba,Nasarawa United,Enyimba,Segun Mohammed,RW,23,43,48,Progressive Pass,115.76,71.76,Complete,0.0
2907,4,Nasarawa United,Enyimba,Nasarawa United,Enyimba,Kelechi Oyelaran,CDM,10,43,52,Successful Dribble,68.11,63.26,Complete,0.0
2908,4,Nasarawa United,Enyimba,Nasarawa United,Enyimba,Samuel Nwankwo,ST,28,44,0,Dangerous Pass,97.56,41.27,Complete,0.0
2909,4,Nasarawa United,Enyimba,Nasarawa United,Enyimba,Aliyu Nnamdi,CDM,14,44,2,Offside,34.48,51.71,Complete,0.0
2910,4,Nasarawa United,Enyimba,Enyimba,Nasarawa United,Chibuzor Balogun,CDM,2,44,6,Pass,84.82,47.45,Complete,0.0
2911,4,Nasarawa United,Enyimba,Enyimba,Nasarawa United,Abubakar Onuoha,RW,17,44,9,Progressive Pass,52.89,41.89,Complete,0.0
2912,4,Nasarawa United,Enyimba,Nasarawa United,Enyimba,Chidi Sanni,CB,27,44,14,Pass,80.57,39.93,Complete,0.0
2913,4,Nasarawa United,Enyimba,Enyimba,Nasarawa United,Chidi Adeyemi,RB,16,44,14,Shot,107.79,26.76,On Target,0.3
2914,4,Nasarawa United,Enyimba,Nasarawa United,Enyimba,Sani Ogbeide,LW,5,44,17,Successful Dribble,28.93,58.37,Complete,0.0
2915,4,Nasarawa United,Enyimba,Nasarawa United,Enyimba,Sani Ogbeide,LW,5,44,18,Yellow Card,87.21,32.96,Complete,0.0
2916,4,Nasarawa United,Enyimba,Enyimba,Nasarawa United,Yusuf Ibrahim,CDM,29,44,33,Tackle,78.44,31.15,Complete,0.0
2917,4,Nasarawa United,Enyimba,Nasarawa United,Enyimba,Segun Mohammed,RW,23,44,35,Offside,114.8,80.0,Complete,0.0
2918,4,Nasarawa United,Enyimba,Enyimba,Nasarawa United,Daniel Mohammed,RB,4,44,40,Dangerous Pass,88.67,46.12,Complete,0.0
2919,4,Nasarawa United,Enyimba,Nasarawa United,Enyimba,Chidi Usman,CDM,2,45,2,Dangerous Pass,109.31,78.84,Complete,0.0
2920,4,Nasarawa United,Enyimba,Enyimba,Nasarawa United,Abubakar Onuoha,RW,17,45,3,Big Chance,94.65,24.4,On Target,0.419
2921,4,Nasarawa United,Enyimba,Enyimba,Nasarawa United,Chidi Adeyemi,RB,16,45,18,Cross,85.26,38.44,Complete,0.0
2922,4,Nasarawa United,Enyimba,Enyimba,Nasarawa United,Godwin Sanni,LW,8,45,27,Pass,57.95,34.81,Incomplete,0.0
2923,4,Nasarawa United,Enyimba,Enyimba,Nasarawa United,Wale Effiong,CB,11,45,39,Progressive Pass,88.31,68.52,Complete,0.0
2924,4,Nasarawa United,Enyimba,Enyimba,Nasarawa United,Kelechi Ekong,ST,10,45,45,Foul,79.38,0.0,Complete,0.0
2925,4,Nasarawa United,Enyimba,Enyimba,Nasarawa United,Yemi Yakubu,CDM,20,45,56,Pass,21.61,67.58,Complete,0.0
2926,4,Nasarawa United,Enyimba,Nasarawa United,Enyimba,Yusuf Sanni,CDM,1,45,57,Successful Dribble,76.76,21.0,Complete,0.0
2927,4,Nasarawa United,Enyimba,Nasarawa United,Enyimba,Segun Mohammed,RW,23,46,9,Corner,86.23,71.74,Complete,0.0
2928,4,Nasarawa United,Enyimba,Nasarawa United,Enyimba,Samuel Nwankwo,ST,28,46,12,Progressive Pass,36.36,16.72,Complete,0.0
2929,4,Nasarawa United,Enyimba,Nasarawa United,Enyimba,Emmanuel Oyelaran,CB,19,46,16,Progressive Pass,14.52,13.96,Complete,0.0
2930,4,Nasarawa United,Enyimba,Enyimba,Nasarawa United,Peter Egwuekwe,LB,28,46,35,Successful Dribble,19.45,41.97,Complete,0.0
2931,4,Nasarawa United,Enyimba,Enyimba,Nasarawa United,Peter Egwuekwe,LB,28,46,37,Pass,23.3,34.24,Complete,0.0
2932,4,Nasarawa United,Enyimba,Enyimba,Nasarawa United,Chidi Chukwu,CAM,24,46,43,Turnover,23.29,44.74,Complete,0.0
2933,4,Nasarawa United,Enyimba,Enyimba,Nasarawa United,Chibuzor Balogun,CDM,2,46,56,Turnover,14.83,58.7,Complete,0.0
2934,4,Nasarawa United,Enyimba,Enyimba,Nasarawa United,Chidi Adeyemi,RB,16,47,2,Successful Dribble,66.86,38.64,Complete,0.0
2935,4,Nasarawa United,Enyimba,Enyimba,Nasarawa United,Emmanuel Onuoha,CB,3,47,3,Dangerous Pass,85.86,27.42,Complete,0.0
2936,4,Nasarawa United,Enyimba,Nasarawa United,Enyimba,Chidi Ojo,RW,21,47,19,Interception,23.78,59.3,Complete,0.0
2937,4,Nasarawa United,Enyimba,Enyimba,Nasarawa United,Aliyu Balogun,CDM,15,47,29,Foul,83.69,69.85,Complete,0.0
2938,4,Nasarawa United,Enyimba,Nasarawa United,Enyimba,Sani Ibrahim,ST,8,47,34,Interception,18.15,79.98,Complete,0.0
2939,4,Nasarawa United,Enyimba,Enyimba,Nasarawa United,Joseph Balogun,RW,5,47,38,Progressive Pass,90.56,50.01,Complete,0.0
2940,4,Nasarawa United,Enyimba,Nasarawa United,Enyimba,Daniel Oyelaran,RW,25,47,40,Pass,74.91,17.04,Complete,0.0
2941,4,Nasarawa United,Enyimba,Nasarawa United,Enyimba,Chidi Sanni,CB,27,47,52,Dangerous Pass,104.1,43.04,Complete,0.0
2942,4,Nasarawa United,Enyimba,Nasarawa United,Enyimba,Segun Mohammed,RW,23,47,54,Dangerous Pass,75.81,39.28,Complete,0.0
2943,4,Nasarawa United,Enyimba,Enyimba,Nasarawa United,Yemi Yakubu,CDM,20,47,54,Pass,60.9,39.91,Incomplete,0.0
2944,4,Nasarawa United,Enyimba,Enyimba,Nasarawa United,Abubakar Onuoha,RW,17,47,56,Successful Dribble,96.61,37.84,Complete,0.0
2945,4,Nasarawa United,Enyimba,Nasarawa United,Enyimba,Chidi Ojo,RW,21,48,2,Tackle,14.6,60.82,Complete,0.0
2946,4,Nasarawa United,Enyimba,Enyimba,Nasarawa United,Wale Effiong,CB,11,48,12,Dangerous Pass,92.82,16.24,Complete,0.0
2947,4,Nasarawa United,Enyimba,Enyimba,Nasarawa United,Peter Egwuekwe,LB,28,48,31,Pass,38.38,37.84,Incomplete,0.0
2948,4,Nasarawa United,Enyimba,Nasarawa United,Enyimba,Segun Mohammed,RW,23,48,36,Pass,31.0,9.75,Incomplete,0.0
2949,4,Nasarawa United,Enyimba,Nasarawa United,Enyimba,Emmanuel Oyelaran,CB,19,48,37,Pass,36.3,51.25,Complete,0.0
2950,4,Nasarawa United,Enyimba,Nasarawa United,Enyimba,Victor Okonkwo,CB,24,48,38,Turnover,50.19,44.32,Complete,0.0
2951,4,Nasarawa United,Enyimba,Enyimba,Nasarawa United,Chidi Chukwu,CAM,24,48,38,Pass,14.0,33.79,Complete,0.0
2952,4,Nasarawa United,Enyimba,Enyimba,Nasarawa United,Yusuf Ibrahim,CDM,29,48,45,Foul,66.89,1.41,Complete,0.0
2953,4,Nasarawa United,Enyimba,Enyimba,Nasarawa United,Godwin Sanni,LW,8,48,46,Shot on Target,115.46,46.26,Off Target,0.414
2954,4,Nasarawa United,Enyimba,Nasarawa United,Enyimba,Emmanuel Oyelaran,CB,19,48,50,Tackle,31.07,7.03,Complete,0.0
2955,4,Nasarawa United,Enyimba,Nasarawa United,Enyimba,Kelechi Oyelaran,CDM,10,49,1,Foul,37.77,31.58,Complete,0.0
2956,4,Nasarawa United,Enyimba,Enyimba,Nasarawa United,Adewale Usman,CDM,26,49,13,Successful Dribble,0.48,48.81,Complete,0.0
2957,4,Nasarawa United,Enyimba,Nasarawa United,Enyimba,Chidi Ojo,RW,21,49,23,Red Card,57.5,44.02,Complete,0.0
2958,4,Nasarawa United,Enyimba,Nasarawa United,Enyimba,Victor Okonkwo,CB,24,49,34,Turnover,39.99,80.0,Complete,0.0
2959,4,Nasarawa United,Enyimba,Enyimba,Nasarawa United,Chidi Chukwu,CAM,24,49,49,Big Chance,119.77,4.9,Off Target,0.36
2960,4,Nasarawa United,Enyimba,Enyimba,Nasarawa United,Adewale Usman,CDM,26,49,57,Progressive Pass,76.18,74.44,Complete,0.0
2961,4,Nasarawa United,Enyimba,Nasarawa United,Enyimba,Emmanuel Oyelaran,CB,19,50,2,Pass,18.34,1.51,Complete,0.0
2962,4,Nasarawa United,Enyimba,Nasarawa United,Enyimba,Chidi Usman,CDM,2,50,2,Turnover,41.97,80.0,Complete,0.0
2963,4,Nasarawa United,Enyimba,Nasarawa United,Enyimba,Victor Okonkwo,CB,24,50,5,Progressive Pass,119.59,23.29,Complete,0.0
2964,4,Nasarawa United,Enyimba,Nasarawa United,Enyimba,Victor Okonkwo,CB,24,50,19,Pass,77.71,27.51,Complete,0.0
2965,4,Nasarawa United,Enyimba,Enyimba,Nasarawa United,Yusuf Ibrahim,CDM,29,50,28,Cross,82.9,22.8,Incomplete,0.0
2966,4,Nasarawa United,Enyimba,Enyimba,Nasarawa United,Abubakar Onuoha,RW,17,50,31,Foul,21.3,3.48,Complete,0.0
2967,4,Nasarawa United,Enyimba,Nasarawa United,Enyimba,Olamide Abubakar,CDM,17,50,34,Pass,43.99,44.48,Incomplete,0.0
2968,4,Nasarawa United,Enyimba,Nasarawa United,Enyimba,Olamide Abubakar,CDM,17,51,0,Shot on Target,90.19,64.95,Off Target,0.068
2969,4,Nasarawa United,Enyimba,Enyimba,Nasarawa United,Chibuzor Balogun,CDM,2,51,9,Tackle,48.35,44.76,Complete,0.0
2970,4,Nasarawa United,Enyimba,Nasarawa United,Enyimba,Sani Ogbeide,LW,5,51,12,Pass,83.31,58.25,Incomplete,0.0
2971,4,Nasarawa United,Enyimba,Enyimba,Nasarawa United,Wale Effiong,CB,11,51,16,Pass,90.05,41.18,Complete,0.0
2972,4,Nasarawa United,Enyimba,Enyimba,Nasarawa United,Emmanuel Onuoha,CB,3,51,17,Successful Dribble,9.22,67.32,Complete,0.0
2973,4,Nasarawa United,Enyimba,Nasarawa United,Enyimba,Sani Ibrahim,ST,8,51,24,Progressive Pass,39.92,38.51,Complete,0.0
2974,4,Nasarawa United,Enyimba,Enyimba,Nasarawa United,Joseph Balogun,RW,5,51,31,Successful Dribble,93.4,45.46,Complete,0.0
2975,4,Nasarawa United,Enyimba,Enyimba,Nasarawa United,Emmanuel Onuoha,CB,3,51,33,Cross,102.94,41.55,Incomplete,0.0
2976,4,Nasarawa United,Enyimba,Enyimba,Nasarawa United,Aliyu Balogun,CDM,15,51,34,Shot,100.9,55.46,Off Target,0.227
2977,4,Nasarawa United,Enyimba,Nasarawa United,Enyimba,Samuel Nwankwo,ST,28,51,42,Progressive Pass,40.34,24.09,Complete,0.0
2978,4,Nasarawa United,Enyimba,Nasarawa United,Enyimba,Chidi Sanni,CB,27,51,54,Foul,70.6,26.95,Complete,0.0
2979,4,Nasarawa United,Enyimba,Nasarawa United,Enyimba,Segun Mohammed,RW,23,51,55,Pass,8.84,13.04,Incomplete,0.0
2980,4,Nasarawa United,Enyimba,Enyimba,Nasarawa United,Yusuf Ibrahim,CDM,29,51,59,Shot,92.29,57.57,Off Target,0.135
2981,4,Nasarawa United,Enyimba,Enyimba,Nasarawa United,Peter Egwuekwe,LB,28,52,6,Progressive Pass,100.54,46.14,Complete,0.0
2982,4,Nasarawa United,Enyimba,Enyimba,Nasarawa United,Daniel Mohammed,RB,4,52,26,Shot,109.34,52.82,Off Target,0.315
2983,4,Nasarawa United,Enyimba,Nasarawa United,Enyimba,Daniel Oyelaran,RW,25,52,32,Offside,25.07,76.54,Complete,0.0
2984,4,Nasarawa United,Enyimba,Enyimba,Nasarawa United,Wale Effiong,CB,11,52,33,Turnover,42.41,65.53,Complete,0.0
2985,4,Nasarawa United,Enyimba,Enyimba,Nasarawa United,Chidi Adeyemi,RB,16,52,44,Cross,78.41,57.44,Incomplete,0.0
2986,4,Nasarawa United,Enyimba,Enyimba,Nasarawa United,Wale Effiong,CB,11,52,51,Dangerous Pass,78.8,68.73,Complete,0.0
2987,4,Nasarawa United,Enyimba,Nasarawa United,Enyimba,Victor Okonkwo,CB,24,52,53,Turnover,88.74,57.45,Complete,0.0
2988,4,Nasarawa United,Enyimba,Enyimba,Nasarawa United,Chidi Chukwu,CAM,24,53,4,Dangerous Pass,87.41,38.54,Complete,0.0
2989,4,Nasarawa United,Enyimba,Enyimba,Nasarawa United,Yemi Yakubu,CDM,20,53,6,Cross,93.24,10.66,Complete,0.0
2990,4,Nasarawa United,Enyimba,Enyimba,Nasarawa United,Wale Effiong,CB,11,53,8,Interception,82.02,53.97,Complete,0.0
2991,4,Nasarawa United,Enyimba,Nasarawa United,Enyimba,Olamide Abubakar,CDM,17,53,10,Shot on Target,109.77,33.39,Off Target,0.365
2992,4,Nasarawa United,Enyimba,Enyimba,Nasarawa United,Abubakar Onuoha,RW,17,53,17,Pass,103.65,16.65,Complete,0.0
2993,4,Nasarawa United,Enyimba,Nasarawa United,Enyimba,Victor Okonkwo,CB,24,53,27,Dangerous Pass,99.37,38.33,Incomplete,0.0
2994,4,Nasarawa United,Enyimba,Enyimba,Nasarawa United,Abubakar Onuoha,RW,17,53,29,Turnover,57.49,48.55,Complete,0.0
2995,4,Nasarawa United,Enyimba,Nasarawa United,Enyimba,Samuel Nwankwo,ST,28,53,44,Pass,6.53,62.92,Complete,0.0
2996,4,Nasarawa United,Enyimba,Enyimba,Nasarawa United,Godwin Sanni,LW,8,53,45,Dangerous Pass,104.64,72.65,Incomplete,0.0
2997,4,Nasarawa United,Enyimba,Nasarawa United,Enyimba,Sani Ibrahim,ST,8,54,0,Pass,74.81,13.26,Complete,0.0
2998,4,Nasarawa United,Enyimba,Enyimba,Nasarawa United,Aliyu Balogun,CDM,15,54,2,Pass,49.82,42.52,Complete,0.0
2999,4,Nasarawa United,Enyimba,Enyimba,Nasarawa United,Yemi Yakubu,CDM,20,54,2,Pass,76.22,32.55,Complete,0.0
3000,4,Nasarawa United,Enyimba,Nasarawa United,Enyimba,Daniel Oyelaran,RW,25,54,7,Progressive Pass,117.46,56.25,Incomplete,0.0
3001,4,Nasarawa United,Enyimba,Enyimba,Nasarawa United,Joseph Balogun,RW,5,54,7,Progressive Pass,13.37,25.65,Complete,0.0
3002,4,Nasarawa United,Enyimba,Nasarawa United,Enyimba,Victor Okonkwo,CB,24,54,21,Dangerous Pass,88.05,80.0,Complete,0.0
3003,4,Nasarawa United,Enyimba,Enyimba,Nasarawa United,Peter Egwuekwe,LB,28,54,22,Pass,90.81,40.29,Complete,0.0
3004,4,Nasarawa United,Enyimba,Enyimba,Nasarawa United,Adewale Usman,CDM,26,54,34,Pass,109.75,57.45,Complete,0.0
3005,4,Nasarawa United,Enyimba,Nasarawa United,Enyimba,Yusuf Sanni,CDM,1,54,51,Progressive Pass,82.14,41.11,Incomplete,0.0
3006,4,Nasarawa United,Enyimba,Enyimba,Nasarawa United,Yusuf Ibrahim,CDM,29,55,4,Progressive Pass,85.32,40.45,Complete,0.0
3007,4,Nasarawa United,Enyimba,Enyimba,Nasarawa United,Daniel Mohammed,RB,4,55,23,Corner,88.18,17.52,Complete,0.0
3008,4,Nasarawa United,Enyimba,Nasarawa United,Enyimba,Sani Ogbeide,LW,5,55,32,Turnover,74.25,23.38,Complete,0.0
3009,4,Nasarawa United,Enyimba,Enyimba,Nasarawa United,Wale Effiong,CB,11,55,41,Pass,40.09,77.73,Complete,0.0
3010,4,Nasarawa United,Enyimba,Enyimba,Nasarawa United,Adewale Usman,CDM,26,55,43,Foul,70.87,58.5,Complete,0.0
3011,4,Nasarawa United,Enyimba,Nasarawa United,Enyimba,Emeka Sanni,LW,29,55,54,Pass,31.95,0.0,Complete,0.0
3012,4,Nasarawa United,Enyimba,Enyimba,Nasarawa United,Chidi Chukwu,CAM,24,56,3,Dangerous Pass,114.25,66.41,Complete,0.0
3013,4,Nasarawa United,Enyimba,Enyimba,Nasarawa United,Joseph Balogun,RW,5,56,6,Pass,83.09,80.0,Complete,0.0
3014,4,Nasarawa United,Enyimba,Nasarawa United,Enyimba,Samuel Nwankwo,ST,28,56,7,Interception,25.9,56.71,Complete,0.0
3015,4,Nasarawa United,Enyimba,Enyimba,Nasarawa United,Joseph Balogun,RW,5,56,10,Big Chance,118.16,39.19,Off Target,0.728
3016,4,Nasarawa United,Enyimba,Nasarawa United,Enyimba,Aliyu Nnamdi,CDM,14,56,15,Pass,60.9,48.35,Complete,0.0
3017,4,Nasarawa United,Enyimba,Nasarawa United,Enyimba,Olamide Abubakar,CDM,17,56,20,Pass,10.89,50.49,Incomplete,0.0
3018,4,Nasarawa United,Enyimba,Nasarawa United,Enyimba,Sani Ogbeide,LW,5,56,22,Interception,29.62,60.85,Complete,0.0
3019,4,Nasarawa United,Enyimba,Enyimba,Nasarawa United,Adewale Usman,CDM,26,56,28,Pass,18.99,47.25,Incomplete,0.0
3020,4,Nasarawa United,Enyimba,Nasarawa United,Enyimba,Sani Ibrahim,ST,8,56,32,Pass,4.44,1.86,Complete,0.0
3021,4,Nasarawa United,Enyimba,Enyimba,Nasarawa United,Adewale Usman,CDM,26,56,35,Tackle,41.38,42.39,Complete,0.0
3022,4,Nasarawa United,Enyimba,Nasarawa United,Enyimba,Daniel Oyelaran,RW,25,56,46,Progressive Pass,105.47,32.86,Complete,0.0
3023,4,Nasarawa United,Enyimba,Nasarawa United,Enyimba,Emeka Sanni,LW,29,57,6,Successful Dribble,6.37,20.76,Complete,0.0
3024,4,Nasarawa United,Enyimba,Nasarawa United,Enyimba,Kelechi Oyelaran,CDM,10,57,15,Progressive Pass,119.99,45.26,Incomplete,0.0
3025,4,Nasarawa United,Enyimba,Enyimba,Nasarawa United,Chidi Chukwu,CAM,24,57,17,Dangerous Pass,109.87,32.41,Complete,0.0
3026,4,Nasarawa United,Enyimba,Nasarawa United,Enyimba,Chidi Usman,CDM,2,57,27,Tackle,80.77,51.26,Complete,0.0
3027,4,Nasarawa United,Enyimba,Nasarawa United,Enyimba,Segun Mohammed,RW,23,57,36,Interception,17.31,6.31,Complete,0.0
3028,4,Nasarawa United,Enyimba,Enyimba,Nasarawa United,Chibuzor Nnamdi,CAM,9,57,39,Progressive Pass,99.45,49.2,Incomplete,0.0
3029,4,Nasarawa United,Enyimba,Nasarawa United,Enyimba,Emeka Sanni,LW,29,57,48,Turnover,26.52,23.76,Complete,0.0
3030,4,Nasarawa United,Enyimba,Nasarawa United,Enyimba,Emmanuel Oyelaran,CB,19,57,52,Interception,82.72,34.13,Complete,0.0
3031,4,Nasarawa United,Enyimba,Nasarawa United,Enyimba,Kelechi Oyelaran,CDM,10,57,52,Successful Dribble,46.14,39.19,Complete,0.0
3032,4,Nasarawa United,Enyimba,Nasarawa United,Enyimba,Sani Ibrahim,ST,8,57,55,Successful Dribble,93.41,66.95,Complete,0.0
3033,4,Nasarawa United,Enyimba,Nasarawa United,Enyimba,Chidi Sanni,CB,27,57,56,Turnover,40.76,43.7,Complete,0.0
3034,4,Nasarawa United,Enyimba,Enyimba,Nasarawa United,Yusuf Ibrahim,CDM,29,58,7,Pass,48.58,50.7,Complete,0.0
3035,4,Nasarawa United,Enyimba,Enyimba,Nasarawa United,Daniel Mohammed,RB,4,58,9,Pass,5.23,23.38,Complete,0.0
3036,4,Nasarawa United,Enyimba,Enyimba,Nasarawa United,Abubakar Onuoha,RW,17,58,12,Dangerous Pass,80.11,0.0,Complete,0.0
3037,4,Nasarawa United,Enyimba,Enyimba,Nasarawa United,Emmanuel Onuoha,CB,3,58,27,Successful Dribble,16.19,31.3,Complete,0.0
3038,4,Nasarawa United,Enyimba,Nasarawa United,Enyimba,Chidi Ojo,RW,21,58,27,Turnover,76.13,52.11,Complete,0.0
3039,4,Nasarawa United,Enyimba,Nasarawa United,Enyimba,Victor Okonkwo,CB,24,58,30,Shot,93.34,43.73,On Target,0.201
3040,4,Nasarawa United,Enyimba,Nasarawa United,Enyimba,Sani Ibrahim,ST,8,58,36,Cross,111.43,49.62,Complete,0.0
3041,4,Nasarawa United,Enyimba,Nasarawa United,Enyimba,Chidi Ojo,RW,21,58,44,Turnover,83.0,57.87,Complete,0.0
3042,4,Nasarawa United,Enyimba,Enyimba,Nasarawa United,Joseph Balogun,RW,5,58,45,Progressive Pass,105.64,32.79,Complete,0.0
3043,4,Nasarawa United,Enyimba,Enyimba,Nasarawa United,Adewale Usman,CDM,26,58,46,Foul,55.49,12.46,Complete,0.0
3044,4,Nasarawa United,Enyimba,Nasarawa United,Enyimba,Victor Okonkwo,CB,24,58,49,Pass,108.74,32.8,Complete,0.0
3045,4,Nasarawa United,Enyimba,Enyimba,Nasarawa United,Emmanuel Onuoha,CB,3,59,6,Cross,93.1,69.02,Incomplete,0.0
3046,4,Nasarawa United,Enyimba,Enyimba,Nasarawa United,Chibuzor Balogun,CDM,2,59,8,Successful Dribble,78.35,30.15,Complete,0.0
3047,4,Nasarawa United,Enyimba,Nasarawa United,Enyimba,Chidi Sanni,CB,27,59,12,Cross,110.56,38.52,Complete,0.0
3048,4,Nasarawa United,Enyimba,Enyimba,Nasarawa United,Chibuzor Balogun,CDM,2,59,14,Pass,107.68,39.93,Incomplete,0.0
3049,4,Nasarawa United,Enyimba,Enyimba,Nasarawa United,Kelechi Ekong,ST,10,59,17,Pass,27.72,78.61,Incomplete,0.0
3050,4,Nasarawa United,Enyimba,Enyimba,Nasarawa United,Abubakar Onuoha,RW,17,59,25,Foul,51.93,48.61,Complete,0.0
3051,4,Nasarawa United,Enyimba,Enyimba,Nasarawa United,Wale Effiong,CB,11,59,35,Progressive Pass,38.71,62.4,Complete,0.0
3052,4,Nasarawa United,Enyimba,Enyimba,Nasarawa United,Daniel Mohammed,RB,4,59,44,Pass,116.53,18.63,Complete,0.0
3053,4,Nasarawa United,Enyimba,Nasarawa United,Enyimba,Victor Okonkwo,CB,24,60,4,Tackle,27.9,53.07,Complete,0.0
3054,4,Nasarawa United,Enyimba,Enyimba,Nasarawa United,Chidi Adeyemi,RB,16,60,5,Progressive Pass,57.11,43.84,Complete,0.0
3055,4,Nasarawa United,Enyimba,Nasarawa United,Enyimba,Emeka Sanni,LW,29,60,9,Shot,119.98,67.46,Off Target,0.195
3056,4,Nasarawa United,Enyimba,Enyimba,Nasarawa United,Yemi Yakubu,CDM,20,60,19,Turnover,65.5,24.83,Complete,0.0
3057,4,Nasarawa United,Enyimba,Nasarawa United,Enyimba,Daniel Oyelaran,RW,25,60,27,Shot,89.74,65.16,Off Target,0.063
3058,4,Nasarawa United,Enyimba,Enyimba,Nasarawa United,Chibuzor Nnamdi,CAM,9,60,36,Turnover,15.52,80.0,Complete,0.0
3059,4,Nasarawa United,Enyimba,Nasarawa United,Enyimba,Sani Ogbeide,LW,5,60,36,Dangerous Pass,73.17,63.59,Complete,0.0
3060,4,Nasarawa United,Enyimba,Enyimba,Nasarawa United,Joseph Balogun,RW,5,60,46,Interception,49.12,18.78,Complete,0.0
3061,4,Nasarawa United,Enyimba,Nasarawa United,Enyimba,Victor Okonkwo,CB,24,60,46,Shot on Target,117.84,39.88,Off Target,0.476
3062,4,Nasarawa United,Enyimba,Enyimba,Nasarawa United,Emmanuel Onuoha,CB,3,60,57,Tackle,35.99,70.77,Complete,0.0
3063,4,Nasarawa United,Enyimba,Nasarawa United,Enyimba,Wale Onuoha,LB,13,60,57,Turnover,84.27,35.65,Complete,0.0
3064,4,Nasarawa United,Enyimba,Enyimba,Nasarawa United,Yusuf Ibrahim,CDM,29,61,3,Corner,95.42,30.43,Complete,0.0
3065,4,Nasarawa United,Enyimba,Nasarawa United,Enyimba,Victor Okonkwo,CB,24,61,4,Cross,87.21,53.04,Complete,0.0
3066,4,Nasarawa United,Enyimba,Nasarawa United,Enyimba,Emeka Sanni,LW,29,61,8,Pass,19.19,42.25,Complete,0.0
3067,4,Nasarawa United,Enyimba,Nasarawa United,Enyimba,Daniel Oyelaran,RW,25,61,11,Pass,35.26,80.0,Complete,0.0
3068,4,Nasarawa United,Enyimba,Nasarawa United,Enyimba,Wale Onuoha,LB,13,61,22,Turnover,50.81,80.0,Complete,0.0
3069,4,Nasarawa United,Enyimba,Enyimba,Nasarawa United,Emmanuel Onuoha,CB,3,61,26,Pass,78.91,33.1,Complete,0.0
3070,4,Nasarawa United,Enyimba,Nasarawa United,Enyimba,Emmanuel Oyelaran,CB,19,61,32,Offside,69.13,24.09,Complete,0.0
3071,4,Nasarawa United,Enyimba,Enyimba,Nasarawa United,Abubakar Onuoha,RW,17,61,38,Interception,59.39,37.8,Complete,0.0
3072,4,Nasarawa United,Enyimba,Enyimba,Nasarawa United,Peter Egwuekwe,LB,28,61,38,Successful Dribble,70.91,31.86,Complete,0.0
3073,4,Nasarawa United,Enyimba,Enyimba,Nasarawa United,Yusuf Ibrahim,CDM,29,61,49,Pass,113.11,50.32,Incomplete,0.0
3074,4,Nasarawa United,Enyimba,Enyimba,Nasarawa United,Peter Egwuekwe,LB,28,61,52,Dangerous Pass,103.07,35.23,Complete,0.0
3075,4,Nasarawa United,Enyimba,Nasarawa United,Enyimba,Yusuf Sanni,CDM,1,61,56,Tackle,87.77,34.11,Complete,0.0
3076,4,Nasarawa United,Enyimba,Nasarawa United,Enyimba,Emmanuel Oyelaran,CB,19,62,4,Turnover,85.86,58.72,Complete,0.0
3077,4,Nasarawa United,Enyimba,Nasarawa United,Enyimba,Emeka Sanni,LW,29,62,15,Interception,71.41,46.33,Complete,0.0
3078,4,Nasarawa United,Enyimba,Enyimba,Nasarawa United,Wale Effiong,CB,11,62,19,Pass,39.48,14.31,Complete,0.0
3079,4,Nasarawa United,Enyimba,Nasarawa United,Enyimba,Sani Ibrahim,ST,8,62,46,Offside,31.78,6.78,Complete,0.0
3080,4,Nasarawa United,Enyimba,Nasarawa United,Enyimba,Chidi Ojo,RW,21,62,59,Foul,16.88,52.38,Complete,0.0
3081,4,Nasarawa United,Enyimba,Nasarawa United,Enyimba,Chidi Ojo,RW,21,63,1,Shot,101.31,21.55,Off Target,0.208
3082,4,Nasarawa United,Enyimba,Nasarawa United,Enyimba,Emmanuel Oyelaran,CB,19,63,4,Tackle,53.96,41.94,Complete,0.0
3083,4,Nasarawa United,Enyimba,Enyimba,Nasarawa United,Chidi Chukwu,CAM,24,63,9,Progressive Pass,79.94,65.17,Complete,0.0
3084,4,Nasarawa United,Enyimba,Enyimba,Nasarawa United,Chidi Adeyemi,RB,16,63,9,Cross,73.11,0.14,Incomplete,0.0
3085,4,Nasarawa United,Enyimba,Nasarawa United,Enyimba,Emmanuel Oyelaran,CB,19,63,16,Offside,25.35,14.88,Complete,0.0
3086,4,Nasarawa United,Enyimba,Nasarawa United,Enyimba,Olamide Abubakar,CDM,17,63,20,Turnover,59.75,38.04,Complete,0.0
3087,4,Nasarawa United,Enyimba,Enyimba,Nasarawa United,Chidi Adeyemi,RB,16,63,29,Progressive Pass,73.47,15.65,Complete,0.0
3088,4,Nasarawa United,Enyimba,Enyimba,Nasarawa United,Chidi Adeyemi,RB,16,63,34,Foul,16.45,74.49,Complete,0.0
3089,4,Nasarawa United,Enyimba,Enyimba,Nasarawa United,Yusuf Ibrahim,CDM,29,63,39,Foul,19.17,25.61,Complete,0.0
3090,4,Nasarawa United,Enyimba,Nasarawa United,Enyimba,Sani Ibrahim,ST,8,63,40,Turnover,35.37,13.73,Complete,0.0
3091,4,Nasarawa United,Enyimba,Nasarawa United,Enyimba,Chidi Ojo,RW,21,63,47,Pass,14.91,34.71,Complete,0.0
3092,4,Nasarawa United,Enyimba,Enyimba,Nasarawa United,Kelechi Ekong,ST,10,64,6,Pass,109.96,3.13,Complete,0.0
3093,4,Nasarawa United,Enyimba,Enyimba,Nasarawa United,Godwin Sanni,LW,8,64,12,Offside,115.93,54.76,Complete,0.0
3094,4,Nasarawa United,Enyimba,Enyimba,Nasarawa United,Abubakar Onuoha,RW,17,64,23,Progressive Pass,4.64,49.4,Complete,0.0
3095,4,Nasarawa United,Enyimba,Enyimba,Nasarawa United,Godwin Sanni,LW,8,64,26,Interception,48.74,75.68,Complete,0.0
3096,4,Nasarawa United,Enyimba,Enyimba,Nasarawa United,Godwin Sanni,LW,8,64,36,Pass,45.34,33.04,Complete,0.0
3097,4,Nasarawa United,Enyimba,Nasarawa United,Enyimba,Olamide Abubakar,CDM,17,64,37,Shot,98.57,15.19,On Target,0.136
3098,4,Nasarawa United,Enyimba,Nasarawa United,Enyimba,Segun Mohammed,RW,23,64,41,Pass,1.3,46.69,Complete,0.0
3099,4,Nasarawa United,Enyimba,Enyimba,Nasarawa United,Daniel Mohammed,RB,4,65,4,Pass,13.76,36.54,Complete,0.0
3100,4,Nasarawa United,Enyimba,Nasarawa United,Enyimba,Olamide Abubakar,CDM,17,65,18,Interception,63.0,66.05,Complete,0.0
3101,4,Nasarawa United,Enyimba,Enyimba,Nasarawa United,Chibuzor Balogun,CDM,2,65,21,Turnover,18.6,44.48,Complete,0.0
3102,4,Nasarawa United,Enyimba,Enyimba,Nasarawa United,Wale Effiong,CB,11,65,38,Pass,90.1,54.23,Complete,0.0
3103,4,Nasarawa United,Enyimba,Enyimba,Nasarawa United,Abubakar Onuoha,RW,17,65,40,Cross,79.65,46.97,Complete,0.0
3104,4,Nasarawa United,Enyimba,Enyimba,Nasarawa United,Godwin Sanni,LW,8,65,46,Progressive Pass,81.57,45.84,Incomplete,0.0
3105,4,Nasarawa United,Enyimba,Nasarawa United,Enyimba,Segun Mohammed,RW,23,65,47,Pass,98.84,42.95,Complete,0.0
3106,4,Nasarawa United,Enyimba,Enyimba,Nasarawa United,Chidi Adeyemi,RB,16,65,47,Turnover,80.19,42.51,Complete,0.0
3107,4,Nasarawa United,Enyimba,Nasarawa United,Enyimba,Daniel Oyelaran,RW,25,65,53,Progressive Pass,102.15,58.42,Complete,0.0
3108,4,Nasarawa United,Enyimba,Nasarawa United,Enyimba,Chidi Usman,CDM,2,65,55,Foul,87.16,17.99,Complete,0.0
3109,4,Nasarawa United,Enyimba,Enyimba,Nasarawa United,Yusuf Ibrahim,CDM,29,66,0,Big Chance,108.16,35.44,Off Target,0.609
3110,4,Nasarawa United,Enyimba,Nasarawa United,Enyimba,Victor Okonkwo,CB,24,66,3,Turnover,49.67,40.17,Complete,0.0
3111,4,Nasarawa United,Enyimba,Nasarawa United,Enyimba,Olamide Abubakar,CDM,17,66,19,Progressive Pass,71.46,79.14,Complete,0.0
3112,4,Nasarawa United,Enyimba,Enyimba,Nasarawa United,Kelechi Ekong,ST,10,66,26,Cross,87.44,52.14,Complete,0.0
3113,4,Nasarawa United,Enyimba,Enyimba,Nasarawa United,Godwin Sanni,LW,8,66,27,Pass,106.22,45.91,Incomplete,0.0
3114,4,Nasarawa United,Enyimba,Nasarawa United,Enyimba,Chidi Sanni,CB,27,66,32,Pass,63.8,65.36,Complete,0.0
3115,4,Nasarawa United,Enyimba,Nasarawa United,Enyimba,Yusuf Sanni,CDM,1,66,33,Dangerous Pass,114.54,49.8,Complete,0.0
3116,4,Nasarawa United,Enyimba,Nasarawa United,Enyimba,Victor Okonkwo,CB,24,66,42,Successful Dribble,33.0,28.76,Complete,0.0
3117,4,Nasarawa United,Enyimba,Enyimba,Nasarawa United,Joseph Balogun,RW,5,66,47,Interception,74.87,25.03,Complete,0.0
3118,4,Nasarawa United,Enyimba,Enyimba,Nasarawa United,Daniel Mohammed,RB,4,66,51,Pass,0.59,23.48,Complete,0.0
3119,4,Nasarawa United,Enyimba,Enyimba,Nasarawa United,Godwin Sanni,LW,8,66,56,Interception,53.73,35.52,Complete,0.0
3120,4,Nasarawa United,Enyimba,Enyimba,Nasarawa United,Adewale Usman,CDM,26,66,58,Pass,72.78,52.32,Incomplete,0.0
3121,4,Nasarawa United,Enyimba,Enyimba,Nasarawa United,Chibuzor Balogun,CDM,2,67,5,Turnover,81.53,55.41,Complete,0.0
3122,4,Nasarawa United,Enyimba,Nasarawa United,Enyimba,Chidi Ojo,RW,21,67,6,Pass,17.37,42.81,Complete,0.0
3123,4,Nasarawa United,Enyimba,Nasarawa United,Enyimba,Samuel Nwankwo,ST,28,67,15,Turnover,29.4,26.37,Complete,0.0
3124,4,Nasarawa United,Enyimba,Enyimba,Nasarawa United,Adewale Usman,CDM,26,67,29,Successful Dribble,74.27,39.83,Complete,0.0
3125,4,Nasarawa United,Enyimba,Nasarawa United,Enyimba,Olamide Abubakar,CDM,17,67,31,Progressive Pass,50.14,52.08,Complete,0.0
3126,4,Nasarawa United,Enyimba,Enyimba,Nasarawa United,Peter Egwuekwe,LB,28,67,54,Interception,30.89,0.06,Complete,0.0
3127,4,Nasarawa United,Enyimba,Nasarawa United,Enyimba,Victor Okonkwo,CB,24,68,11,Successful Dribble,7.64,6.64,Complete,0.0
3128,4,Nasarawa United,Enyimba,Nasarawa United,Enyimba,Emeka Sanni,LW,29,68,27,Pass,73.19,41.4,Complete,0.0
3129,4,Nasarawa United,Enyimba,Nasarawa United,Enyimba,Victor Okonkwo,CB,24,68,29,Progressive Pass,70.59,29.77,Complete,0.0
3130,4,Nasarawa United,Enyimba,Nasarawa United,Enyimba,Olamide Abubakar,CDM,17,68,31,Cross,105.8,57.58,Complete,0.0
3131,4,Nasarawa United,Enyimba,Nasarawa United,Enyimba,Emmanuel Oyelaran,CB,19,68,31,Cross,110.5,40.55,Complete,0.0
3132,4,Nasarawa United,Enyimba,Enyimba,Nasarawa United,Joseph Balogun,RW,5,68,32,Dangerous Pass,77.97,38.8,Complete,0.0
3133,4,Nasarawa United,Enyimba,Nasarawa United,Enyimba,Sani Ogbeide,LW,5,68,54,Pass,40.95,38.62,Complete,0.0
3134,4,Nasarawa United,Enyimba,Enyimba,Nasarawa United,Chidi Chukwu,CAM,24,69,8,Corner,109.12,17.48,Complete,0.0
3135,4,Nasarawa United,Enyimba,Enyimba,Nasarawa United,Chibuzor Balogun,CDM,2,69,24,Foul,71.72,33.76,Complete,0.0
3136,4,Nasarawa United,Enyimba,Nasarawa United,Enyimba,Aliyu Nnamdi,CDM,14,69,26,Pass,50.98,54.2,Incomplete,0.0
3137,4,Nasarawa United,Enyimba,Nasarawa United,Enyimba,Sani Ibrahim,ST,8,69,31,Pass,74.2,16.02,Complete,0.0
3138,4,Nasarawa United,Enyimba,Nasarawa United,Enyimba,Samuel Nwankwo,ST,28,69,32,Foul,10.53,52.99,Complete,0.0
3139,4,Nasarawa United,Enyimba,Nasarawa United,Enyimba,Sani Ibrahim,ST,8,69,32,Turnover,26.67,55.18,Complete,0.0
3140,4,Nasarawa United,Enyimba,Enyimba,Nasarawa United,Aliyu Balogun,CDM,15,69,33,Interception,83.96,20.03,Complete,0.0
3141,4,Nasarawa United,Enyimba,Enyimba,Nasarawa United,Godwin Sanni,LW,8,69,43,Progressive Pass,76.79,27.1,Complete,0.0
3142,4,Nasarawa United,Enyimba,Enyimba,Nasarawa United,Wale Effiong,CB,11,69,46,Interception,28.53,45.46,Complete,0.0
3143,4,Nasarawa United,Enyimba,Nasarawa United,Enyimba,Emmanuel Oyelaran,CB,19,69,46,Pass,39.84,42.19,Incomplete,0.0
3144,4,Nasarawa United,Enyimba,Nasarawa United,Enyimba,Victor Okonkwo,CB,24,69,47,Shot,105.19,24.37,Off Target,0.261
3145,4,Nasarawa United,Enyimba,Enyimba,Nasarawa United,Yemi Yakubu,CDM,20,69,51,Cross,100.88,77.6,Complete,0.0
3146,4,Nasarawa United,Enyimba,Enyimba,Nasarawa United,Godwin Sanni,LW,8,69,59,Pass,63.23,46.2,Complete,0.0
3147,4,Nasarawa United,Enyimba,Nasarawa United,Enyimba,Sani Ogbeide,LW,5,69,59,Dangerous Pass,116.94,42.11,Complete,0.0
3148,4,Nasarawa United,Enyimba,Enyimba,Nasarawa United,Chidi Chukwu,CAM,24,70,0,Shot,115.47,10.79,Off Target,0.172
3149,4,Nasarawa United,Enyimba,Nasarawa United,Enyimba,Emmanuel Oyelaran,CB,19,70,2,Corner,85.41,0.0,Complete,0.0
3150,4,Nasarawa United,Enyimba,Nasarawa United,Enyimba,Chidi Ojo,RW,21,70,3,Turnover,36.84,40.9,Complete,0.0
3151,4,Nasarawa United,Enyimba,Enyimba,Nasarawa United,Wale Effiong,CB,11,70,13,Cross,81.51,35.37,Complete,0.0
3152,4,Nasarawa United,Enyimba,Nasarawa United,Enyimba,Segun Mohammed,RW,23,70,25,Pass,85.81,31.17,Incomplete,0.0
3153,4,Nasarawa United,Enyimba,Enyimba,Nasarawa United,Adewale Usman,CDM,26,70,31,Pass,13.54,71.52,Complete,0.0
3154,4,Nasarawa United,Enyimba,Nasarawa United,Enyimba,Segun Mohammed,RW,23,70,39,Pass,69.67,43.36,Complete,0.0
3155,4,Nasarawa United,Enyimba,Nasarawa United,Enyimba,Kelechi Oyelaran,CDM,10,70,43,Pass,78.48,68.38,Complete,0.0
3156,4,Nasarawa United,Enyimba,Enyimba,Nasarawa United,Godwin Sanni,LW,8,70,43,Pass,91.44,35.3,Complete,0.0
3157,4,Nasarawa United,Enyimba,Enyimba,Nasarawa United,Chidi Chukwu,CAM,24,70,47,Pass,58.16,47.6,Incomplete,0.0
3158,4,Nasarawa United,Enyimba,Enyimba,Nasarawa United,Joseph Balogun,RW,5,70,54,Dangerous Pass,74.31,4.43,Complete,0.0
3159,4,Nasarawa United,Enyimba,Nasarawa United,Enyimba,Aliyu Nnamdi,CDM,14,71,1,Progressive Pass,26.73,16.8,Complete,0.0
3160,4,Nasarawa United,Enyimba,Enyimba,Nasarawa United,Chibuzor Nnamdi,CAM,9,71,3,Progressive Pass,33.29,22.83,Complete,0.0
3161,4,Nasarawa United,Enyimba,Enyimba,Nasarawa United,Chidi Chukwu,CAM,24,71,5,Pass,99.47,60.75,Complete,0.0
3162,4,Nasarawa United,Enyimba,Nasarawa United,Enyimba,Sani Ogbeide,LW,5,71,38,Pass,94.96,54.4,Complete,0.0
3163,4,Nasarawa United,Enyimba,Enyimba,Nasarawa United,Wale Effiong,CB,11,71,40,Dangerous Pass,104.37,31.07,Complete,0.0
3164,4,Nasarawa United,Enyimba,Nasarawa United,Enyimba,Sani Ibrahim,ST,8,71,47,Pass,101.61,53.52,Complete,0.0
3165,4,Nasarawa United,Enyimba,Enyimba,Nasarawa United,Godwin Sanni,LW,8,71,53,Shot,114.24,47.62,Off Target,0.394
3166,4,Nasarawa United,Enyimba,Nasarawa United,Enyimba,Victor Okonkwo,CB,24,71,53,Tackle,15.97,32.05,Complete,0.0
3167,4,Nasarawa United,Enyimba,Enyimba,Nasarawa United,Yusuf Ibrahim,CDM,29,72,3,Tackle,30.36,42.45,Complete,0.0
3168,4,Nasarawa United,Enyimba,Enyimba,Nasarawa United,Kelechi Ekong,ST,10,72,6,Interception,68.63,50.91,Complete,0.0
3169,4,Nasarawa United,Enyimba,Nasarawa United,Enyimba,Yusuf Sanni,CDM,1,72,9,Turnover,16.27,39.0,Complete,0.0
3170,4,Nasarawa United,Enyimba,Enyimba,Nasarawa United,Emmanuel Onuoha,CB,3,72,10,Pass,40.46,63.28,Complete,0.0
3171,4,Nasarawa United,Enyimba,Enyimba,Nasarawa United,Chibuzor Nnamdi,CAM,9,72,11,Progressive Pass,91.18,47.62,Complete,0.0
3172,4,Nasarawa United,Enyimba,Enyimba,Nasarawa United,Daniel Mohammed,RB,4,72,16,Progressive Pass,100.86,24.06,Complete,0.0
3173,4,Nasarawa United,Enyimba,Nasarawa United,Enyimba,Emmanuel Oyelaran,CB,19,72,45,Turnover,35.76,25.05,Complete,0.0
3174,4,Nasarawa United,Enyimba,Enyimba,Nasarawa United,Chidi Adeyemi,RB,16,72,57,Pass,103.3,18.05,Complete,0.0
3175,4,Nasarawa United,Enyimba,Nasarawa United,Enyimba,Yusuf Sanni,CDM,1,72,58,Dangerous Pass,117.14,45.26,Complete,0.0
3176,4,Nasarawa United,Enyimba,Nasarawa United,Enyimba,Segun Mohammed,RW,23,73,33,Shot on Target,104.18,36.92,On Target,0.321
3177,4,Nasarawa United,Enyimba,Enyimba,Nasarawa United,Chibuzor Nnamdi,CAM,9,73,43,Successful Dribble,103.06,0.0,Complete,0.0
3178,4,Nasarawa United,Enyimba,Enyimba,Nasarawa United,Daniel Mohammed,RB,4,73,43,Successful Dribble,22.47,21.39,Complete,0.0
3179,4,Nasarawa United,Enyimba,Nasarawa United,Enyimba,Chidi Usman,CDM,2,73,48,Progressive Pass,14.19,11.72,Complete,0.0
3180,4,Nasarawa United,Enyimba,Nasarawa United,Enyimba,Kelechi Oyelaran,CDM,10,73,52,Shot,103.78,33.33,Off Target,0.305
3181,4,Nasarawa United,Enyimba,Nasarawa United,Enyimba,Emeka Sanni,LW,29,73,53,Big Chance,113.2,30.13,Off Target,0.617
3182,4,Nasarawa United,Enyimba,Nasarawa United,Enyimba,Chidi Sanni,CB,27,73,57,Progressive Pass,105.47,27.46,Complete,0.0
3183,4,Nasarawa United,Enyimba,Nasarawa United,Enyimba,Chidi Usman,CDM,2,74,5,Pass,52.66,24.66,Complete,0.0
3184,4,Nasarawa United,Enyimba,Nasarawa United,Enyimba,Sani Ibrahim,ST,8,74,24,Successful Dribble,18.54,65.68,Complete,0.0
3185,4,Nasarawa United,Enyimba,Nasarawa United,Enyimba,Daniel Oyelaran,RW,25,74,25,Offside,65.63,27.47,Complete,0.0
3186,4,Nasarawa United,Enyimba,Enyimba,Nasarawa United,Aliyu Balogun,CDM,15,74,35,Pass,38.66,72.48,Complete,0.0
3187,4,Nasarawa United,Enyimba,Enyimba,Nasarawa United,Godwin Sanni,LW,8,74,43,Foul,34.8,47.82,Complete,0.0
3188,4,Nasarawa United,Enyimba,Nasarawa United,Enyimba,Aliyu Nnamdi,CDM,14,74,44,Successful Dribble,82.35,35.49,Complete,0.0
3189,4,Nasarawa United,Enyimba,Enyimba,Nasarawa United,Adewale Usman,CDM,26,74,46,Shot,91.17,70.97,Off Target,0.03
3190,4,Nasarawa United,Enyimba,Nasarawa United,Enyimba,Sani Ogbeide,LW,5,74,50,Cross,82.31,0.0,Complete,0.0
3191,4,Nasarawa United,Enyimba,Enyimba,Nasarawa United,Emmanuel Onuoha,CB,3,74,53,Turnover,88.99,51.11,Complete,0.0
3192,4,Nasarawa United,Enyimba,Nasarawa United,Enyimba,Victor Okonkwo,CB,24,75,8,Progressive Pass,9.47,28.92,Incomplete,0.0
3193,4,Nasarawa United,Enyimba,Enyimba,Nasarawa United,Aliyu Balogun,CDM,15,75,8,Interception,90.0,68.09,Complete,0.0
3194,4,Nasarawa United,Enyimba,Nasarawa United,Enyimba,Chidi Usman,CDM,2,75,22,Interception,88.29,52.6,Complete,0.0
3195,4,Nasarawa United,Enyimba,Nasarawa United,Enyimba,Aliyu Nnamdi,CDM,14,75,24,Tackle,39.56,5.17,Complete,0.0
3196,4,Nasarawa United,Enyimba,Enyimba,Nasarawa United,Chidi Chukwu,CAM,24,75,25,Foul,56.84,78.7,Complete,0.0
3197,4,Nasarawa United,Enyimba,Nasarawa United,Enyimba,Emmanuel Oyelaran,CB,19,75,28,Successful Dribble,93.18,34.92,Complete,0.0
3198,4,Nasarawa United,Enyimba,Nasarawa United,Enyimba,Victor Okonkwo,CB,24,75,37,Interception,86.96,33.86,Complete,0.0
3199,4,Nasarawa United,Enyimba,Nasarawa United,Enyimba,Wale Onuoha,LB,13,75,44,Successful Dribble,53.59,18.45,Complete,0.0
3200,4,Nasarawa United,Enyimba,Enyimba,Nasarawa United,Godwin Sanni,LW,8,75,46,Pass,71.54,41.09,Complete,0.0
3201,4,Nasarawa United,Enyimba,Nasarawa United,Enyimba,Wale Onuoha,LB,13,75,49,Cross,75.19,19.62,Complete,0.0
3202,4,Nasarawa United,Enyimba,Enyimba,Nasarawa United,Chidi Chukwu,CAM,24,75,50,Tackle,65.57,64.74,Complete,0.0
3203,4,Nasarawa United,Enyimba,Enyimba,Nasarawa United,Chidi Chukwu,CAM,24,75,52,Pass,77.57,23.71,Complete,0.0
3204,4,Nasarawa United,Enyimba,Enyimba,Nasarawa United,Godwin Sanni,LW,8,76,1,Interception,79.24,33.73,Complete,0.0
3205,4,Nasarawa United,Enyimba,Nasarawa United,Enyimba,Wale Onuoha,LB,13,76,2,Tackle,11.7,3.61,Complete,0.0
3206,4,Nasarawa United,Enyimba,Nasarawa United,Enyimba,Olamide Abubakar,CDM,17,76,2,Pass,22.45,8.19,Complete,0.0
3207,4,Nasarawa United,Enyimba,Nasarawa United,Enyimba,Daniel Oyelaran,RW,25,76,7,Tackle,75.85,74.27,Complete,0.0
3208,4,Nasarawa United,Enyimba,Enyimba,Nasarawa United,Aliyu Balogun,CDM,15,76,10,Turnover,55.22,25.81,Complete,0.0
3209,4,Nasarawa United,Enyimba,Nasarawa United,Enyimba,Emmanuel Oyelaran,CB,19,76,13,Pass,73.33,56.12,Complete,0.0
3210,4,Nasarawa United,Enyimba,Enyimba,Nasarawa United,Emmanuel Onuoha,CB,3,76,15,Shot on Target,112.6,45.5,On Target,0.398
3211,4,Nasarawa United,Enyimba,Nasarawa United,Enyimba,Aliyu Nnamdi,CDM,14,76,17,Turnover,10.89,18.69,Complete,0.0
3212,4,Nasarawa United,Enyimba,Enyimba,Nasarawa United,Aliyu Balogun,CDM,15,76,21,Dangerous Pass,98.41,65.49,Complete,0.0
3213,4,Nasarawa United,Enyimba,Nasarawa United,Enyimba,Aliyu Nnamdi,CDM,14,76,38,Progressive Pass,40.67,56.39,Complete,0.0
3214,4,Nasarawa United,Enyimba,Nasarawa United,Enyimba,Chidi Ojo,RW,21,76,42,Turnover,22.21,39.23,Complete,0.0
3215,4,Nasarawa United,Enyimba,Enyimba,Nasarawa United,Peter Egwuekwe,LB,28,77,0,Interception,83.89,44.26,Complete,0.0
3216,4,Nasarawa United,Enyimba,Nasarawa United,Enyimba,Daniel Oyelaran,RW,25,77,2,Turnover,41.52,49.42,Complete,0.0
3217,4,Nasarawa United,Enyimba,Enyimba,Nasarawa United,Chibuzor Nnamdi,CAM,9,77,7,Pass,93.69,7.42,Complete,0.0
3218,4,Nasarawa United,Enyimba,Enyimba,Nasarawa United,Yusuf Ibrahim,CDM,29,77,12,Cross,91.06,0.0,Complete,0.0
3219,4,Nasarawa United,Enyimba,Enyimba,Nasarawa United,Emmanuel Onuoha,CB,3,77,24,Dangerous Pass,94.91,13.18,Complete,0.0
3220,4,Nasarawa United,Enyimba,Enyimba,Nasarawa United,Kelechi Ekong,ST,10,77,24,Goal,99.64,42.12,Goal,0.373
3221,4,Nasarawa United,Enyimba,Enyimba,Nasarawa United,Kelechi Ekong,ST,10,77,25,Pass,85.25,47.07,Complete,0.0
3222,4,Nasarawa United,Enyimba,Enyimba,Nasarawa United,Godwin Sanni,LW,8,77,28,Pass,58.79,19.22,Incomplete,0.0
3223,4,Nasarawa United,Enyimba,Enyimba,Nasarawa United,Kelechi Ekong,ST,10,77,34,Dangerous Pass,82.44,36.23,Complete,0.0
3224,4,Nasarawa United,Enyimba,Enyimba,Nasarawa United,Aliyu Balogun,CDM,15,77,37,Shot,103.86,39.15,On Target,0.32
3225,4,Nasarawa United,Enyimba,Enyimba,Nasarawa United,Godwin Sanni,LW,8,77,39,Foul,26.78,49.75,Complete,0.0
3226,4,Nasarawa United,Enyimba,Nasarawa United,Enyimba,Yusuf Sanni,CDM,1,77,48,Interception,56.54,12.37,Complete,0.0
3227,4,Nasarawa United,Enyimba,Enyimba,Nasarawa United,Chidi Adeyemi,RB,16,78,1,Pass,32.58,52.91,Complete,0.0
3228,4,Nasarawa United,Enyimba,Nasarawa United,Enyimba,Kelechi Oyelaran,CDM,10,78,7,Interception,52.49,35.01,Complete,0.0
3229,4,Nasarawa United,Enyimba,Nasarawa United,Enyimba,Chidi Sanni,CB,27,78,16,Pass,75.5,16.0,Complete,0.0
3230,4,Nasarawa United,Enyimba,Nasarawa United,Enyimba,Daniel Oyelaran,RW,25,78,29,Shot,113.48,38.22,Off Target,0.425
3231,4,Nasarawa United,Enyimba,Enyimba,Nasarawa United,Emmanuel Onuoha,CB,3,78,35,Successful Dribble,22.81,55.36,Complete,0.0
3232,4,Nasarawa United,Enyimba,Enyimba,Nasarawa United,Chidi Chukwu,CAM,24,78,40,Dangerous Pass,109.94,37.07,Complete,0.0
3233,4,Nasarawa United,Enyimba,Nasarawa United,Enyimba,Victor Okonkwo,CB,24,78,56,Turnover,43.59,25.44,Complete,0.0
3234,4,Nasarawa United,Enyimba,Enyimba,Nasarawa United,Yusuf Ibrahim,CDM,29,78,56,Cross,93.85,55.55,Incomplete,0.0
3235,4,Nasarawa United,Enyimba,Nasarawa United,Enyimba,Daniel Oyelaran,RW,25,78,58,Goal,98.99,35.06,Goal,0.36
3236,4,Nasarawa United,Enyimba,Enyimba,Nasarawa United,Chidi Chukwu,CAM,24,79,28,Pass,54.93,41.07,Incomplete,0.0
3237,4,Nasarawa United,Enyimba,Enyimba,Nasarawa United,Wale Effiong,CB,11,79,31,Shot,95.72,21.22,Off Target,0.159
3238,4,Nasarawa United,Enyimba,Enyimba,Nasarawa United,Kelechi Ekong,ST,10,79,35,Pass,29.07,61.87,Complete,0.0
3239,4,Nasarawa United,Enyimba,Enyimba,Nasarawa United,Daniel Mohammed,RB,4,79,43,Interception,27.34,56.28,Complete,0.0
3240,4,Nasarawa United,Enyimba,Nasarawa United,Enyimba,Chidi Usman,CDM,2,79,44,Tackle,37.59,80.0,Complete,0.0
3241,4,Nasarawa United,Enyimba,Nasarawa United,Enyimba,Chidi Sanni,CB,27,79,49,Turnover,49.44,35.27,Complete,0.0
3242,4,Nasarawa United,Enyimba,Enyimba,Nasarawa United,Yusuf Ibrahim,CDM,29,80,11,Corner,95.95,6.1,Complete,0.0
3243,4,Nasarawa United,Enyimba,Nasarawa United,Enyimba,Olamide Abubakar,CDM,17,80,25,Pass,54.37,24.85,Complete,0.0
3244,4,Nasarawa United,Enyimba,Nasarawa United,Enyimba,Sani Ogbeide,LW,5,80,25,Cross,85.46,32.22,Complete,0.0
3245,4,Nasarawa United,Enyimba,Nasarawa United,Enyimba,Chidi Ojo,RW,21,80,26,Shot,113.72,20.11,On Target,0.268
3246,4,Nasarawa United,Enyimba,Nasarawa United,Enyimba,Chidi Sanni,CB,27,80,35,Dangerous Pass,93.39,58.54,Complete,0.0
3247,4,Nasarawa United,Enyimba,Nasarawa United,Enyimba,Daniel Oyelaran,RW,25,80,43,Pass,70.35,54.11,Complete,0.0
3248,4,Nasarawa United,Enyimba,Nasarawa United,Enyimba,Victor Okonkwo,CB,24,80,50,Interception,49.9,47.51,Complete,0.0
3249,4,Nasarawa United,Enyimba,Nasarawa United,Enyimba,Chidi Usman,CDM,2,80,52,Interception,17.02,72.27,Complete,0.0
3250,4,Nasarawa United,Enyimba,Nasarawa United,Enyimba,Victor Okonkwo,CB,24,80,56,Pass,92.63,47.76,Complete,0.0
3251,4,Nasarawa United,Enyimba,Enyimba,Nasarawa United,Chidi Chukwu,CAM,24,81,1,Shot on Target,101.06,36.82,On Target,0.287
3252,4,Nasarawa United,Enyimba,Enyimba,Nasarawa United,Aliyu Balogun,CDM,15,81,12,Cross,92.94,35.55,Complete,0.0
3253,4,Nasarawa United,Enyimba,Enyimba,Nasarawa United,Daniel Mohammed,RB,4,81,32,Pass,26.87,37.4,Complete,0.0
3254,4,Nasarawa United,Enyimba,Nasarawa United,Enyimba,Sani Ogbeide,LW,5,81,48,Cross,116.69,48.55,Complete,0.0
3255,4,Nasarawa United,Enyimba,Nasarawa United,Enyimba,Victor Okonkwo,CB,24,81,52,Interception,23.71,54.9,Complete,0.0
3256,4,Nasarawa United,Enyimba,Nasarawa United,Enyimba,Olamide Abubakar,CDM,17,82,0,Tackle,13.65,32.57,Complete,0.0
3257,4,Nasarawa United,Enyimba,Nasarawa United,Enyimba,Olamide Abubakar,CDM,17,82,8,Progressive Pass,97.93,20.01,Complete,0.0
3258,4,Nasarawa United,Enyimba,Nasarawa United,Enyimba,Aliyu Nnamdi,CDM,14,82,9,Pass,72.01,46.86,Complete,0.0
3259,4,Nasarawa United,Enyimba,Enyimba,Nasarawa United,Daniel Mohammed,RB,4,82,15,Dangerous Pass,97.36,65.99,Complete,0.0
3260,4,Nasarawa United,Enyimba,Enyimba,Nasarawa United,Joseph Balogun,RW,5,82,16,Turnover,31.61,27.51,Complete,0.0
3261,4,Nasarawa United,Enyimba,Enyimba,Nasarawa United,Abubakar Onuoha,RW,17,82,20,Pass,74.48,33.67,Incomplete,0.0
3262,4,Nasarawa United,Enyimba,Enyimba,Nasarawa United,Abubakar Onuoha,RW,17,82,21,Interception,82.28,52.07,Complete,0.0
3263,4,Nasarawa United,Enyimba,Nasarawa United,Enyimba,Kelechi Oyelaran,CDM,10,82,27,Progressive Pass,23.92,25.37,Complete,0.0
3264,4,Nasarawa United,Enyimba,Enyimba,Nasarawa United,Chidi Chukwu,CAM,24,82,30,Foul,74.06,21.54,Complete,0.0
3265,4,Nasarawa United,Enyimba,Enyimba,Nasarawa United,Joseph Balogun,RW,5,82,37,Pass,5.46,30.42,Complete,0.0
3266,4,Nasarawa United,Enyimba,Enyimba,Nasarawa United,Yemi Yakubu,CDM,20,82,38,Cross,76.47,22.89,Complete,0.0
3267,4,Nasarawa United,Enyimba,Enyimba,Nasarawa United,Kelechi Ekong,ST,10,82,43,Offside,81.41,3.41,Complete,0.0
3268,4,Nasarawa United,Enyimba,Enyimba,Nasarawa United,Kelechi Ekong,ST,10,82,54,Yellow Card,56.65,36.75,Complete,0.0
3269,4,Nasarawa United,Enyimba,Enyimba,Nasarawa United,Joseph Balogun,RW,5,82,56,Interception,24.91,40.22,Complete,0.0
3270,4,Nasarawa United,Enyimba,Enyimba,Nasarawa United,Yusuf Ibrahim,CDM,29,83,3,Pass,27.14,26.49,Complete,0.0
3271,4,Nasarawa United,Enyimba,Nasarawa United,Enyimba,Sani Ogbeide,LW,5,83,9,Pass,63.53,10.4,Complete,0.0
3272,4,Nasarawa United,Enyimba,Enyimba,Nasarawa United,Peter Egwuekwe,LB,28,83,23,Progressive Pass,2.54,6.79,Complete,0.0
3273,4,Nasarawa United,Enyimba,Nasarawa United,Enyimba,Sani Ibrahim,ST,8,83,25,Pass,110.14,43.68,Complete,0.0
3274,4,Nasarawa United,Enyimba,Nasarawa United,Enyimba,Yusuf Sanni,CDM,1,83,34,Pass,27.51,21.5,Complete,0.0
3275,4,Nasarawa United,Enyimba,Nasarawa United,Enyimba,Segun Mohammed,RW,23,83,41,Interception,47.62,25.53,Complete,0.0
3276,4,Nasarawa United,Enyimba,Enyimba,Nasarawa United,Yemi Yakubu,CDM,20,83,59,Corner,75.92,36.87,Complete,0.0
3277,4,Nasarawa United,Enyimba,Nasarawa United,Enyimba,Wale Onuoha,LB,13,84,1,Pass,47.99,12.34,Complete,0.0
3278,4,Nasarawa United,Enyimba,Enyimba,Nasarawa United,Yusuf Ibrahim,CDM,29,84,2,Progressive Pass,27.67,63.57,Incomplete,0.0
3279,4,Nasarawa United,Enyimba,Enyimba,Nasarawa United,Kelechi Ekong,ST,10,84,6,Foul,84.31,79.16,Complete,0.0
3280,4,Nasarawa United,Enyimba,Enyimba,Nasarawa United,Wale Effiong,CB,11,84,11,Progressive Pass,22.36,23.84,Complete,0.0
3281,4,Nasarawa United,Enyimba,Nasarawa United,Enyimba,Kelechi Oyelaran,CDM,10,84,15,Interception,75.34,27.81,Complete,0.0
3282,4,Nasarawa United,Enyimba,Nasarawa United,Enyimba,Yusuf Sanni,CDM,1,84,22,Progressive Pass,64.45,43.76,Complete,0.0
3283,4,Nasarawa United,Enyimba,Nasarawa United,Enyimba,Samuel Nwankwo,ST,28,84,32,Interception,25.68,45.2,Complete,0.0
3284,4,Nasarawa United,Enyimba,Nasarawa United,Enyimba,Chidi Sanni,CB,27,84,35,Turnover,68.61,47.96,Complete,0.0
3285,4,Nasarawa United,Enyimba,Nasarawa United,Enyimba,Segun Mohammed,RW,23,84,37,Pass,61.18,71.77,Complete,0.0
3286,4,Nasarawa United,Enyimba,Enyimba,Nasarawa United,Joseph Balogun,RW,5,84,49,Dangerous Pass,97.67,31.35,Incomplete,0.0
3287,4,Nasarawa United,Enyimba,Nasarawa United,Enyimba,Chidi Sanni,CB,27,84,53,Foul,27.51,45.14,Complete,0.0
3288,4,Nasarawa United,Enyimba,Nasarawa United,Enyimba,Sani Ogbeide,LW,5,85,14,Turnover,86.16,24.43,Complete,0.0
3289,4,Nasarawa United,Enyimba,Enyimba,Nasarawa United,Joseph Balogun,RW,5,85,15,Pass,112.22,60.4,Complete,0.0
3290,4,Nasarawa United,Enyimba,Enyimba,Nasarawa United,Chidi Adeyemi,RB,16,85,27,Pass,110.34,58.06,Complete,0.0
3291,4,Nasarawa United,Enyimba,Enyimba,Nasarawa United,Peter Egwuekwe,LB,28,85,33,Big Chance,115.62,21.51,Off Target,0.539
3292,4,Nasarawa United,Enyimba,Nasarawa United,Enyimba,Victor Okonkwo,CB,24,85,40,Pass,45.69,71.14,Complete,0.0
3293,4,Nasarawa United,Enyimba,Enyimba,Nasarawa United,Chidi Chukwu,CAM,24,85,46,Progressive Pass,45.77,65.28,Complete,0.0
3294,4,Nasarawa United,Enyimba,Enyimba,Nasarawa United,Kelechi Ekong,ST,10,85,54,Pass,8.95,19.77,Complete,0.0
3295,4,Nasarawa United,Enyimba,Nasarawa United,Enyimba,Emmanuel Oyelaran,CB,19,86,0,Pass,108.65,69.23,Complete,0.0
3296,4,Nasarawa United,Enyimba,Enyimba,Nasarawa United,Chidi Adeyemi,RB,16,86,8,Successful Dribble,84.53,50.06,Complete,0.0
3297,4,Nasarawa United,Enyimba,Enyimba,Nasarawa United,Aliyu Balogun,CDM,15,86,11,Interception,63.07,53.22,Complete,0.0
3298,4,Nasarawa United,Enyimba,Enyimba,Nasarawa United,Aliyu Balogun,CDM,15,86,25,Dangerous Pass,98.41,43.29,Complete,0.0
3299,4,Nasarawa United,Enyimba,Enyimba,Nasarawa United,Yusuf Ibrahim,CDM,29,86,40,Turnover,80.54,26.79,Complete,0.0
3300,4,Nasarawa United,Enyimba,Nasarawa United,Enyimba,Segun Mohammed,RW,23,86,47,Dangerous Pass,71.46,47.85,Complete,0.0
3301,4,Nasarawa United,Enyimba,Nasarawa United,Enyimba,Wale Onuoha,LB,13,86,48,Pass,87.1,66.27,Incomplete,0.0
3302,4,Nasarawa United,Enyimba,Nasarawa United,Enyimba,Yusuf Sanni,CDM,1,86,49,Shot,113.55,35.76,Off Target,0.414
3303,4,Nasarawa United,Enyimba,Nasarawa United,Enyimba,Olamide Abubakar,CDM,17,86,51,Successful Dribble,37.56,42.29,Complete,0.0
3304,4,Nasarawa United,Enyimba,Nasarawa United,Enyimba,Yusuf Sanni,CDM,1,87,2,Pass,116.61,37.56,Complete,0.0
3305,4,Nasarawa United,Enyimba,Enyimba,Nasarawa United,Wale Effiong,CB,11,87,3,Turnover,82.54,34.69,Complete,0.0
3306,4,Nasarawa United,Enyimba,Nasarawa United,Enyimba,Aliyu Nnamdi,CDM,14,87,7,Yellow Card,100.49,47.6,Complete,0.0
3307,4,Nasarawa United,Enyimba,Nasarawa United,Enyimba,Emmanuel Oyelaran,CB,19,87,9,Pass,117.11,40.77,Complete,0.0
3308,4,Nasarawa United,Enyimba,Nasarawa United,Enyimba,Emeka Sanni,LW,29,87,32,Foul,29.22,25.63,Complete,0.0
3309,4,Nasarawa United,Enyimba,Enyimba,Nasarawa United,Godwin Sanni,LW,8,87,39,Corner,111.48,6.34,Complete,0.0
3310,4,Nasarawa United,Enyimba,Enyimba,Nasarawa United,Chibuzor Nnamdi,CAM,9,87,52,Tackle,64.18,19.42,Complete,0.0
3311,4,Nasarawa United,Enyimba,Enyimba,Nasarawa United,Kelechi Ekong,ST,10,87,55,Foul,22.13,49.94,Complete,0.0
3312,4,Nasarawa United,Enyimba,Nasarawa United,Enyimba,Samuel Nwankwo,ST,28,88,4,Pass,95.32,31.92,Complete,0.0
3313,4,Nasarawa United,Enyimba,Nasarawa United,Enyimba,Aliyu Nnamdi,CDM,14,88,14,Progressive Pass,75.97,29.0,Complete,0.0
3314,4,Nasarawa United,Enyimba,Nasarawa United,Enyimba,Sani Ogbeide,LW,5,88,16,Pass,2.85,58.99,Complete,0.0
3315,4,Nasarawa United,Enyimba,Enyimba,Nasarawa United,Chibuzor Balogun,CDM,2,88,16,Interception,60.0,67.52,Complete,0.0
3316,4,Nasarawa United,Enyimba,Enyimba,Nasarawa United,Godwin Sanni,LW,8,88,21,Dangerous Pass,72.4,47.52,Incomplete,0.0
3317,4,Nasarawa United,Enyimba,Nasarawa United,Enyimba,Sani Ogbeide,LW,5,88,31,Pass,73.95,32.93,Complete,0.0
3318,4,Nasarawa United,Enyimba,Enyimba,Nasarawa United,Abubakar Onuoha,RW,17,88,32,Shot,99.29,22.1,On Target,0.196
3319,4,Nasarawa United,Enyimba,Nasarawa United,Enyimba,Aliyu Nnamdi,CDM,14,88,38,Turnover,38.58,29.51,Complete,0.0
3320,4,Nasarawa United,Enyimba,Nasarawa United,Enyimba,Olamide Abubakar,CDM,17,88,49,Corner,77.65,42.0,Complete,0.0
3321,4,Nasarawa United,Enyimba,Nasarawa United,Enyimba,Emeka Sanni,LW,29,88,51,Progressive Pass,0.18,9.45,Complete,0.0
3322,4,Nasarawa United,Enyimba,Nasarawa United,Enyimba,Sani Ogbeide,LW,5,88,53,Foul,63.74,70.15,Complete,0.0
3323,4,Nasarawa United,Enyimba,Enyimba,Nasarawa United,Godwin Sanni,LW,8,88,54,Interception,49.96,50.07,Complete,0.0
3324,4,Nasarawa United,Enyimba,Nasarawa United,Enyimba,Emeka Sanni,LW,29,89,13,Pass,26.08,33.91,Complete,0.0
3325,4,Nasarawa United,Enyimba,Enyimba,Nasarawa United,Aliyu Balogun,CDM,15,89,13,Progressive Pass,10.76,28.46,Complete,0.0
3326,4,Nasarawa United,Enyimba,Nasarawa United,Enyimba,Yusuf Sanni,CDM,1,89,16,Pass,49.23,25.18,Complete,0.0
3327,4,Nasarawa United,Enyimba,Enyimba,Nasarawa United,Chibuzor Nnamdi,CAM,9,89,20,Pass,81.83,52.21,Complete,0.0
3328,4,Nasarawa United,Enyimba,Enyimba,Nasarawa United,Kelechi Ekong,ST,10,89,36,Shot,95.87,28.3,Off Target,0.202
3329,4,Nasarawa United,Enyimba,Enyimba,Nasarawa United,Chibuzor Nnamdi,CAM,9,90,23,Pass,86.46,9.38,Complete,0.0
3330,4,Nasarawa United,Enyimba,Nasarawa United,Enyimba,Aliyu Nnamdi,CDM,14,90,25,Pass,106.55,20.34,Complete,0.0
3331,4,Nasarawa United,Enyimba,Enyimba,Nasarawa United,Kelechi Ekong,ST,10,90,27,Pass,82.13,30.79,Complete,0.0
3332,4,Nasarawa United,Enyimba,Nasarawa United,Enyimba,Chidi Usman,CDM,2,90,43,Pass,35.23,0.0,Incomplete,0.0
3333,5,Kano Pillars,Kun Khalifat,Kun Khalifat,Kano Pillars,Damilare Egwuekwe,RW,3,0,0,Turnover,64.09,8.42,Complete,0.0
3334,5,Kano Pillars,Kun Khalifat,Kun Khalifat,Kano Pillars,Abdullahi Nwankwo,LB,6,0,1,Tackle,10.28,45.34,Complete,0.0
3335,5,Kano Pillars,Kun Khalifat,Kano Pillars,Kun Khalifat,Praise Ndukwe,RB,19,0,6,Pass,48.44,36.59,Complete,0.0
3336,5,Kano Pillars,Kun Khalifat,Kun Khalifat,Kano Pillars,Sani Adisa,LW,22,0,11,Turnover,70.42,21.66,Complete,0.0
3337,5,Kano Pillars,Kun Khalifat,Kano Pillars,Kun Khalifat,Chukwuemeka Ibrahim,LW,25,0,16,Shot,111.46,38.62,Off Target,0.404
3338,5,Kano Pillars,Kun Khalifat,Kano Pillars,Kun Khalifat,Olamide Mohammed,CAM,26,0,31,Interception,72.74,2.66,Complete,0.0
3339,5,Kano Pillars,Kun Khalifat,Kano Pillars,Kun Khalifat,Emmanuel Lawal,CDM,24,0,40,Successful Dribble,27.13,80.0,Complete,0.0
3340,5,Kano Pillars,Kun Khalifat,Kun Khalifat,Kano Pillars,Chidi Bello,ST,23,0,44,Tackle,26.26,35.5,Complete,0.0
3341,5,Kano Pillars,Kun Khalifat,Kano Pillars,Kun Khalifat,Emmanuel Lawal,CDM,24,0,48,Corner,90.61,62.16,Complete,0.0
3342,5,Kano Pillars,Kun Khalifat,Kano Pillars,Kun Khalifat,Chukwuemeka Ibrahim,LW,25,0,50,Pass,51.49,62.96,Incomplete,0.0
3343,5,Kano Pillars,Kun Khalifat,Kun Khalifat,Kano Pillars,Rasheed Nwankwo,CB,26,0,59,Cross,82.68,0.0,Complete,0.0
3344,5,Kano Pillars,Kun Khalifat,Kano Pillars,Kun Khalifat,Joseph Ekong,GK,6,1,11,Corner,72.86,15.41,Complete,0.0
3345,5,Kano Pillars,Kun Khalifat,Kun Khalifat,Kano Pillars,Rasheed Mohammed,RW,1,1,14,Interception,45.13,32.9,Complete,0.0
3346,5,Kano Pillars,Kun Khalifat,Kun Khalifat,Kano Pillars,Sani Adisa,LW,22,1,15,Pass,47.3,69.64,Complete,0.0
3347,5,Kano Pillars,Kun Khalifat,Kano Pillars,Kun Khalifat,Femi Sanni,LW,8,1,28,Pass,77.63,46.04,Complete,0.0
3348,5,Kano Pillars,Kun Khalifat,Kun Khalifat,Kano Pillars,Abdullahi Nwankwo,LB,6,1,33,Foul,22.46,58.39,Complete,0.0
3349,5,Kano Pillars,Kun Khalifat,Kano Pillars,Kun Khalifat,Olamide Mohammed,CAM,26,1,39,Cross,86.92,44.73,Complete,0.0
3350,5,Kano Pillars,Kun Khalifat,Kun Khalifat,Kano Pillars,Suleiman Mohammed,RW,9,1,41,Successful Dribble,3.86,53.74,Complete,0.0
3351,5,Kano Pillars,Kun Khalifat,Kano Pillars,Kun Khalifat,Victor Adebayo,CAM,5,1,55,Interception,60.31,5.4,Complete,0.0
3352,5,Kano Pillars,Kun Khalifat,Kano Pillars,Kun Khalifat,Chidi Garba,RB,17,1,59,Progressive Pass,77.18,57.36,Complete,0.0
3353,5,Kano Pillars,Kun Khalifat,Kano Pillars,Kun Khalifat,Ifeanyi Ndukwe,CDM,13,2,2,Dangerous Pass,80.12,19.24,Complete,0.0
3354,5,Kano Pillars,Kun Khalifat,Kano Pillars,Kun Khalifat,Kelechi Afolabi,CDM,12,2,5,Turnover,25.14,38.91,Complete,0.0
3355,5,Kano Pillars,Kun Khalifat,Kano Pillars,Kun Khalifat,Kelechi Afolabi,CDM,12,2,10,Pass,52.08,80.0,Complete,0.0
3356,5,Kano Pillars,Kun Khalifat,Kano Pillars,Kun Khalifat,Chukwuemeka Ibrahim,LW,25,2,12,Foul,41.37,29.55,Complete,0.0
3357,5,Kano Pillars,Kun Khalifat,Kano Pillars,Kun Khalifat,Joseph Ekong,GK,6,2,15,Dangerous Pass,87.2,39.91,Complete,0.0
3358,5,Kano Pillars,Kun Khalifat,Kano Pillars,Kun Khalifat,Bayo Adebayo,GK,2,2,16,Dangerous Pass,110.75,35.49,Complete,0.0
3359,5,Kano Pillars,Kun Khalifat,Kun Khalifat,Kano Pillars,Abdullahi Nwankwo,LB,6,2,25,Corner,109.78,47.82,Complete,0.0
3360,5,Kano Pillars,Kun Khalifat,Kun Khalifat,Kano Pillars,Rasheed Nwankwo,CB,26,2,26,Tackle,69.37,37.67,Complete,0.0
3361,5,Kano Pillars,Kun Khalifat,Kano Pillars,Kun Khalifat,Chidi Garba,RB,17,2,28,Dangerous Pass,83.45,30.16,Complete,0.0
3362,5,Kano Pillars,Kun Khalifat,Kano Pillars,Kun Khalifat,Suleiman Ekong,CB,1,2,30,Successful Dribble,59.09,43.27,Complete,0.0
3363,5,Kano Pillars,Kun Khalifat,Kano Pillars,Kun Khalifat,Joseph Ndukwe,LB,16,2,53,Pass,50.08,74.8,Complete,0.0
3364,5,Kano Pillars,Kun Khalifat,Kano Pillars,Kun Khalifat,Ifeanyi Ndukwe,CDM,13,2,57,Successful Dribble,24.67,30.35,Complete,0.0
3365,5,Kano Pillars,Kun Khalifat,Kano Pillars,Kun Khalifat,Femi Sanni,LW,8,3,10,Cross,71.34,33.46,Complete,0.0
3366,5,Kano Pillars,Kun Khalifat,Kano Pillars,Kun Khalifat,Praise Ndukwe,RB,19,3,25,Interception,49.59,0.0,Complete,0.0
3367,5,Kano Pillars,Kun Khalifat,Kun Khalifat,Kano Pillars,Tunde Usman,LW,16,3,33,Cross,98.8,58.63,Complete,0.0
3368,5,Kano Pillars,Kun Khalifat,Kun Khalifat,Kano Pillars,Tunde Usman,LW,16,3,40,Progressive Pass,99.12,39.75,Complete,0.0
3369,5,Kano Pillars,Kun Khalifat,Kano Pillars,Kun Khalifat,Victor Adebayo,CAM,5,3,42,Pass,59.06,61.29,Complete,0.0
3370,5,Kano Pillars,Kun Khalifat,Kano Pillars,Kun Khalifat,Femi Sanni,LW,8,3,49,Pass,5.74,67.66,Complete,0.0
3371,5,Kano Pillars,Kun Khalifat,Kano Pillars,Kun Khalifat,Kelechi Afolabi,CDM,12,4,9,Pass,26.81,53.95,Complete,0.0
3372,5,Kano Pillars,Kun Khalifat,Kano Pillars,Kun Khalifat,Chidi Garba,RB,17,4,15,Shot,98.0,37.78,On Target,0.254
3373,5,Kano Pillars,Kun Khalifat,Kun Khalifat,Kano Pillars,Success Danjuma,CDM,25,4,29,Corner,102.08,54.76,Complete,0.0
3374,5,Kano Pillars,Kun Khalifat,Kano Pillars,Kun Khalifat,Bayo Adebayo,GK,2,4,30,Turnover,84.87,80.0,Complete,0.0
3375,5,Kano Pillars,Kun Khalifat,Kano Pillars,Kun Khalifat,Praise Ndukwe,RB,19,4,34,Pass,63.22,43.49,Incomplete,0.0
3376,5,Kano Pillars,Kun Khalifat,Kano Pillars,Kun Khalifat,Bayo Adebayo,GK,2,4,40,Shot,105.58,24.89,Off Target,0.268
3377,5,Kano Pillars,Kun Khalifat,Kun Khalifat,Kano Pillars,Abdullahi Nwankwo,LB,6,4,51,Cross,88.31,64.1,Complete,0.0
3378,5,Kano Pillars,Kun Khalifat,Kano Pillars,Kun Khalifat,Ifeanyi Ndukwe,CDM,13,4,51,Tackle,87.62,30.5,Complete,0.0
3379,5,Kano Pillars,Kun Khalifat,Kun Khalifat,Kano Pillars,Damilare Egwuekwe,RW,3,4,52,Turnover,15.68,43.59,Complete,0.0
3380,5,Kano Pillars,Kun Khalifat,Kano Pillars,Kun Khalifat,Joseph Ndukwe,LB,16,4,53,Pass,44.78,48.06,Complete,0.0
3381,5,Kano Pillars,Kun Khalifat,Kano Pillars,Kun Khalifat,Chidi Garba,RB,17,5,2,Offside,114.12,63.03,Complete,0.0
3382,5,Kano Pillars,Kun Khalifat,Kun Khalifat,Kano Pillars,Olamide Okonkwo,RW,29,5,10,Interception,85.95,11.78,Complete,0.0
3383,5,Kano Pillars,Kun Khalifat,Kano Pillars,Kun Khalifat,Suleiman Ekong,CB,1,5,19,Progressive Pass,76.18,35.65,Complete,0.0
3384,5,Kano Pillars,Kun Khalifat,Kun Khalifat,Kano Pillars,Success Danjuma,CDM,25,5,33,Shot on Target,98.81,53.87,On Target,0.219
3385,5,Kano Pillars,Kun Khalifat,Kano Pillars,Kun Khalifat,Joseph Ndukwe,LB,16,5,39,Cross,100.59,46.13,Incomplete,0.0
3386,5,Kano Pillars,Kun Khalifat,Kano Pillars,Kun Khalifat,Emmanuel Lawal,CDM,24,5,47,Big Chance,101.56,75.66,On Target,0.304
3387,5,Kano Pillars,Kun Khalifat,Kano Pillars,Kun Khalifat,Chidi Garba,RB,17,6,1,Big Chance,114.21,9.91,Off Target,0.41
3388,5,Kano Pillars,Kun Khalifat,Kano Pillars,Kun Khalifat,Suleiman Ekong,CB,1,6,17,Pass,48.58,45.87,Complete,0.0
3389,5,Kano Pillars,Kun Khalifat,Kano Pillars,Kun Khalifat,Ifeanyi Ndukwe,CDM,13,6,19,Pass,7.95,48.8,Complete,0.0
3390,5,Kano Pillars,Kun Khalifat,Kun Khalifat,Kano Pillars,Daniel Egwuekwe,CAM,7,6,26,Turnover,63.38,15.61,Complete,0.0
3391,5,Kano Pillars,Kun Khalifat,Kano Pillars,Kun Khalifat,Emmanuel Lawal,CDM,24,6,29,Pass,105.51,24.07,Complete,0.0
3392,5,Kano Pillars,Kun Khalifat,Kun Khalifat,Kano Pillars,Rasheed Nwankwo,CB,26,6,36,Pass,53.98,20.95,Complete,0.0
3393,5,Kano Pillars,Kun Khalifat,Kun Khalifat,Kano Pillars,Rasheed Mohammed,RW,1,6,36,Interception,83.56,49.46,Complete,0.0
3394,5,Kano Pillars,Kun Khalifat,Kun Khalifat,Kano Pillars,Femi Nwankwo,CM,21,6,40,Interception,28.08,51.86,Complete,0.0
3395,5,Kano Pillars,Kun Khalifat,Kun Khalifat,Kano Pillars,Chidi Bello,ST,23,6,43,Shot,98.96,33.92,Off Target,0.257
3396,5,Kano Pillars,Kun Khalifat,Kun Khalifat,Kano Pillars,Sani Adisa,LW,22,6,48,Shot on Target,94.37,21.42,Off Target,0.148
3397,5,Kano Pillars,Kun Khalifat,Kano Pillars,Kun Khalifat,Bayo Adebayo,GK,2,6,53,Corner,93.5,32.4,Complete,0.0
3398,5,Kano Pillars,Kun Khalifat,Kano Pillars,Kun Khalifat,Chibuzor Sanni,CB,23,6,58,Pass,6.06,48.32,Incomplete,0.0
3399,5,Kano Pillars,Kun Khalifat,Kano Pillars,Kun Khalifat,Chukwuemeka Ibrahim,LW,25,7,6,Foul,29.13,35.66,Complete,0.0
3400,5,Kano Pillars,Kun Khalifat,Kun Khalifat,Kano Pillars,Daniel Egwuekwe,CAM,7,7,10,Progressive Pass,85.41,18.43,Complete,0.0
3401,5,Kano Pillars,Kun Khalifat,Kano Pillars,Kun Khalifat,Ifeanyi Ndukwe,CDM,13,7,14,Pass,94.44,45.87,Complete,0.0
3402,5,Kano Pillars,Kun Khalifat,Kun Khalifat,Kano Pillars,Femi Nwankwo,CM,21,7,14,Progressive Pass,8.78,38.79,Incomplete,0.0
3403,5,Kano Pillars,Kun Khalifat,Kano Pillars,Kun Khalifat,Chidi Garba,RB,17,7,17,Turnover,54.41,54.68,Complete,0.0
3404,5,Kano Pillars,Kun Khalifat,Kano Pillars,Kun Khalifat,Olamide Mohammed,CAM,26,7,27,Turnover,49.63,16.51,Complete,0.0
3405,5,Kano Pillars,Kun Khalifat,Kun Khalifat,Kano Pillars,Femi Nwankwo,CM,21,7,29,Interception,49.66,35.47,Complete,0.0
3406,5,Kano Pillars,Kun Khalifat,Kano Pillars,Kun Khalifat,Joseph Ndukwe,LB,16,7,41,Pass,68.42,55.17,Complete,0.0
3407,5,Kano Pillars,Kun Khalifat,Kano Pillars,Kun Khalifat,Victor Adebayo,CAM,5,7,43,Pass,7.78,28.42,Complete,0.0
3408,5,Kano Pillars,Kun Khalifat,Kun Khalifat,Kano Pillars,Olamide Okonkwo,RW,29,7,52,Successful Dribble,11.63,51.38,Complete,0.0
3409,5,Kano Pillars,Kun Khalifat,Kano Pillars,Kun Khalifat,Chidi Garba,RB,17,7,56,Cross,89.94,37.76,Complete,0.0
3410,5,Kano Pillars,Kun Khalifat,Kano Pillars,Kun Khalifat,Ifeanyi Ndukwe,CDM,13,7,57,Turnover,84.55,37.07,Complete,0.0
3411,5,Kano Pillars,Kun Khalifat,Kano Pillars,Kun Khalifat,Chukwuemeka Ibrahim,LW,25,8,4,Pass,63.07,43.83,Complete,0.0
3412,5,Kano Pillars,Kun Khalifat,Kano Pillars,Kun Khalifat,Bayo Adebayo,GK,2,8,25,Pass,64.2,64.67,Complete,0.0
3413,5,Kano Pillars,Kun Khalifat,Kun Khalifat,Kano Pillars,Musa Usman,LB,20,8,27,Pass,42.75,27.32,Complete,0.0
3414,5,Kano Pillars,Kun Khalifat,Kun Khalifat,Kano Pillars,Rasheed Mohammed,RW,1,8,30,Dangerous Pass,110.42,42.2,Complete,0.0
3415,5,Kano Pillars,Kun Khalifat,Kano Pillars,Kun Khalifat,Femi Sanni,LW,8,8,33,Successful Dribble,86.73,21.72,Complete,0.0
3416,5,Kano Pillars,Kun Khalifat,Kano Pillars,Kun Khalifat,Chibuzor Sanni,CB,23,8,38,Interception,77.77,13.77,Complete,0.0
3417,5,Kano Pillars,Kun Khalifat,Kun Khalifat,Kano Pillars,Musa Usman,LB,20,8,55,Tackle,82.54,41.46,Complete,0.0
3418,5,Kano Pillars,Kun Khalifat,Kun Khalifat,Kano Pillars,Daniel Egwuekwe,CAM,7,8,59,Tackle,76.74,32.93,Complete,0.0
3419,5,Kano Pillars,Kun Khalifat,Kun Khalifat,Kano Pillars,Damilare Egwuekwe,RW,3,8,59,Dangerous Pass,105.81,44.2,Complete,0.0
3420,5,Kano Pillars,Kun Khalifat,Kun Khalifat,Kano Pillars,Rasheed Mohammed,RW,1,9,17,Foul,19.51,18.87,Complete,0.0
3421,5,Kano Pillars,Kun Khalifat,Kano Pillars,Kun Khalifat,Emmanuel Lawal,CDM,24,9,22,Shot on Target,97.55,41.03,Off Target,0.25
3422,5,Kano Pillars,Kun Khalifat,Kano Pillars,Kun Khalifat,Emmanuel Lawal,CDM,24,9,30,Pass,90.22,8.68,Complete,0.0
3423,5,Kano Pillars,Kun Khalifat,Kun Khalifat,Kano Pillars,Musa Usman,LB,20,9,32,Interception,42.51,18.41,Complete,0.0
3424,5,Kano Pillars,Kun Khalifat,Kun Khalifat,Kano Pillars,Suleiman Mohammed,RW,9,9,36,Successful Dribble,56.83,58.5,Complete,0.0
3425,5,Kano Pillars,Kun Khalifat,Kun Khalifat,Kano Pillars,Tunde Usman,LW,16,9,54,Corner,96.11,23.13,Complete,0.0
3426,5,Kano Pillars,Kun Khalifat,Kano Pillars,Kun Khalifat,Chibuzor Sanni,CB,23,9,55,Pass,40.05,13.08,Complete,0.0
3427,5,Kano Pillars,Kun Khalifat,Kun Khalifat,Kano Pillars,Success Danjuma,CDM,25,9,57,Progressive Pass,92.5,0.0,Complete,0.0
3428,5,Kano Pillars,Kun Khalifat,Kano Pillars,Kun Khalifat,Olamide Mohammed,CAM,26,10,5,Pass,97.85,0.0,Complete,0.0
3429,5,Kano Pillars,Kun Khalifat,Kano Pillars,Kun Khalifat,Ifeanyi Ndukwe,CDM,13,10,10,Foul,25.84,39.19,Complete,0.0
3430,5,Kano Pillars,Kun Khalifat,Kun Khalifat,Kano Pillars,Tunde Usman,LW,16,10,15,Interception,77.3,50.35,Complete,0.0
3431,5,Kano Pillars,Kun Khalifat,Kano Pillars,Kun Khalifat,Kelechi Afolabi,CDM,12,10,18,Successful Dribble,42.6,34.49,Complete,0.0
3432,5,Kano Pillars,Kun Khalifat,Kano Pillars,Kun Khalifat,Ifeanyi Ndukwe,CDM,13,10,20,Tackle,21.94,45.39,Complete,0.0
3433,5,Kano Pillars,Kun Khalifat,Kun Khalifat,Kano Pillars,Chidi Bello,ST,23,10,41,Dangerous Pass,75.84,38.4,Complete,0.0
3434,5,Kano Pillars,Kun Khalifat,Kano Pillars,Kun Khalifat,Bayo Adebayo,GK,2,10,42,Successful Dribble,43.27,36.31,Complete,0.0
3435,5,Kano Pillars,Kun Khalifat,Kun Khalifat,Kano Pillars,Musa Usman,LB,20,10,53,Big Chance,99.17,30.62,Off Target,0.496
3436,5,Kano Pillars,Kun Khalifat,Kano Pillars,Kun Khalifat,Olamide Mohammed,CAM,26,10,56,Pass,34.5,30.51,Complete,0.0
3437,5,Kano Pillars,Kun Khalifat,Kun Khalifat,Kano Pillars,Rasheed Mohammed,RW,1,10,59,Foul,56.04,39.76,Complete,0.0
3438,5,Kano Pillars,Kun Khalifat,Kun Khalifat,Kano Pillars,Musa Usman,LB,20,11,1,Progressive Pass,16.93,40.32,Complete,0.0
3439,5,Kano Pillars,Kun Khalifat,Kun Khalifat,Kano Pillars,Abubakar Yakubu,LB,24,11,1,Corner,95.28,55.91,Complete,0.0
3440,5,Kano Pillars,Kun Khalifat,Kun Khalifat,Kano Pillars,Damilare Egwuekwe,RW,3,11,8,Successful Dribble,26.64,21.92,Complete,0.0
3441,5,Kano Pillars,Kun Khalifat,Kun Khalifat,Kano Pillars,Suleiman Mohammed,RW,9,11,22,Turnover,84.15,46.82,Complete,0.0
3442,5,Kano Pillars,Kun Khalifat,Kano Pillars,Kun Khalifat,Joseph Ndukwe,LB,16,11,25,Turnover,13.13,11.51,Complete,0.0
3443,5,Kano Pillars,Kun Khalifat,Kano Pillars,Kun Khalifat,Femi Sanni,LW,8,11,32,Pass,14.91,62.48,Complete,0.0
3444,5,Kano Pillars,Kun Khalifat,Kun Khalifat,Kano Pillars,Tunde Usman,LW,16,11,33,Pass,86.25,13.78,Incomplete,0.0
3445,5,Kano Pillars,Kun Khalifat,Kun Khalifat,Kano Pillars,Abubakar Yakubu,LB,24,11,53,Pass,70.09,30.9,Incomplete,0.0
3446,5,Kano Pillars,Kun Khalifat,Kano Pillars,Kun Khalifat,Emmanuel Lawal,CDM,24,11,54,Shot,118.42,41.34,Off Target,0.477
3447,5,Kano Pillars,Kun Khalifat,Kano Pillars,Kun Khalifat,Bayo Adebayo,GK,2,12,5,Interception,67.87,41.51,Complete,0.0
3448,5,Kano Pillars,Kun Khalifat,Kun Khalifat,Kano Pillars,Rasheed Nwankwo,CB,26,12,10,Big Chance,91.74,54.67,On Target,0.396
3449,5,Kano Pillars,Kun Khalifat,Kano Pillars,Kun Khalifat,Joseph Ekong,GK,6,12,38,Pass,8.7,14.15,Complete,0.0
3450,5,Kano Pillars,Kun Khalifat,Kun Khalifat,Kano Pillars,Daniel Egwuekwe,CAM,7,12,39,Pass,32.88,37.17,Complete,0.0
3451,5,Kano Pillars,Kun Khalifat,Kun Khalifat,Kano Pillars,Success Danjuma,CDM,25,12,43,Dangerous Pass,89.58,39.18,Complete,0.0
3452,5,Kano Pillars,Kun Khalifat,Kano Pillars,Kun Khalifat,Joseph Ekong,GK,6,12,43,Progressive Pass,20.84,20.05,Incomplete,0.0
3453,5,Kano Pillars,Kun Khalifat,Kun Khalifat,Kano Pillars,Chukwuemeka Adeyemi,LB,10,12,46,Pass,76.76,38.79,Complete,0.0
3454,5,Kano Pillars,Kun Khalifat,Kun Khalifat,Kano Pillars,Abubakar Yakubu,LB,24,13,1,Interception,79.03,65.27,Complete,0.0
3455,5,Kano Pillars,Kun Khalifat,Kano Pillars,Kun Khalifat,Yusuf Nnamdi,LB,29,13,2,Cross,98.09,37.75,Complete,0.0
3456,5,Kano Pillars,Kun Khalifat,Kano Pillars,Kun Khalifat,Praise Ndukwe,RB,19,13,14,Foul,89.31,37.4,Complete,0.0
3457,5,Kano Pillars,Kun Khalifat,Kun Khalifat,Kano Pillars,Damilare Egwuekwe,RW,3,13,22,Turnover,68.05,42.39,Complete,0.0
3458,5,Kano Pillars,Kun Khalifat,Kun Khalifat,Kano Pillars,Chukwuemeka Adeyemi,LB,10,13,27,Pass,83.79,49.03,Complete,0.0
3459,5,Kano Pillars,Kun Khalifat,Kun Khalifat,Kano Pillars,Kunle Egwuekwe,ST,4,13,29,Progressive Pass,51.19,58.17,Complete,0.0
3460,5,Kano Pillars,Kun Khalifat,Kano Pillars,Kun Khalifat,Joseph Ekong,GK,6,13,46,Interception,70.92,44.39,Complete,0.0
3461,5,Kano Pillars,Kun Khalifat,Kun Khalifat,Kano Pillars,Tunde Usman,LW,16,13,49,Pass,15.63,28.87,Complete,0.0
3462,5,Kano Pillars,Kun Khalifat,Kun Khalifat,Kano Pillars,Chukwuemeka Adeyemi,LB,10,13,56,Progressive Pass,50.35,43.28,Complete,0.0
3463,5,Kano Pillars,Kun Khalifat,Kano Pillars,Kun Khalifat,Ifeanyi Ndukwe,CDM,13,14,3,Shot,99.07,34.9,Off Target,0.261
3464,5,Kano Pillars,Kun Khalifat,Kun Khalifat,Kano Pillars,Rasheed Nwankwo,CB,26,14,20,Progressive Pass,46.94,40.34,Complete,0.0
3465,5,Kano Pillars,Kun Khalifat,Kano Pillars,Kun Khalifat,Yusuf Nnamdi,LB,29,14,37,Pass,7.16,50.22,Complete,0.0
3466,5,Kano Pillars,Kun Khalifat,Kano Pillars,Kun Khalifat,Joseph Ekong,GK,6,14,39,Pass,93.08,22.55,Incomplete,0.0
3467,5,Kano Pillars,Kun Khalifat,Kun Khalifat,Kano Pillars,Tunde Usman,LW,16,14,41,Foul,85.53,45.98,Complete,0.0
3468,5,Kano Pillars,Kun Khalifat,Kun Khalifat,Kano Pillars,Femi Nwankwo,CM,21,14,57,Pass,61.35,40.06,Complete,0.0
3469,5,Kano Pillars,Kun Khalifat,Kano Pillars,Kun Khalifat,Victor Adebayo,CAM,5,15,1,Turnover,49.23,18.3,Complete,0.0
3470,5,Kano Pillars,Kun Khalifat,Kun Khalifat,Kano Pillars,Femi Nwankwo,CM,21,15,3,Tackle,38.29,34.8,Complete,0.0
3471,5,Kano Pillars,Kun Khalifat,Kano Pillars,Kun Khalifat,Aliyu Bello,ST,21,15,6,Foul,87.75,46.08,Complete,0.0
3472,5,Kano Pillars,Kun Khalifat,Kun Khalifat,Kano Pillars,Femi Nwankwo,CM,21,15,10,Progressive Pass,12.67,33.55,Complete,0.0
3473,5,Kano Pillars,Kun Khalifat,Kun Khalifat,Kano Pillars,Chidi Bello,ST,23,15,14,Progressive Pass,32.72,42.02,Complete,0.0
3474,5,Kano Pillars,Kun Khalifat,Kun Khalifat,Kano Pillars,Rasheed Nwankwo,CB,26,15,18,Pass,1.57,35.15,Complete,0.0
3475,5,Kano Pillars,Kun Khalifat,Kano Pillars,Kun Khalifat,Praise Ndukwe,RB,19,15,36,Pass,74.43,38.82,Complete,0.0
3476,5,Kano Pillars,Kun Khalifat,Kano Pillars,Kun Khalifat,Suleiman Ekong,CB,1,15,40,Foul,38.66,23.78,Complete,0.0
3477,5,Kano Pillars,Kun Khalifat,Kun Khalifat,Kano Pillars,Kunle Egwuekwe,ST,4,15,42,Interception,76.32,76.95,Complete,0.0
3478,5,Kano Pillars,Kun Khalifat,Kano Pillars,Kun Khalifat,Joseph Ekong,GK,6,15,43,Pass,71.51,50.02,Complete,0.0
3479,5,Kano Pillars,Kun Khalifat,Kun Khalifat,Kano Pillars,Abdullahi Nwankwo,LB,6,15,50,Pass,85.96,28.7,Incomplete,0.0
3480,5,Kano Pillars,Kun Khalifat,Kun Khalifat,Kano Pillars,Chukwuemeka Adeyemi,LB,10,15,56,Pass,60.1,14.92,Complete,0.0
3481,5,Kano Pillars,Kun Khalifat,Kun Khalifat,Kano Pillars,Success Danjuma,CDM,25,16,2,Pass,16.47,57.12,Complete,0.0
3482,5,Kano Pillars,Kun Khalifat,Kun Khalifat,Kano Pillars,Success Danjuma,CDM,25,16,4,Tackle,35.42,44.22,Complete,0.0
3483,5,Kano Pillars,Kun Khalifat,Kun Khalifat,Kano Pillars,Olamide Okonkwo,RW,29,16,7,Cross,94.09,42.82,Complete,0.0
3484,5,Kano Pillars,Kun Khalifat,Kun Khalifat,Kano Pillars,Rasheed Nwankwo,CB,26,16,9,Interception,49.05,54.8,Complete,0.0
3485,5,Kano Pillars,Kun Khalifat,Kano Pillars,Kun Khalifat,Suleiman Ekong,CB,1,16,11,Shot,102.04,24.09,Off Target,0.233
3486,5,Kano Pillars,Kun Khalifat,Kun Khalifat,Kano Pillars,Success Danjuma,CDM,25,16,16,Interception,21.06,52.42,Complete,0.0
3487,5,Kano Pillars,Kun Khalifat,Kun Khalifat,Kano Pillars,Musa Usman,LB,20,16,16,Pass,117.34,24.49,Complete,0.0
3488,5,Kano Pillars,Kun Khalifat,Kano Pillars,Kun Khalifat,Chidi Garba,RB,17,16,28,Turnover,40.51,80.0,Complete,0.0
3489,5,Kano Pillars,Kun Khalifat,Kano Pillars,Kun Khalifat,Praise Ndukwe,RB,19,16,30,Foul,30.0,36.24,Complete,0.0
3490,5,Kano Pillars,Kun Khalifat,Kun Khalifat,Kano Pillars,Kunle Egwuekwe,ST,4,16,31,Progressive Pass,2.17,39.57,Complete,0.0
3491,5,Kano Pillars,Kun Khalifat,Kun Khalifat,Kano Pillars,Damilare Egwuekwe,RW,3,16,32,Tackle,19.55,40.05,Complete,0.0
3492,5,Kano Pillars,Kun Khalifat,Kun Khalifat,Kano Pillars,Success Danjuma,CDM,25,16,45,Pass,6.9,37.78,Incomplete,0.0
3493,5,Kano Pillars,Kun Khalifat,Kun Khalifat,Kano Pillars,Tunde Usman,LW,16,16,50,Turnover,18.55,59.42,Complete,0.0
3494,5,Kano Pillars,Kun Khalifat,Kano Pillars,Kun Khalifat,Suleiman Ekong,CB,1,16,53,Turnover,40.13,8.69,Complete,0.0
3495,5,Kano Pillars,Kun Khalifat,Kano Pillars,Kun Khalifat,Emmanuel Lawal,CDM,24,16,55,Interception,53.26,21.11,Complete,0.0
3496,5,Kano Pillars,Kun Khalifat,Kano Pillars,Kun Khalifat,Joseph Ekong,GK,6,17,3,Shot,106.56,18.06,Off Target,0.214
3497,5,Kano Pillars,Kun Khalifat,Kun Khalifat,Kano Pillars,Rasheed Mohammed,RW,1,17,3,Pass,111.11,0.0,Complete,0.0
3498,5,Kano Pillars,Kun Khalifat,Kano Pillars,Kun Khalifat,Chidi Garba,RB,17,17,20,Successful Dribble,64.21,54.44,Complete,0.0
3499,5,Kano Pillars,Kun Khalifat,Kano Pillars,Kun Khalifat,Femi Sanni,LW,8,17,31,Tackle,10.46,38.25,Complete,0.0
3500,5,Kano Pillars,Kun Khalifat,Kano Pillars,Kun Khalifat,Femi Sanni,LW,8,17,37,Tackle,70.59,38.42,Complete,0.0
3501,5,Kano Pillars,Kun Khalifat,Kun Khalifat,Kano Pillars,Daniel Egwuekwe,CAM,7,17,53,Pass,87.52,80.0,Complete,0.0
3502,5,Kano Pillars,Kun Khalifat,Kun Khalifat,Kano Pillars,Sani Adisa,LW,22,18,10,Pass,34.13,21.81,Complete,0.0
3503,5,Kano Pillars,Kun Khalifat,Kano Pillars,Kun Khalifat,Yusuf Nnamdi,LB,29,18,16,Dangerous Pass,73.84,73.33,Complete,0.0
3504,5,Kano Pillars,Kun Khalifat,Kano Pillars,Kun Khalifat,Aliyu Bello,ST,21,18,26,Cross,79.49,18.56,Complete,0.0
3505,5,Kano Pillars,Kun Khalifat,Kano Pillars,Kun Khalifat,Olamide Mohammed,CAM,26,18,35,Big Chance,108.85,27.83,Off Target,0.567
3506,5,Kano Pillars,Kun Khalifat,Kun Khalifat,Kano Pillars,Sani Adisa,LW,22,18,53,Pass,103.49,6.61,Complete,0.0
3507,5,Kano Pillars,Kun Khalifat,Kano Pillars,Kun Khalifat,Suleiman Ekong,CB,1,18,53,Pass,8.99,36.96,Complete,0.0
3508,5,Kano Pillars,Kun Khalifat,Kano Pillars,Kun Khalifat,Joseph Ndukwe,LB,16,18,56,Pass,101.5,1.28,Complete,0.0
3509,5,Kano Pillars,Kun Khalifat,Kun Khalifat,Kano Pillars,Abdullahi Nwankwo,LB,6,19,6,Tackle,35.76,60.68,Complete,0.0
3510,5,Kano Pillars,Kun Khalifat,Kun Khalifat,Kano Pillars,Suleiman Mohammed,RW,9,19,20,Progressive Pass,101.54,36.06,Complete,0.0
3511,5,Kano Pillars,Kun Khalifat,Kun Khalifat,Kano Pillars,Sani Adisa,LW,22,19,31,Progressive Pass,17.03,54.82,Complete,0.0
3512,5,Kano Pillars,Kun Khalifat,Kun Khalifat,Kano Pillars,Tunde Usman,LW,16,19,33,Pass,84.26,46.04,Complete,0.0
3513,5,Kano Pillars,Kun Khalifat,Kun Khalifat,Kano Pillars,Chukwuemeka Adeyemi,LB,10,19,35,Interception,36.89,37.58,Complete,0.0
3514,5,Kano Pillars,Kun Khalifat,Kun Khalifat,Kano Pillars,Chidi Bello,ST,23,19,39,Progressive Pass,69.02,27.8,Complete,0.0
3515,5,Kano Pillars,Kun Khalifat,Kano Pillars,Kun Khalifat,Femi Sanni,LW,8,19,57,Dangerous Pass,103.52,32.07,Complete,0.0
3516,5,Kano Pillars,Kun Khalifat,Kun Khalifat,Kano Pillars,Suleiman Mohammed,RW,9,19,57,Shot on Target,106.54,55.69,Off Target,0.27
3517,5,Kano Pillars,Kun Khalifat,Kano Pillars,Kun Khalifat,Suleiman Ekong,CB,1,20,0,Shot,107.45,35.35,On Target,0.351
3518,5,Kano Pillars,Kun Khalifat,Kano Pillars,Kun Khalifat,Yusuf Nnamdi,LB,29,20,1,Tackle,12.67,75.08,Complete,0.0
3519,5,Kano Pillars,Kun Khalifat,Kano Pillars,Kun Khalifat,Femi Sanni,LW,8,20,1,Tackle,63.85,59.8,Complete,0.0
3520,5,Kano Pillars,Kun Khalifat,Kun Khalifat,Kano Pillars,Chukwuemeka Adeyemi,LB,10,20,14,Turnover,23.67,43.04,Complete,0.0
3521,5,Kano Pillars,Kun Khalifat,Kun Khalifat,Kano Pillars,Damilare Egwuekwe,RW,3,20,15,Successful Dribble,18.89,28.59,Complete,0.0
3522,5,Kano Pillars,Kun Khalifat,Kun Khalifat,Kano Pillars,Rasheed Nwankwo,CB,26,20,16,Tackle,21.54,43.62,Complete,0.0
3523,5,Kano Pillars,Kun Khalifat,Kano Pillars,Kun Khalifat,Joseph Ndukwe,LB,16,20,40,Foul,42.73,47.27,Complete,0.0
3524,5,Kano Pillars,Kun Khalifat,Kano Pillars,Kun Khalifat,Chidi Garba,RB,17,20,59,Successful Dribble,8.31,19.34,Complete,0.0
3525,5,Kano Pillars,Kun Khalifat,Kano Pillars,Kun Khalifat,Chukwuemeka Ibrahim,LW,25,21,9,Cross,84.47,30.92,Incomplete,0.0
3526,5,Kano Pillars,Kun Khalifat,Kano Pillars,Kun Khalifat,Kelechi Afolabi,CDM,12,21,18,Progressive Pass,48.21,66.66,Complete,0.0
3527,5,Kano Pillars,Kun Khalifat,Kun Khalifat,Kano Pillars,Success Danjuma,CDM,25,21,24,Yellow Card,100.08,35.63,Complete,0.0
3528,5,Kano Pillars,Kun Khalifat,Kano Pillars,Kun Khalifat,Suleiman Ekong,CB,1,21,25,Pass,39.49,55.1,Complete,0.0
3529,5,Kano Pillars,Kun Khalifat,Kun Khalifat,Kano Pillars,Daniel Egwuekwe,CAM,7,21,34,Pass,79.59,0.0,Complete,0.0
3530,5,Kano Pillars,Kun Khalifat,Kano Pillars,Kun Khalifat,Chukwuemeka Ibrahim,LW,25,21,38,Pass,1.87,28.05,Complete,0.0
3531,5,Kano Pillars,Kun Khalifat,Kano Pillars,Kun Khalifat,Aliyu Bello,ST,21,21,40,Tackle,31.28,41.7,Complete,0.0
3532,5,Kano Pillars,Kun Khalifat,Kun Khalifat,Kano Pillars,Success Danjuma,CDM,25,21,42,Tackle,32.02,53.88,Complete,0.0
3533,5,Kano Pillars,Kun Khalifat,Kano Pillars,Kun Khalifat,Chukwuemeka Ibrahim,LW,25,21,56,Interception,65.39,30.13,Complete,0.0
3534,5,Kano Pillars,Kun Khalifat,Kun Khalifat,Kano Pillars,Suleiman Mohammed,RW,9,21,58,Pass,3.82,59.56,Incomplete,0.0
3535,5,Kano Pillars,Kun Khalifat,Kun Khalifat,Kano Pillars,Suleiman Mohammed,RW,9,22,11,Successful Dribble,44.73,47.96,Complete,0.0
3536,5,Kano Pillars,Kun Khalifat,Kun Khalifat,Kano Pillars,Rasheed Nwankwo,CB,26,22,15,Pass,2.8,61.36,Complete,0.0
3537,5,Kano Pillars,Kun Khalifat,Kano Pillars,Kun Khalifat,Yusuf Nnamdi,LB,29,22,22,Cross,105.91,59.23,Complete,0.0
3538,5,Kano Pillars,Kun Khalifat,Kun Khalifat,Kano Pillars,Abdullahi Nwankwo,LB,6,22,29,Yellow Card,7.77,27.29,Complete,0.0
3539,5,Kano Pillars,Kun Khalifat,Kun Khalifat,Kano Pillars,Chukwuemeka Adeyemi,LB,10,22,33,Pass,41.79,34.25,Complete,0.0
3540,5,Kano Pillars,Kun Khalifat,Kun Khalifat,Kano Pillars,Daniel Egwuekwe,CAM,7,22,35,Pass,112.11,48.78,Complete,0.0
3541,5,Kano Pillars,Kun Khalifat,Kun Khalifat,Kano Pillars,Daniel Egwuekwe,CAM,7,22,36,Shot on Target,116.3,39.55,On Target,0.459
3542,5,Kano Pillars,Kun Khalifat,Kano Pillars,Kun Khalifat,Joseph Ndukwe,LB,16,22,43,Foul,70.7,55.35,Complete,0.0
3543,5,Kano Pillars,Kun Khalifat,Kano Pillars,Kun Khalifat,Yusuf Nnamdi,LB,29,22,44,Pass,91.68,26.42,Complete,0.0
3544,5,Kano Pillars,Kun Khalifat,Kun Khalifat,Kano Pillars,Suleiman Mohammed,RW,9,22,54,Successful Dribble,57.91,43.77,Complete,0.0
3545,5,Kano Pillars,Kun Khalifat,Kun Khalifat,Kano Pillars,Rasheed Nwankwo,CB,26,22,55,Pass,52.49,51.1,Complete,0.0
3546,5,Kano Pillars,Kun Khalifat,Kun Khalifat,Kano Pillars,Musa Usman,LB,20,23,12,Cross,81.34,25.92,Complete,0.0
3547,5,Kano Pillars,Kun Khalifat,Kano Pillars,Kun Khalifat,Ifeanyi Ndukwe,CDM,13,23,17,Corner,87.43,2.7,Complete,0.0
3548,5,Kano Pillars,Kun Khalifat,Kun Khalifat,Kano Pillars,Olamide Okonkwo,RW,29,23,23,Pass,3.57,7.22,Complete,0.0
3549,5,Kano Pillars,Kun Khalifat,Kun Khalifat,Kano Pillars,Success Danjuma,CDM,25,23,35,Offside,102.81,39.67,Complete,0.0
3550,5,Kano Pillars,Kun Khalifat,Kano Pillars,Kun Khalifat,Aliyu Bello,ST,21,23,42,Progressive Pass,9.58,10.71,Complete,0.0
3551,5,Kano Pillars,Kun Khalifat,Kano Pillars,Kun Khalifat,Ifeanyi Ndukwe,CDM,13,23,45,Turnover,42.91,21.42,Complete,0.0
3552,5,Kano Pillars,Kun Khalifat,Kun Khalifat,Kano Pillars,Chidi Bello,ST,23,24,1,Tackle,65.41,32.08,Complete,0.0
3553,5,Kano Pillars,Kun Khalifat,Kano Pillars,Kun Khalifat,Chibuzor Sanni,CB,23,24,18,Foul,69.35,68.84,Complete,0.0
3554,5,Kano Pillars,Kun Khalifat,Kun Khalifat,Kano Pillars,Kunle Egwuekwe,ST,4,24,30,Turnover,72.64,58.07,Complete,0.0
3555,5,Kano Pillars,Kun Khalifat,Kano Pillars,Kun Khalifat,Joseph Ekong,GK,6,24,35,Interception,28.48,39.77,Complete,0.0
3556,5,Kano Pillars,Kun Khalifat,Kano Pillars,Kun Khalifat,Ifeanyi Ndukwe,CDM,13,24,40,Offside,31.69,78.37,Complete,0.0
3557,5,Kano Pillars,Kun Khalifat,Kano Pillars,Kun Khalifat,Aliyu Bello,ST,21,24,51,Pass,72.65,37.44,Complete,0.0
3558,5,Kano Pillars,Kun Khalifat,Kun Khalifat,Kano Pillars,Kunle Egwuekwe,ST,4,24,52,Foul,22.66,57.28,Complete,0.0
3559,5,Kano Pillars,Kun Khalifat,Kun Khalifat,Kano Pillars,Abubakar Yakubu,LB,24,25,3,Pass,97.0,76.3,Complete,0.0
3560,5,Kano Pillars,Kun Khalifat,Kun Khalifat,Kano Pillars,Chidi Bello,ST,23,25,11,Corner,87.18,0.0,Complete,0.0
3561,5,Kano Pillars,Kun Khalifat,Kano Pillars,Kun Khalifat,Chidi Garba,RB,17,25,18,Shot,101.78,55.31,Off Target,0.236
3562,5,Kano Pillars,Kun Khalifat,Kano Pillars,Kun Khalifat,Bayo Adebayo,GK,2,25,21,Dangerous Pass,96.21,4.94,Complete,0.0
3563,5,Kano Pillars,Kun Khalifat,Kun Khalifat,Kano Pillars,Chidi Bello,ST,23,25,24,Cross,71.48,51.04,Incomplete,0.0
3564,5,Kano Pillars,Kun Khalifat,Kano Pillars,Kun Khalifat,Aliyu Bello,ST,21,25,41,Progressive Pass,41.06,34.69,Incomplete,0.0
3565,5,Kano Pillars,Kun Khalifat,Kun Khalifat,Kano Pillars,Femi Nwankwo,CM,21,25,47,Progressive Pass,2.78,62.61,Complete,0.0
3566,5,Kano Pillars,Kun Khalifat,Kano Pillars,Kun Khalifat,Aliyu Bello,ST,21,25,54,Interception,23.99,52.31,Complete,0.0
3567,5,Kano Pillars,Kun Khalifat,Kun Khalifat,Kano Pillars,Abdullahi Nwankwo,LB,6,25,54,Pass,71.95,48.78,Complete,0.0
3568,5,Kano Pillars,Kun Khalifat,Kano Pillars,Kun Khalifat,Chibuzor Sanni,CB,23,25,57,Dangerous Pass,99.35,69.71,Complete,0.0
3569,5,Kano Pillars,Kun Khalifat,Kano Pillars,Kun Khalifat,Olamide Mohammed,CAM,26,26,7,Dangerous Pass,102.25,39.11,Incomplete,0.0
3570,5,Kano Pillars,Kun Khalifat,Kun Khalifat,Kano Pillars,Chidi Bello,ST,23,26,13,Dangerous Pass,82.31,41.15,Complete,0.0
3571,5,Kano Pillars,Kun Khalifat,Kun Khalifat,Kano Pillars,Abdullahi Nwankwo,LB,6,26,14,Pass,77.38,66.2,Complete,0.0
3572,5,Kano Pillars,Kun Khalifat,Kano Pillars,Kun Khalifat,Praise Ndukwe,RB,19,26,16,Pass,34.63,0.0,Complete,0.0
3573,5,Kano Pillars,Kun Khalifat,Kun Khalifat,Kano Pillars,Success Danjuma,CDM,25,26,19,Progressive Pass,49.0,43.46,Complete,0.0
3574,5,Kano Pillars,Kun Khalifat,Kun Khalifat,Kano Pillars,Kunle Egwuekwe,ST,4,26,24,Pass,6.62,0.0,Incomplete,0.0
3575,5,Kano Pillars,Kun Khalifat,Kun Khalifat,Kano Pillars,Rasheed Nwankwo,CB,26,26,24,Progressive Pass,3.94,70.8,Incomplete,0.0
3576,5,Kano Pillars,Kun Khalifat,Kun Khalifat,Kano Pillars,Chukwuemeka Adeyemi,LB,10,26,31,Cross,115.76,65.31,Complete,0.0
3577,5,Kano Pillars,Kun Khalifat,Kun Khalifat,Kano Pillars,Musa Usman,LB,20,26,37,Pass,26.79,0.0,Complete,0.0
3578,5,Kano Pillars,Kun Khalifat,Kano Pillars,Kun Khalifat,Chibuzor Sanni,CB,23,26,40,Pass,73.2,29.56,Complete,0.0
3579,5,Kano Pillars,Kun Khalifat,Kano Pillars,Kun Khalifat,Praise Ndukwe,RB,19,26,40,Pass,96.27,68.83,Complete,0.0
3580,5,Kano Pillars,Kun Khalifat,Kun Khalifat,Kano Pillars,Olamide Okonkwo,RW,29,26,45,Interception,44.27,53.56,Complete,0.0
3581,5,Kano Pillars,Kun Khalifat,Kun Khalifat,Kano Pillars,Chidi Bello,ST,23,26,47,Turnover,29.71,64.05,Complete,0.0
3582,5,Kano Pillars,Kun Khalifat,Kun Khalifat,Kano Pillars,Rasheed Mohammed,RW,1,26,53,Red Card,100.81,35.65,Complete,0.0
3583,5,Kano Pillars,Kun Khalifat,Kun Khalifat,Kano Pillars,Rasheed Nwankwo,CB,26,27,1,Pass,41.2,35.85,Complete,0.0
3584,5,Kano Pillars,Kun Khalifat,Kun Khalifat,Kano Pillars,Musa Usman,LB,20,27,3,Yellow Card,41.4,38.64,Complete,0.0
3585,5,Kano Pillars,Kun Khalifat,Kun Khalifat,Kano Pillars,Success Danjuma,CDM,25,27,3,Foul,34.6,26.82,Complete,0.0
3586,5,Kano Pillars,Kun Khalifat,Kano Pillars,Kun Khalifat,Suleiman Ekong,CB,1,27,20,Progressive Pass,22.47,68.25,Complete,0.0
3587,5,Kano Pillars,Kun Khalifat,Kano Pillars,Kun Khalifat,Yusuf Nnamdi,LB,29,27,20,Turnover,11.93,60.06,Complete,0.0
3588,5,Kano Pillars,Kun Khalifat,Kano Pillars,Kun Khalifat,Chibuzor Sanni,CB,23,27,40,Pass,82.11,39.04,Incomplete,0.0
3589,5,Kano Pillars,Kun Khalifat,Kun Khalifat,Kano Pillars,Rasheed Mohammed,RW,1,27,41,Turnover,43.88,41.62,Complete,0.0
3590,5,Kano Pillars,Kun Khalifat,Kano Pillars,Kun Khalifat,Chukwuemeka Ibrahim,LW,25,27,50,Progressive Pass,76.56,54.3,Complete,0.0
3591,5,Kano Pillars,Kun Khalifat,Kun Khalifat,Kano Pillars,Damilare Egwuekwe,RW,3,27,56,Pass,31.16,13.94,Complete,0.0
3592,5,Kano Pillars,Kun Khalifat,Kun Khalifat,Kano Pillars,Daniel Egwuekwe,CAM,7,27,57,Shot,116.44,36.15,Off Target,0.442
3593,5,Kano Pillars,Kun Khalifat,Kano Pillars,Kun Khalifat,Olamide Mohammed,CAM,26,28,2,Tackle,50.5,33.51,Complete,0.0
3594,5,Kano Pillars,Kun Khalifat,Kano Pillars,Kun Khalifat,Ifeanyi Ndukwe,CDM,13,28,13,Shot,105.92,68.49,On Target,0.147
3595,5,Kano Pillars,Kun Khalifat,Kano Pillars,Kun Khalifat,Yusuf Nnamdi,LB,29,28,20,Pass,78.13,57.61,Complete,0.0
3596,5,Kano Pillars,Kun Khalifat,Kun Khalifat,Kano Pillars,Success Danjuma,CDM,25,28,31,Pass,26.29,14.92,Complete,0.0
3597,5,Kano Pillars,Kun Khalifat,Kano Pillars,Kun Khalifat,Chukwuemeka Ibrahim,LW,25,28,36,Turnover,37.99,80.0,Complete,0.0
3598,5,Kano Pillars,Kun Khalifat,Kano Pillars,Kun Khalifat,Yusuf Nnamdi,LB,29,28,38,Progressive Pass,52.92,41.09,Complete,0.0
3599,5,Kano Pillars,Kun Khalifat,Kun Khalifat,Kano Pillars,Chukwuemeka Adeyemi,LB,10,28,40,Yellow Card,119.95,54.35,Complete,0.0
3600,5,Kano Pillars,Kun Khalifat,Kano Pillars,Kun Khalifat,Ifeanyi Ndukwe,CDM,13,28,41,Foul,85.81,34.98,Complete,0.0
3601,5,Kano Pillars,Kun Khalifat,Kano Pillars,Kun Khalifat,Olamide Mohammed,CAM,26,28,52,Pass,2.4,39.69,Complete,0.0
3602,5,Kano Pillars,Kun Khalifat,Kano Pillars,Kun Khalifat,Victor Adebayo,CAM,5,28,57,Pass,99.49,36.86,Complete,0.0
3603,5,Kano Pillars,Kun Khalifat,Kano Pillars,Kun Khalifat,Chidi Garba,RB,17,29,1,Pass,18.7,48.26,Complete,0.0
3604,5,Kano Pillars,Kun Khalifat,Kano Pillars,Kun Khalifat,Joseph Ekong,GK,6,29,12,Pass,19.11,30.61,Complete,0.0
3605,5,Kano Pillars,Kun Khalifat,Kun Khalifat,Kano Pillars,Kunle Egwuekwe,ST,4,29,32,Pass,60.35,28.99,Complete,0.0
3606,5,Kano Pillars,Kun Khalifat,Kun Khalifat,Kano Pillars,Success Danjuma,CDM,25,29,43,Tackle,15.15,18.11,Complete,0.0
3607,5,Kano Pillars,Kun Khalifat,Kun Khalifat,Kano Pillars,Kunle Egwuekwe,ST,4,29,45,Pass,84.38,31.11,Incomplete,0.0
3608,5,Kano Pillars,Kun Khalifat,Kun Khalifat,Kano Pillars,Rasheed Nwankwo,CB,26,29,53,Pass,4.27,57.67,Complete,0.0
3609,5,Kano Pillars,Kun Khalifat,Kano Pillars,Kun Khalifat,Femi Sanni,LW,8,30,7,Interception,42.94,59.12,Complete,0.0
3610,5,Kano Pillars,Kun Khalifat,Kano Pillars,Kun Khalifat,Victor Adebayo,CAM,5,30,7,Big Chance,114.21,44.61,Off Target,0.668
3611,5,Kano Pillars,Kun Khalifat,Kun Khalifat,Kano Pillars,Abdullahi Nwankwo,LB,6,30,10,Foul,17.07,80.0,Complete,0.0
3612,5,Kano Pillars,Kun Khalifat,Kano Pillars,Kun Khalifat,Ifeanyi Ndukwe,CDM,13,30,18,Pass,100.51,40.48,Complete,0.0
3613,5,Kano Pillars,Kun Khalifat,Kun Khalifat,Kano Pillars,Chukwuemeka Adeyemi,LB,10,30,20,Turnover,23.95,53.62,Complete,0.0
3614,5,Kano Pillars,Kun Khalifat,Kano Pillars,Kun Khalifat,Ifeanyi Ndukwe,CDM,13,30,25,Successful Dribble,40.08,46.91,Complete,0.0
3615,5,Kano Pillars,Kun Khalifat,Kano Pillars,Kun Khalifat,Joseph Ndukwe,LB,16,30,30,Turnover,88.18,45.12,Complete,0.0
3616,5,Kano Pillars,Kun Khalifat,Kun Khalifat,Kano Pillars,Rasheed Mohammed,RW,1,30,34,Foul,65.73,32.33,Complete,0.0
3617,5,Kano Pillars,Kun Khalifat,Kun Khalifat,Kano Pillars,Sani Adisa,LW,22,30,48,Tackle,20.96,5.48,Complete,0.0
3618,5,Kano Pillars,Kun Khalifat,Kano Pillars,Kun Khalifat,Victor Adebayo,CAM,5,30,53,Successful Dribble,113.61,34.16,Complete,0.0
3619,5,Kano Pillars,Kun Khalifat,Kun Khalifat,Kano Pillars,Suleiman Mohammed,RW,9,31,2,Pass,29.04,57.72,Complete,0.0
3620,5,Kano Pillars,Kun Khalifat,Kano Pillars,Kun Khalifat,Femi Sanni,LW,8,31,4,Cross,95.97,22.34,Incomplete,0.0
3621,5,Kano Pillars,Kun Khalifat,Kano Pillars,Kun Khalifat,Chidi Garba,RB,17,31,6,Pass,38.03,17.78,Complete,0.0
3622,5,Kano Pillars,Kun Khalifat,Kano Pillars,Kun Khalifat,Suleiman Ekong,CB,1,31,19,Successful Dribble,16.98,32.94,Complete,0.0
3623,5,Kano Pillars,Kun Khalifat,Kun Khalifat,Kano Pillars,Daniel Egwuekwe,CAM,7,31,20,Pass,14.64,49.7,Incomplete,0.0
3624,5,Kano Pillars,Kun Khalifat,Kano Pillars,Kun Khalifat,Praise Ndukwe,RB,19,31,26,Tackle,28.42,50.84,Complete,0.0
3625,5,Kano Pillars,Kun Khalifat,Kano Pillars,Kun Khalifat,Ifeanyi Ndukwe,CDM,13,31,31,Dangerous Pass,102.8,35.62,Complete,0.0
3626,5,Kano Pillars,Kun Khalifat,Kano Pillars,Kun Khalifat,Victor Adebayo,CAM,5,31,36,Pass,101.76,49.39,Complete,0.0
3627,5,Kano Pillars,Kun Khalifat,Kun Khalifat,Kano Pillars,Olamide Okonkwo,RW,29,31,38,Pass,50.57,28.69,Complete,0.0
3628,5,Kano Pillars,Kun Khalifat,Kano Pillars,Kun Khalifat,Joseph Ndukwe,LB,16,31,39,Interception,50.87,67.26,Complete,0.0
3629,5,Kano Pillars,Kun Khalifat,Kun Khalifat,Kano Pillars,Sani Adisa,LW,22,31,39,Pass,55.06,41.94,Complete,0.0
3630,5,Kano Pillars,Kun Khalifat,Kano Pillars,Kun Khalifat,Joseph Ekong,GK,6,31,40,Pass,8.22,44.81,Complete,0.0
3631,5,Kano Pillars,Kun Khalifat,Kano Pillars,Kun Khalifat,Aliyu Bello,ST,21,31,41,Pass,76.43,30.65,Complete,0.0
3632,5,Kano Pillars,Kun Khalifat,Kun Khalifat,Kano Pillars,Chukwuemeka Adeyemi,LB,10,31,43,Pass,9.63,31.12,Complete,0.0
3633,5,Kano Pillars,Kun Khalifat,Kun Khalifat,Kano Pillars,Sani Adisa,LW,22,31,48,Pass,78.83,31.55,Complete,0.0
3634,5,Kano Pillars,Kun Khalifat,Kun Khalifat,Kano Pillars,Suleiman Mohammed,RW,9,31,58,Shot,113.81,49.62,Off Target,0.373
3635,5,Kano Pillars,Kun Khalifat,Kano Pillars,Kun Khalifat,Ifeanyi Ndukwe,CDM,13,32,13,Turnover,78.71,20.62,Complete,0.0
3636,5,Kano Pillars,Kun Khalifat,Kano Pillars,Kun Khalifat,Praise Ndukwe,RB,19,32,19,Tackle,89.66,33.0,Complete,0.0
3637,5,Kano Pillars,Kun Khalifat,Kano Pillars,Kun Khalifat,Aliyu Bello,ST,21,32,25,Foul,16.43,73.49,Complete,0.0
3638,5,Kano Pillars,Kun Khalifat,Kun Khalifat,Kano Pillars,Rasheed Nwankwo,CB,26,32,34,Pass,10.82,46.85,Complete,0.0
3639,5,Kano Pillars,Kun Khalifat,Kun Khalifat,Kano Pillars,Olamide Okonkwo,RW,29,32,36,Corner,103.94,43.46,Complete,0.0
3640,5,Kano Pillars,Kun Khalifat,Kun Khalifat,Kano Pillars,Musa Usman,LB,20,32,45,Cross,89.48,59.76,Complete,0.0
3641,5,Kano Pillars,Kun Khalifat,Kano Pillars,Kun Khalifat,Yusuf Nnamdi,LB,29,32,48,Pass,15.5,20.03,Complete,0.0
3642,5,Kano Pillars,Kun Khalifat,Kun Khalifat,Kano Pillars,Abubakar Yakubu,LB,24,32,54,Cross,79.41,68.16,Complete,0.0
3643,5,Kano Pillars,Kun Khalifat,Kun Khalifat,Kano Pillars,Abdullahi Nwankwo,LB,6,33,0,Pass,37.25,29.3,Complete,0.0
3644,5,Kano Pillars,Kun Khalifat,Kano Pillars,Kun Khalifat,Femi Sanni,LW,8,33,11,Pass,9.39,61.42,Incomplete,0.0
3645,5,Kano Pillars,Kun Khalifat,Kano Pillars,Kun Khalifat,Joseph Ndukwe,LB,16,33,17,Pass,64.04,40.74,Complete,0.0
3646,5,Kano Pillars,Kun Khalifat,Kano Pillars,Kun Khalifat,Ifeanyi Ndukwe,CDM,13,33,19,Pass,14.27,36.8,Complete,0.0
3647,5,Kano Pillars,Kun Khalifat,Kun Khalifat,Kano Pillars,Kunle Egwuekwe,ST,4,33,25,Dangerous Pass,88.82,0.0,Incomplete,0.0
3648,5,Kano Pillars,Kun Khalifat,Kano Pillars,Kun Khalifat,Chibuzor Sanni,CB,23,33,26,Tackle,48.25,45.16,Complete,0.0
3649,5,Kano Pillars,Kun Khalifat,Kun Khalifat,Kano Pillars,Musa Usman,LB,20,33,37,Turnover,72.17,32.39,Complete,0.0
3650,5,Kano Pillars,Kun Khalifat,Kun Khalifat,Kano Pillars,Abdullahi Nwankwo,LB,6,33,53,Pass,62.9,62.41,Complete,0.0
3651,5,Kano Pillars,Kun Khalifat,Kano Pillars,Kun Khalifat,Praise Ndukwe,RB,19,33,54,Dangerous Pass,103.9,51.98,Complete,0.0
3652,5,Kano Pillars,Kun Khalifat,Kano Pillars,Kun Khalifat,Joseph Ekong,GK,6,34,26,Foul,48.58,39.72,Complete,0.0
3653,5,Kano Pillars,Kun Khalifat,Kun Khalifat,Kano Pillars,Kunle Egwuekwe,ST,4,34,36,Foul,88.18,38.94,Complete,0.0
3654,5,Kano Pillars,Kun Khalifat,Kun Khalifat,Kano Pillars,Suleiman Mohammed,RW,9,34,38,Pass,1.15,31.09,Complete,0.0
3655,5,Kano Pillars,Kun Khalifat,Kun Khalifat,Kano Pillars,Success Danjuma,CDM,25,34,42,Turnover,84.71,46.92,Complete,0.0
3656,5,Kano Pillars,Kun Khalifat,Kun Khalifat,Kano Pillars,Rasheed Mohammed,RW,1,34,49,Successful Dribble,14.9,52.87,Complete,0.0
3657,5,Kano Pillars,Kun Khalifat,Kano Pillars,Kun Khalifat,Chukwuemeka Ibrahim,LW,25,34,51,Dangerous Pass,106.3,48.92,Complete,0.0
3658,5,Kano Pillars,Kun Khalifat,Kano Pillars,Kun Khalifat,Ifeanyi Ndukwe,CDM,13,35,9,Cross,105.89,11.34,Complete,0.0
3659,5,Kano Pillars,Kun Khalifat,Kun Khalifat,Kano Pillars,Success Danjuma,CDM,25,35,14,Tackle,83.39,47.45,Complete,0.0
3660,5,Kano Pillars,Kun Khalifat,Kun Khalifat,Kano Pillars,Rasheed Mohammed,RW,1,35,20,Cross,112.53,39.14,Incomplete,0.0
3661,5,Kano Pillars,Kun Khalifat,Kun Khalifat,Kano Pillars,Kunle Egwuekwe,ST,4,35,27,Successful Dribble,37.56,52.2,Complete,0.0
3662,5,Kano Pillars,Kun Khalifat,Kun Khalifat,Kano Pillars,Success Danjuma,CDM,25,35,30,Tackle,49.54,33.39,Complete,0.0
3663,5,Kano Pillars,Kun Khalifat,Kun Khalifat,Kano Pillars,Chidi Bello,ST,23,35,46,Tackle,47.84,34.37,Complete,0.0
3664,5,Kano Pillars,Kun Khalifat,Kun Khalifat,Kano Pillars,Rasheed Mohammed,RW,1,36,13,Turnover,18.28,24.91,Complete,0.0
3665,5,Kano Pillars,Kun Khalifat,Kun Khalifat,Kano Pillars,Kunle Egwuekwe,ST,4,36,30,Pass,86.58,32.6,Incomplete,0.0
3666,5,Kano Pillars,Kun Khalifat,Kano Pillars,Kun Khalifat,Suleiman Ekong,CB,1,36,35,Progressive Pass,40.17,48.15,Incomplete,0.0
3667,5,Kano Pillars,Kun Khalifat,Kun Khalifat,Kano Pillars,Abubakar Yakubu,LB,24,36,35,Pass,89.58,70.18,Complete,0.0
3668,5,Kano Pillars,Kun Khalifat,Kano Pillars,Kun Khalifat,Kelechi Afolabi,CDM,12,36,41,Pass,35.75,28.91,Complete,0.0
3669,5,Kano Pillars,Kun Khalifat,Kun Khalifat,Kano Pillars,Femi Nwankwo,CM,21,36,52,Shot on Target,96.4,44.98,Off Target,0.232
3670,5,Kano Pillars,Kun Khalifat,Kano Pillars,Kun Khalifat,Chibuzor Sanni,CB,23,36,53,Successful Dribble,115.33,44.12,Complete,0.0
3671,5,Kano Pillars,Kun Khalifat,Kun Khalifat,Kano Pillars,Musa Usman,LB,20,37,8,Cross,114.22,22.02,Incomplete,0.0
3672,5,Kano Pillars,Kun Khalifat,Kano Pillars,Kun Khalifat,Kelechi Afolabi,CDM,12,37,9,Tackle,48.39,40.94,Complete,0.0
3673,5,Kano Pillars,Kun Khalifat,Kano Pillars,Kun Khalifat,Kelechi Afolabi,CDM,12,37,13,Dangerous Pass,109.84,57.98,Complete,0.0
3674,5,Kano Pillars,Kun Khalifat,Kano Pillars,Kun Khalifat,Chidi Garba,RB,17,37,13,Pass,63.48,22.49,Incomplete,0.0
3675,5,Kano Pillars,Kun Khalifat,Kano Pillars,Kun Khalifat,Chidi Garba,RB,17,37,16,Pass,18.36,30.09,Incomplete,0.0
3676,5,Kano Pillars,Kun Khalifat,Kano Pillars,Kun Khalifat,Kelechi Afolabi,CDM,12,37,19,Pass,85.07,80.0,Complete,0.0
3677,5,Kano Pillars,Kun Khalifat,Kano Pillars,Kun Khalifat,Victor Adebayo,CAM,5,37,19,Corner,102.08,43.14,Complete,0.0
3678,5,Kano Pillars,Kun Khalifat,Kano Pillars,Kun Khalifat,Emmanuel Lawal,CDM,24,37,20,Shot on Target,110.98,39.01,Off Target,0.399
3679,5,Kano Pillars,Kun Khalifat,Kano Pillars,Kun Khalifat,Yusuf Nnamdi,LB,29,37,37,Shot,105.4,52.99,Off Target,0.283
3680,5,Kano Pillars,Kun Khalifat,Kano Pillars,Kun Khalifat,Joseph Ekong,GK,6,37,38,Tackle,69.4,56.16,Complete,0.0
3681,5,Kano Pillars,Kun Khalifat,Kano Pillars,Kun Khalifat,Joseph Ndukwe,LB,16,37,38,Progressive Pass,56.31,11.07,Complete,0.0
3682,5,Kano Pillars,Kun Khalifat,Kun Khalifat,Kano Pillars,Tunde Usman,LW,16,37,44,Cross,74.18,0.73,Incomplete,0.0
3683,5,Kano Pillars,Kun Khalifat,Kano Pillars,Kun Khalifat,Ifeanyi Ndukwe,CDM,13,37,46,Successful Dribble,22.75,4.8,Complete,0.0
3684,5,Kano Pillars,Kun Khalifat,Kun Khalifat,Kano Pillars,Daniel Egwuekwe,CAM,7,37,55,Interception,45.49,37.29,Complete,0.0
3685,5,Kano Pillars,Kun Khalifat,Kano Pillars,Kun Khalifat,Ifeanyi Ndukwe,CDM,13,37,59,Successful Dribble,29.96,61.47,Complete,0.0
3686,5,Kano Pillars,Kun Khalifat,Kano Pillars,Kun Khalifat,Suleiman Ekong,CB,1,38,2,Turnover,10.84,77.35,Complete,0.0
3687,5,Kano Pillars,Kun Khalifat,Kun Khalifat,Kano Pillars,Chidi Bello,ST,23,38,3,Progressive Pass,90.98,43.57,Complete,0.0
3688,5,Kano Pillars,Kun Khalifat,Kun Khalifat,Kano Pillars,Daniel Egwuekwe,CAM,7,38,34,Progressive Pass,32.6,76.54,Complete,0.0
3689,5,Kano Pillars,Kun Khalifat,Kun Khalifat,Kano Pillars,Rasheed Mohammed,RW,1,38,35,Tackle,80.42,54.36,Complete,0.0
3690,5,Kano Pillars,Kun Khalifat,Kano Pillars,Kun Khalifat,Joseph Ekong,GK,6,38,50,Pass,45.29,50.74,Incomplete,0.0
3691,5,Kano Pillars,Kun Khalifat,Kano Pillars,Kun Khalifat,Chukwuemeka Ibrahim,LW,25,38,50,Tackle,11.84,0.0,Complete,0.0
3692,5,Kano Pillars,Kun Khalifat,Kano Pillars,Kun Khalifat,Olamide Mohammed,CAM,26,38,50,Progressive Pass,22.6,42.48,Complete,0.0
3693,5,Kano Pillars,Kun Khalifat,Kun Khalifat,Kano Pillars,Abubakar Yakubu,LB,24,38,54,Pass,59.31,51.7,Complete,0.0
3694,5,Kano Pillars,Kun Khalifat,Kano Pillars,Kun Khalifat,Ifeanyi Ndukwe,CDM,13,38,56,Progressive Pass,99.88,41.38,Complete,0.0
3695,5,Kano Pillars,Kun Khalifat,Kun Khalifat,Kano Pillars,Suleiman Mohammed,RW,9,38,58,Pass,99.67,44.53,Complete,0.0
3696,5,Kano Pillars,Kun Khalifat,Kun Khalifat,Kano Pillars,Suleiman Mohammed,RW,9,39,11,Progressive Pass,37.64,25.15,Complete,0.0
3697,5,Kano Pillars,Kun Khalifat,Kun Khalifat,Kano Pillars,Suleiman Mohammed,RW,9,39,29,Yellow Card,3.22,18.96,Complete,0.0
3698,5,Kano Pillars,Kun Khalifat,Kano Pillars,Kun Khalifat,Emmanuel Lawal,CDM,24,39,36,Corner,82.57,51.16,Complete,0.0
3699,5,Kano Pillars,Kun Khalifat,Kun Khalifat,Kano Pillars,Olamide Okonkwo,RW,29,39,37,Pass,99.48,63.68,Complete,0.0
3700,5,Kano Pillars,Kun Khalifat,Kano Pillars,Kun Khalifat,Ifeanyi Ndukwe,CDM,13,39,40,Cross,88.38,47.87,Incomplete,0.0
3701,5,Kano Pillars,Kun Khalifat,Kano Pillars,Kun Khalifat,Yusuf Nnamdi,LB,29,39,44,Foul,53.39,19.06,Complete,0.0
3702,5,Kano Pillars,Kun Khalifat,Kun Khalifat,Kano Pillars,Rasheed Mohammed,RW,1,39,49,Progressive Pass,0.97,41.61,Incomplete,0.0
3703,5,Kano Pillars,Kun Khalifat,Kano Pillars,Kun Khalifat,Emmanuel Lawal,CDM,24,39,58,Turnover,11.41,23.82,Complete,0.0
3704,5,Kano Pillars,Kun Khalifat,Kun Khalifat,Kano Pillars,Musa Usman,LB,20,40,3,Pass,111.55,54.78,Complete,0.0
3705,5,Kano Pillars,Kun Khalifat,Kano Pillars,Kun Khalifat,Olamide Mohammed,CAM,26,40,6,Progressive Pass,30.69,40.91,Complete,0.0
3706,5,Kano Pillars,Kun Khalifat,Kun Khalifat,Kano Pillars,Success Danjuma,CDM,25,40,6,Dangerous Pass,77.45,19.63,Complete,0.0
3707,5,Kano Pillars,Kun Khalifat,Kano Pillars,Kun Khalifat,Femi Sanni,LW,8,40,14,Pass,100.17,80.0,Complete,0.0
3708,5,Kano Pillars,Kun Khalifat,Kun Khalifat,Kano Pillars,Chukwuemeka Adeyemi,LB,10,40,18,Corner,81.01,80.0,Complete,0.0
3709,5,Kano Pillars,Kun Khalifat,Kun Khalifat,Kano Pillars,Tunde Usman,LW,16,40,18,Interception,15.03,32.13,Complete,0.0
3710,5,Kano Pillars,Kun Khalifat,Kano Pillars,Kun Khalifat,Joseph Ndukwe,LB,16,40,26,Tackle,72.07,28.99,Complete,0.0
3711,5,Kano Pillars,Kun Khalifat,Kun Khalifat,Kano Pillars,Chidi Bello,ST,23,40,29,Interception,10.82,63.78,Complete,0.0
3712,5,Kano Pillars,Kun Khalifat,Kun Khalifat,Kano Pillars,Sani Adisa,LW,22,40,39,Cross,114.03,54.87,Complete,0.0
3713,5,Kano Pillars,Kun Khalifat,Kano Pillars,Kun Khalifat,Bayo Adebayo,GK,2,40,46,Offside,95.23,36.58,Complete,0.0
3714,5,Kano Pillars,Kun Khalifat,Kano Pillars,Kun Khalifat,Chibuzor Sanni,CB,23,40,59,Dangerous Pass,100.71,17.54,Incomplete,0.0
3715,5,Kano Pillars,Kun Khalifat,Kun Khalifat,Kano Pillars,Success Danjuma,CDM,25,41,10,Pass,40.54,37.47,Complete,0.0
3716,5,Kano Pillars,Kun Khalifat,Kano Pillars,Kun Khalifat,Chukwuemeka Ibrahim,LW,25,41,11,Progressive Pass,6.15,61.96,Complete,0.0
3717,5,Kano Pillars,Kun Khalifat,Kun Khalifat,Kano Pillars,Abubakar Yakubu,LB,24,41,13,Pass,97.12,35.34,Incomplete,0.0
3718,5,Kano Pillars,Kun Khalifat,Kun Khalifat,Kano Pillars,Daniel Egwuekwe,CAM,7,41,20,Pass,62.57,68.51,Complete,0.0
3719,5,Kano Pillars,Kun Khalifat,Kun Khalifat,Kano Pillars,Damilare Egwuekwe,RW,3,41,46,Interception,24.27,71.58,Complete,0.0
3720,5,Kano Pillars,Kun Khalifat,Kano Pillars,Kun Khalifat,Joseph Ndukwe,LB,16,42,0,Corner,92.84,59.1,Complete,0.0
3721,5,Kano Pillars,Kun Khalifat,Kun Khalifat,Kano Pillars,Kunle Egwuekwe,ST,4,42,13,Dangerous Pass,77.47,20.13,Complete,0.0
3722,5,Kano Pillars,Kun Khalifat,Kano Pillars,Kun Khalifat,Joseph Ndukwe,LB,16,42,17,Cross,98.33,24.83,Complete,0.0
3723,5,Kano Pillars,Kun Khalifat,Kun Khalifat,Kano Pillars,Kunle Egwuekwe,ST,4,42,24,Pass,21.53,24.82,Complete,0.0
3724,5,Kano Pillars,Kun Khalifat,Kun Khalifat,Kano Pillars,Tunde Usman,LW,16,42,29,Dangerous Pass,116.54,43.33,Complete,0.0
3725,5,Kano Pillars,Kun Khalifat,Kun Khalifat,Kano Pillars,Rasheed Nwankwo,CB,26,42,33,Interception,52.19,43.62,Complete,0.0
3726,5,Kano Pillars,Kun Khalifat,Kano Pillars,Kun Khalifat,Yusuf Nnamdi,LB,29,42,35,Corner,111.13,19.66,Complete,0.0
3727,5,Kano Pillars,Kun Khalifat,Kano Pillars,Kun Khalifat,Chukwuemeka Ibrahim,LW,25,42,38,Shot,94.26,61.42,Off Target,0.128
3728,5,Kano Pillars,Kun Khalifat,Kun Khalifat,Kano Pillars,Femi Nwankwo,CM,21,42,39,Dangerous Pass,94.34,69.52,Complete,0.0
3729,5,Kano Pillars,Kun Khalifat,Kano Pillars,Kun Khalifat,Chibuzor Sanni,CB,23,42,47,Tackle,82.14,62.02,Complete,0.0
3730,5,Kano Pillars,Kun Khalifat,Kun Khalifat,Kano Pillars,Femi Nwankwo,CM,21,43,12,Tackle,87.74,7.51,Complete,0.0
3731,5,Kano Pillars,Kun Khalifat,Kun Khalifat,Kano Pillars,Damilare Egwuekwe,RW,3,43,14,Foul,22.35,43.9,Complete,0.0
3732,5,Kano Pillars,Kun Khalifat,Kun Khalifat,Kano Pillars,Chukwuemeka Adeyemi,LB,10,43,20,Corner,108.57,48.2,Complete,0.0
3733,5,Kano Pillars,Kun Khalifat,Kun Khalifat,Kano Pillars,Suleiman Mohammed,RW,9,43,37,Shot,111.43,19.94,Off Target,0.258
3734,5,Kano Pillars,Kun Khalifat,Kano Pillars,Kun Khalifat,Victor Adebayo,CAM,5,43,38,Shot,94.98,77.75,Off Target,0.02
3735,5,Kano Pillars,Kun Khalifat,Kun Khalifat,Kano Pillars,Abubakar Yakubu,LB,24,43,41,Progressive Pass,28.35,51.14,Complete,0.0
3736,5,Kano Pillars,Kun Khalifat,Kun Khalifat,Kano Pillars,Daniel Egwuekwe,CAM,7,43,41,Pass,20.65,41.13,Complete,0.0
3737,5,Kano Pillars,Kun Khalifat,Kun Khalifat,Kano Pillars,Chidi Bello,ST,23,44,1,Cross,86.79,43.95,Complete,0.0
3738,5,Kano Pillars,Kun Khalifat,Kun Khalifat,Kano Pillars,Abubakar Yakubu,LB,24,44,5,Interception,87.18,14.77,Complete,0.0
3739,5,Kano Pillars,Kun Khalifat,Kano Pillars,Kun Khalifat,Femi Sanni,LW,8,44,23,Pass,64.35,67.44,Complete,0.0
3740,5,Kano Pillars,Kun Khalifat,Kun Khalifat,Kano Pillars,Musa Usman,LB,20,44,25,Cross,70.11,41.23,Complete,0.0
3741,5,Kano Pillars,Kun Khalifat,Kano Pillars,Kun Khalifat,Chidi Garba,RB,17,44,26,Pass,38.62,37.81,Complete,0.0
3742,5,Kano Pillars,Kun Khalifat,Kano Pillars,Kun Khalifat,Kelechi Afolabi,CDM,12,44,26,Progressive Pass,119.14,50.51,Complete,0.0
3743,5,Kano Pillars,Kun Khalifat,Kano Pillars,Kun Khalifat,Chibuzor Sanni,CB,23,44,41,Corner,111.53,15.66,Complete,0.0
3744,5,Kano Pillars,Kun Khalifat,Kun Khalifat,Kano Pillars,Chidi Bello,ST,23,44,54,Cross,102.71,80.0,Complete,0.0
3745,5,Kano Pillars,Kun Khalifat,Kun Khalifat,Kano Pillars,Femi Nwankwo,CM,21,44,56,Progressive Pass,12.99,57.8,Incomplete,0.0
3746,5,Kano Pillars,Kun Khalifat,Kano Pillars,Kun Khalifat,Olamide Mohammed,CAM,26,44,56,Cross,76.49,0.0,Complete,0.0
3747,5,Kano Pillars,Kun Khalifat,Kano Pillars,Kun Khalifat,Bayo Adebayo,GK,2,45,14,Pass,19.2,51.61,Complete,0.0
3748,5,Kano Pillars,Kun Khalifat,Kano Pillars,Kun Khalifat,Emmanuel Lawal,CDM,24,45,22,Pass,48.72,50.11,Incomplete,0.0
3749,5,Kano Pillars,Kun Khalifat,Kano Pillars,Kun Khalifat,Olamide Mohammed,CAM,26,45,22,Dangerous Pass,71.64,51.38,Incomplete,0.0
3750,5,Kano Pillars,Kun Khalifat,Kun Khalifat,Kano Pillars,Rasheed Nwankwo,CB,26,45,23,Foul,37.78,35.86,Complete,0.0
3751,5,Kano Pillars,Kun Khalifat,Kano Pillars,Kun Khalifat,Chibuzor Sanni,CB,23,45,25,Corner,75.86,21.0,Complete,0.0
3752,5,Kano Pillars,Kun Khalifat,Kun Khalifat,Kano Pillars,Rasheed Mohammed,RW,1,45,25,Dangerous Pass,104.0,0.0,Complete,0.0
3753,5,Kano Pillars,Kun Khalifat,Kano Pillars,Kun Khalifat,Praise Ndukwe,RB,19,45,33,Pass,85.78,72.8,Complete,0.0
3754,5,Kano Pillars,Kun Khalifat,Kun Khalifat,Kano Pillars,Olamide Okonkwo,RW,29,45,38,Progressive Pass,62.81,41.89,Complete,0.0
3755,5,Kano Pillars,Kun Khalifat,Kano Pillars,Kun Khalifat,Yusuf Nnamdi,LB,29,45,53,Corner,86.01,54.47,Complete,0.0
3756,5,Kano Pillars,Kun Khalifat,Kun Khalifat,Kano Pillars,Tunde Usman,LW,16,46,8,Pass,10.02,65.94,Complete,0.0
3757,5,Kano Pillars,Kun Khalifat,Kano Pillars,Kun Khalifat,Aliyu Bello,ST,21,46,11,Tackle,18.98,53.49,Complete,0.0
3758,5,Kano Pillars,Kun Khalifat,Kano Pillars,Kun Khalifat,Chidi Garba,RB,17,46,22,Pass,94.5,47.09,Complete,0.0
3759,5,Kano Pillars,Kun Khalifat,Kun Khalifat,Kano Pillars,Daniel Egwuekwe,CAM,7,46,29,Progressive Pass,18.65,80.0,Incomplete,0.0
3760,5,Kano Pillars,Kun Khalifat,Kun Khalifat,Kano Pillars,Olamide Okonkwo,RW,29,46,45,Turnover,71.32,34.26,Complete,0.0
3761,5,Kano Pillars,Kun Khalifat,Kano Pillars,Kun Khalifat,Aliyu Bello,ST,21,46,48,Shot on Target,111.39,46.3,Off Target,0.381
3762,5,Kano Pillars,Kun Khalifat,Kano Pillars,Kun Khalifat,Suleiman Ekong,CB,1,46,49,Pass,84.28,10.55,Incomplete,0.0
3763,5,Kano Pillars,Kun Khalifat,Kun Khalifat,Kano Pillars,Success Danjuma,CDM,25,47,3,Yellow Card,52.57,3.26,Complete,0.0
3764,5,Kano Pillars,Kun Khalifat,Kano Pillars,Kun Khalifat,Yusuf Nnamdi,LB,29,47,7,Progressive Pass,72.44,0.0,Complete,0.0
3765,5,Kano Pillars,Kun Khalifat,Kano Pillars,Kun Khalifat,Praise Ndukwe,RB,19,47,7,Shot on Target,99.95,23.77,Off Target,0.213
3766,5,Kano Pillars,Kun Khalifat,Kun Khalifat,Kano Pillars,Femi Nwankwo,CM,21,47,9,Dangerous Pass,105.5,38.05,Complete,0.0
3767,5,Kano Pillars,Kun Khalifat,Kano Pillars,Kun Khalifat,Praise Ndukwe,RB,19,47,19,Cross,104.39,65.59,Complete,0.0
3768,5,Kano Pillars,Kun Khalifat,Kano Pillars,Kun Khalifat,Chukwuemeka Ibrahim,LW,25,47,21,Cross,106.72,38.76,Incomplete,0.0
3769,5,Kano Pillars,Kun Khalifat,Kun Khalifat,Kano Pillars,Abubakar Yakubu,LB,24,47,37,Pass,42.17,31.2,Complete,0.0
3770,5,Kano Pillars,Kun Khalifat,Kano Pillars,Kun Khalifat,Ifeanyi Ndukwe,CDM,13,47,43,Foul,60.37,37.72,Complete,0.0
3771,5,Kano Pillars,Kun Khalifat,Kano Pillars,Kun Khalifat,Aliyu Bello,ST,21,47,49,Corner,115.53,63.38,Complete,0.0
3772,5,Kano Pillars,Kun Khalifat,Kano Pillars,Kun Khalifat,Chidi Garba,RB,17,47,57,Pass,25.42,32.89,Incomplete,0.0
3773,5,Kano Pillars,Kun Khalifat,Kano Pillars,Kun Khalifat,Emmanuel Lawal,CDM,24,48,3,Dangerous Pass,109.14,43.24,Complete,0.0
3774,5,Kano Pillars,Kun Khalifat,Kun Khalifat,Kano Pillars,Damilare Egwuekwe,RW,3,48,4,Foul,48.65,63.94,Complete,0.0
3775,5,Kano Pillars,Kun Khalifat,Kun Khalifat,Kano Pillars,Abdullahi Nwankwo,LB,6,48,5,Turnover,85.1,61.42,Complete,0.0
3776,5,Kano Pillars,Kun Khalifat,Kano Pillars,Kun Khalifat,Joseph Ndukwe,LB,16,48,5,Successful Dribble,70.44,0.0,Complete,0.0
3777,5,Kano Pillars,Kun Khalifat,Kano Pillars,Kun Khalifat,Emmanuel Lawal,CDM,24,48,10,Pass,19.33,57.37,Complete,0.0
3778,5,Kano Pillars,Kun Khalifat,Kun Khalifat,Kano Pillars,Damilare Egwuekwe,RW,3,48,16,Foul,68.41,37.56,Complete,0.0
3779,5,Kano Pillars,Kun Khalifat,Kano Pillars,Kun Khalifat,Femi Sanni,LW,8,48,39,Tackle,82.65,76.67,Complete,0.0
3780,5,Kano Pillars,Kun Khalifat,Kano Pillars,Kun Khalifat,Emmanuel Lawal,CDM,24,48,42,Foul,31.12,59.54,Complete,0.0
3781,5,Kano Pillars,Kun Khalifat,Kun Khalifat,Kano Pillars,Success Danjuma,CDM,25,48,42,Pass,28.9,50.16,Complete,0.0
3782,5,Kano Pillars,Kun Khalifat,Kano Pillars,Kun Khalifat,Victor Adebayo,CAM,5,48,48,Pass,3.98,56.5,Complete,0.0
3783,5,Kano Pillars,Kun Khalifat,Kano Pillars,Kun Khalifat,Victor Adebayo,CAM,5,48,49,Pass,76.75,21.11,Complete,0.0
3784,5,Kano Pillars,Kun Khalifat,Kun Khalifat,Kano Pillars,Tunde Usman,LW,16,48,51,Successful Dribble,75.79,53.28,Complete,0.0
3785,5,Kano Pillars,Kun Khalifat,Kano Pillars,Kun Khalifat,Aliyu Bello,ST,21,49,8,Interception,55.18,0.0,Complete,0.0
3786,5,Kano Pillars,Kun Khalifat,Kano Pillars,Kun Khalifat,Emmanuel Lawal,CDM,24,49,9,Pass,46.14,47.41,Complete,0.0
3787,5,Kano Pillars,Kun Khalifat,Kun Khalifat,Kano Pillars,Rasheed Mohammed,RW,1,49,13,Tackle,12.56,36.35,Complete,0.0
3788,5,Kano Pillars,Kun Khalifat,Kun Khalifat,Kano Pillars,Sani Adisa,LW,22,49,14,Cross,94.67,28.18,Complete,0.0
3789,5,Kano Pillars,Kun Khalifat,Kun Khalifat,Kano Pillars,Sani Adisa,LW,22,49,14,Offside,4.59,50.09,Complete,0.0
3790,5,Kano Pillars,Kun Khalifat,Kano Pillars,Kun Khalifat,Chidi Garba,RB,17,49,14,Tackle,20.61,49.38,Complete,0.0
3791,5,Kano Pillars,Kun Khalifat,Kano Pillars,Kun Khalifat,Kelechi Afolabi,CDM,12,49,16,Shot,92.65,32.91,On Target,0.186
3792,5,Kano Pillars,Kun Khalifat,Kun Khalifat,Kano Pillars,Musa Usman,LB,20,49,31,Pass,41.86,23.19,Incomplete,0.0
3793,5,Kano Pillars,Kun Khalifat,Kano Pillars,Kun Khalifat,Chibuzor Sanni,CB,23,49,32,Cross,101.71,15.84,Complete,0.0
3794,5,Kano Pillars,Kun Khalifat,Kano Pillars,Kun Khalifat,Aliyu Bello,ST,21,49,40,Pass,26.3,24.96,Complete,0.0
3795,5,Kano Pillars,Kun Khalifat,Kun Khalifat,Kano Pillars,Rasheed Mohammed,RW,1,49,53,Shot,92.72,24.18,Off Target,0.15
3796,5,Kano Pillars,Kun Khalifat,Kano Pillars,Kun Khalifat,Joseph Ndukwe,LB,16,49,58,Tackle,10.25,56.1,Complete,0.0
3797,5,Kano Pillars,Kun Khalifat,Kun Khalifat,Kano Pillars,Kunle Egwuekwe,ST,4,50,8,Pass,64.88,35.0,Complete,0.0
3798,5,Kano Pillars,Kun Khalifat,Kano Pillars,Kun Khalifat,Bayo Adebayo,GK,2,50,20,Pass,0.87,53.42,Complete,0.0
3799,5,Kano Pillars,Kun Khalifat,Kano Pillars,Kun Khalifat,Aliyu Bello,ST,21,50,26,Shot,96.46,56.54,Off Target,0.18
3800,5,Kano Pillars,Kun Khalifat,Kun Khalifat,Kano Pillars,Abubakar Yakubu,LB,24,50,27,Foul,84.93,79.26,Complete,0.0
3801,5,Kano Pillars,Kun Khalifat,Kun Khalifat,Kano Pillars,Musa Usman,LB,20,50,28,Pass,90.46,31.51,Complete,0.0
3802,5,Kano Pillars,Kun Khalifat,Kano Pillars,Kun Khalifat,Praise Ndukwe,RB,19,50,31,Pass,115.07,80.0,Complete,0.0
3803,5,Kano Pillars,Kun Khalifat,Kun Khalifat,Kano Pillars,Abdullahi Nwankwo,LB,6,50,41,Goal,115.02,34.51,Goal,0.518
3804,5,Kano Pillars,Kun Khalifat,Kano Pillars,Kun Khalifat,Yusuf Nnamdi,LB,29,50,44,Pass,11.95,33.25,Complete,0.0
3805,5,Kano Pillars,Kun Khalifat,Kun Khalifat,Kano Pillars,Abubakar Yakubu,LB,24,50,46,Turnover,53.15,33.12,Complete,0.0
3806,5,Kano Pillars,Kun Khalifat,Kun Khalifat,Kano Pillars,Abdullahi Nwankwo,LB,6,50,57,Successful Dribble,33.47,53.95,Complete,0.0
3807,5,Kano Pillars,Kun Khalifat,Kun Khalifat,Kano Pillars,Chukwuemeka Adeyemi,LB,10,51,0,Dangerous Pass,106.79,46.18,Complete,0.0
3808,5,Kano Pillars,Kun Khalifat,Kun Khalifat,Kano Pillars,Tunde Usman,LW,16,51,2,Progressive Pass,118.39,63.47,Complete,0.0
3809,5,Kano Pillars,Kun Khalifat,Kun Khalifat,Kano Pillars,Damilare Egwuekwe,RW,3,51,9,Foul,74.97,53.81,Complete,0.0
3810,5,Kano Pillars,Kun Khalifat,Kun Khalifat,Kano Pillars,Rasheed Nwankwo,CB,26,51,21,Dangerous Pass,113.96,32.3,Complete,0.0
3811,5,Kano Pillars,Kun Khalifat,Kano Pillars,Kun Khalifat,Emmanuel Lawal,CDM,24,51,41,Foul,85.09,52.1,Complete,0.0
3812,5,Kano Pillars,Kun Khalifat,Kano Pillars,Kun Khalifat,Olamide Mohammed,CAM,26,51,45,Interception,30.76,19.93,Complete,0.0
3813,5,Kano Pillars,Kun Khalifat,Kun Khalifat,Kano Pillars,Musa Usman,LB,20,51,50,Offside,83.93,27.04,Complete,0.0
3814,5,Kano Pillars,Kun Khalifat,Kun Khalifat,Kano Pillars,Abdullahi Nwankwo,LB,6,51,58,Cross,79.35,53.84,Incomplete,0.0
3815,5,Kano Pillars,Kun Khalifat,Kano Pillars,Kun Khalifat,Chukwuemeka Ibrahim,LW,25,52,13,Shot on Target,101.32,29.15,On Target,0.26
3816,5,Kano Pillars,Kun Khalifat,Kano Pillars,Kun Khalifat,Emmanuel Lawal,CDM,24,52,15,Pass,45.27,55.96,Complete,0.0
3817,5,Kano Pillars,Kun Khalifat,Kano Pillars,Kun Khalifat,Olamide Mohammed,CAM,26,52,27,Pass,22.08,40.14,Complete,0.0
3818,5,Kano Pillars,Kun Khalifat,Kun Khalifat,Kano Pillars,Sani Adisa,LW,22,52,31,Cross,95.62,27.16,Complete,0.0
3819,5,Kano Pillars,Kun Khalifat,Kano Pillars,Kun Khalifat,Emmanuel Lawal,CDM,24,52,35,Pass,33.05,59.42,Complete,0.0
3820,5,Kano Pillars,Kun Khalifat,Kano Pillars,Kun Khalifat,Joseph Ekong,GK,6,52,43,Yellow Card,117.17,67.06,Complete,0.0
3821,5,Kano Pillars,Kun Khalifat,Kano Pillars,Kun Khalifat,Praise Ndukwe,RB,19,52,50,Interception,37.24,44.74,Complete,0.0
3822,5,Kano Pillars,Kun Khalifat,Kun Khalifat,Kano Pillars,Chidi Bello,ST,23,52,58,Pass,88.12,43.02,Complete,0.0
3823,5,Kano Pillars,Kun Khalifat,Kun Khalifat,Kano Pillars,Damilare Egwuekwe,RW,3,53,2,Interception,77.86,45.84,Complete,0.0
3824,5,Kano Pillars,Kun Khalifat,Kano Pillars,Kun Khalifat,Suleiman Ekong,CB,1,53,4,Turnover,38.51,80.0,Complete,0.0
3825,5,Kano Pillars,Kun Khalifat,Kano Pillars,Kun Khalifat,Olamide Mohammed,CAM,26,53,15,Tackle,51.9,26.73,Complete,0.0
3826,5,Kano Pillars,Kun Khalifat,Kun Khalifat,Kano Pillars,Tunde Usman,LW,16,53,18,Offside,82.2,22.86,Complete,0.0
3827,5,Kano Pillars,Kun Khalifat,Kun Khalifat,Kano Pillars,Abubakar Yakubu,LB,24,53,38,Pass,30.99,56.92,Complete,0.0
3828,5,Kano Pillars,Kun Khalifat,Kano Pillars,Kun Khalifat,Bayo Adebayo,GK,2,53,44,Cross,97.91,38.51,Complete,0.0
3829,5,Kano Pillars,Kun Khalifat,Kun Khalifat,Kano Pillars,Chidi Bello,ST,23,53,46,Pass,62.61,47.82,Incomplete,0.0
3830,5,Kano Pillars,Kun Khalifat,Kun Khalifat,Kano Pillars,Sani Adisa,LW,22,53,55,Pass,5.84,80.0,Complete,0.0
3831,5,Kano Pillars,Kun Khalifat,Kano Pillars,Kun Khalifat,Kelechi Afolabi,CDM,12,54,4,Shot on Target,114.15,42.18,Off Target,0.431
3832,5,Kano Pillars,Kun Khalifat,Kun Khalifat,Kano Pillars,Abubakar Yakubu,LB,24,54,14,Pass,3.34,35.63,Complete,0.0
3833,5,Kano Pillars,Kun Khalifat,Kano Pillars,Kun Khalifat,Olamide Mohammed,CAM,26,54,22,Turnover,81.11,26.68,Complete,0.0
3834,5,Kano Pillars,Kun Khalifat,Kun Khalifat,Kano Pillars,Daniel Egwuekwe,CAM,7,54,24,Successful Dribble,25.54,42.61,Complete,0.0
3835,5,Kano Pillars,Kun Khalifat,Kun Khalifat,Kano Pillars,Sani Adisa,LW,22,54,27,Pass,92.2,1.76,Complete,0.0
3836,5,Kano Pillars,Kun Khalifat,Kun Khalifat,Kano Pillars,Success Danjuma,CDM,25,54,31,Pass,6.82,55.74,Complete,0.0
3837,5,Kano Pillars,Kun Khalifat,Kano Pillars,Kun Khalifat,Chidi Garba,RB,17,54,35,Dangerous Pass,88.44,59.93,Incomplete,0.0
3838,5,Kano Pillars,Kun Khalifat,Kun Khalifat,Kano Pillars,Musa Usman,LB,20,54,40,Foul,52.92,43.0,Complete,0.0
3839,5,Kano Pillars,Kun Khalifat,Kun Khalifat,Kano Pillars,Rasheed Nwankwo,CB,26,54,46,Pass,119.73,71.23,Complete,0.0
3840,5,Kano Pillars,Kun Khalifat,Kano Pillars,Kun Khalifat,Emmanuel Lawal,CDM,24,54,49,Turnover,83.92,57.04,Complete,0.0
3841,5,Kano Pillars,Kun Khalifat,Kano Pillars,Kun Khalifat,Olamide Mohammed,CAM,26,54,57,Tackle,36.07,51.26,Complete,0.0
3842,5,Kano Pillars,Kun Khalifat,Kano Pillars,Kun Khalifat,Ifeanyi Ndukwe,CDM,13,54,58,Cross,88.62,1.86,Complete,0.0
3843,5,Kano Pillars,Kun Khalifat,Kano Pillars,Kun Khalifat,Joseph Ekong,GK,6,55,5,Shot on Target,115.95,49.6,Off Target,0.384
3844,5,Kano Pillars,Kun Khalifat,Kun Khalifat,Kano Pillars,Damilare Egwuekwe,RW,3,55,6,Successful Dribble,94.41,68.16,Complete,0.0
3845,5,Kano Pillars,Kun Khalifat,Kun Khalifat,Kano Pillars,Damilare Egwuekwe,RW,3,55,6,Goal,104.16,29.69,Goal,0.39
3846,5,Kano Pillars,Kun Khalifat,Kun Khalifat,Kano Pillars,Daniel Egwuekwe,CAM,7,55,11,Turnover,51.25,54.57,Complete,0.0
3847,5,Kano Pillars,Kun Khalifat,Kun Khalifat,Kano Pillars,Musa Usman,LB,20,55,12,Red Card,54.87,13.13,Complete,0.0
3848,5,Kano Pillars,Kun Khalifat,Kano Pillars,Kun Khalifat,Joseph Ekong,GK,6,55,16,Tackle,67.0,2.05,Complete,0.0
3849,5,Kano Pillars,Kun Khalifat,Kun Khalifat,Kano Pillars,Chukwuemeka Adeyemi,LB,10,55,30,Shot on Target,88.31,31.83,Off Target,0.136
3850,5,Kano Pillars,Kun Khalifat,Kano Pillars,Kun Khalifat,Joseph Ekong,GK,6,55,44,Turnover,13.55,48.83,Complete,0.0
3851,5,Kano Pillars,Kun Khalifat,Kano Pillars,Kun Khalifat,Victor Adebayo,CAM,5,55,45,Interception,11.29,40.52,Complete,0.0
3852,5,Kano Pillars,Kun Khalifat,Kano Pillars,Kun Khalifat,Chukwuemeka Ibrahim,LW,25,55,47,Pass,29.59,29.99,Complete,0.0
3853,5,Kano Pillars,Kun Khalifat,Kun Khalifat,Kano Pillars,Chidi Bello,ST,23,55,57,Pass,110.0,51.75,Complete,0.0
3854,5,Kano Pillars,Kun Khalifat,Kun Khalifat,Kano Pillars,Musa Usman,LB,20,55,58,Progressive Pass,11.81,51.12,Complete,0.0
3855,5,Kano Pillars,Kun Khalifat,Kano Pillars,Kun Khalifat,Ifeanyi Ndukwe,CDM,13,55,59,Tackle,14.41,49.22,Complete,0.0
3856,5,Kano Pillars,Kun Khalifat,Kun Khalifat,Kano Pillars,Chidi Bello,ST,23,56,18,Progressive Pass,116.33,49.97,Complete,0.0
3857,5,Kano Pillars,Kun Khalifat,Kun Khalifat,Kano Pillars,Abdullahi Nwankwo,LB,6,56,19,Foul,47.92,34.41,Complete,0.0
3858,5,Kano Pillars,Kun Khalifat,Kano Pillars,Kun Khalifat,Emmanuel Lawal,CDM,24,56,20,Successful Dribble,97.61,69.84,Complete,0.0
3859,5,Kano Pillars,Kun Khalifat,Kano Pillars,Kun Khalifat,Victor Adebayo,CAM,5,56,20,Progressive Pass,41.43,27.7,Complete,0.0
3860,5,Kano Pillars,Kun Khalifat,Kano Pillars,Kun Khalifat,Ifeanyi Ndukwe,CDM,13,56,28,Pass,117.58,20.51,Complete,0.0
3861,5,Kano Pillars,Kun Khalifat,Kun Khalifat,Kano Pillars,Tunde Usman,LW,16,56,44,Interception,64.63,30.35,Complete,0.0
3862,5,Kano Pillars,Kun Khalifat,Kano Pillars,Kun Khalifat,Chidi Garba,RB,17,56,50,Turnover,67.14,12.17,Complete,0.0
3863,5,Kano Pillars,Kun Khalifat,Kano Pillars,Kun Khalifat,Aliyu Bello,ST,21,56,54,Pass,84.9,62.17,Complete,0.0
3864,5,Kano Pillars,Kun Khalifat,Kano Pillars,Kun Khalifat,Victor Adebayo,CAM,5,56,57,Interception,62.76,45.44,Complete,0.0
3865,5,Kano Pillars,Kun Khalifat,Kano Pillars,Kun Khalifat,Joseph Ekong,GK,6,57,4,Shot on Target,92.39,2.97,On Target,0.02
3866,5,Kano Pillars,Kun Khalifat,Kun Khalifat,Kano Pillars,Musa Usman,LB,20,57,6,Interception,44.21,31.16,Complete,0.0
3867,5,Kano Pillars,Kun Khalifat,Kano Pillars,Kun Khalifat,Suleiman Ekong,CB,1,57,21,Cross,103.09,33.5,Complete,0.0
3868,5,Kano Pillars,Kun Khalifat,Kun Khalifat,Kano Pillars,Damilare Egwuekwe,RW,3,57,26,Foul,11.02,31.7,Complete,0.0
3869,5,Kano Pillars,Kun Khalifat,Kun Khalifat,Kano Pillars,Femi Nwankwo,CM,21,57,28,Shot,113.86,10.44,Off Target,0.165
3870,5,Kano Pillars,Kun Khalifat,Kun Khalifat,Kano Pillars,Success Danjuma,CDM,25,57,30,Turnover,36.86,45.46,Complete,0.0
3871,5,Kano Pillars,Kun Khalifat,Kano Pillars,Kun Khalifat,Joseph Ndukwe,LB,16,57,31,Pass,105.3,52.63,Complete,0.0
3872,5,Kano Pillars,Kun Khalifat,Kun Khalifat,Kano Pillars,Chidi Bello,ST,23,57,47,Successful Dribble,66.6,58.69,Complete,0.0
3873,5,Kano Pillars,Kun Khalifat,Kun Khalifat,Kano Pillars,Chidi Bello,ST,23,58,9,Pass,105.42,44.01,Complete,0.0
3874,5,Kano Pillars,Kun Khalifat,Kano Pillars,Kun Khalifat,Aliyu Bello,ST,21,58,16,Progressive Pass,8.42,10.33,Complete,0.0
3875,5,Kano Pillars,Kun Khalifat,Kun Khalifat,Kano Pillars,Abdullahi Nwankwo,LB,6,58,17,Tackle,39.89,45.77,Complete,0.0
3876,5,Kano Pillars,Kun Khalifat,Kano Pillars,Kun Khalifat,Ifeanyi Ndukwe,CDM,13,58,47,Pass,56.62,43.05,Complete,0.0
3877,5,Kano Pillars,Kun Khalifat,Kano Pillars,Kun Khalifat,Kelechi Afolabi,CDM,12,59,6,Tackle,20.3,22.91,Complete,0.0
3878,5,Kano Pillars,Kun Khalifat,Kun Khalifat,Kano Pillars,Damilare Egwuekwe,RW,3,59,11,Pass,94.21,38.45,Complete,0.0
3879,5,Kano Pillars,Kun Khalifat,Kano Pillars,Kun Khalifat,Suleiman Ekong,CB,1,59,14,Turnover,20.35,65.65,Complete,0.0
3880,5,Kano Pillars,Kun Khalifat,Kano Pillars,Kun Khalifat,Chukwuemeka Ibrahim,LW,25,59,19,Progressive Pass,19.75,45.63,Incomplete,0.0
3881,5,Kano Pillars,Kun Khalifat,Kun Khalifat,Kano Pillars,Kunle Egwuekwe,ST,4,59,24,Tackle,52.46,53.35,Complete,0.0
3882,5,Kano Pillars,Kun Khalifat,Kano Pillars,Kun Khalifat,Victor Adebayo,CAM,5,59,26,Interception,50.55,32.98,Complete,0.0
3883,5,Kano Pillars,Kun Khalifat,Kano Pillars,Kun Khalifat,Joseph Ndukwe,LB,16,59,26,Pass,46.14,48.33,Complete,0.0
3884,5,Kano Pillars,Kun Khalifat,Kano Pillars,Kun Khalifat,Praise Ndukwe,RB,19,59,27,Pass,13.34,71.02,Complete,0.0
3885,5,Kano Pillars,Kun Khalifat,Kun Khalifat,Kano Pillars,Abdullahi Nwankwo,LB,6,59,40,Turnover,51.0,75.18,Complete,0.0
3886,5,Kano Pillars,Kun Khalifat,Kun Khalifat,Kano Pillars,Chidi Bello,ST,23,59,51,Tackle,54.88,28.01,Complete,0.0
3887,5,Kano Pillars,Kun Khalifat,Kun Khalifat,Kano Pillars,Chukwuemeka Adeyemi,LB,10,60,9,Shot on Target,111.16,40.96,Off Target,0.401
3888,5,Kano Pillars,Kun Khalifat,Kun Khalifat,Kano Pillars,Sani Adisa,LW,22,60,14,Pass,74.39,68.46,Complete,0.0
3889,5,Kano Pillars,Kun Khalifat,Kano Pillars,Kun Khalifat,Aliyu Bello,ST,21,60,14,Shot on Target,106.92,28.52,Off Target,0.307
3890,5,Kano Pillars,Kun Khalifat,Kano Pillars,Kun Khalifat,Olamide Mohammed,CAM,26,60,15,Tackle,70.38,6.04,Complete,0.0
3891,5,Kano Pillars,Kun Khalifat,Kano Pillars,Kun Khalifat,Suleiman Ekong,CB,1,60,19,Pass,97.35,23.92,Complete,0.0
3892,5,Kano Pillars,Kun Khalifat,Kun Khalifat,Kano Pillars,Damilare Egwuekwe,RW,3,60,27,Pass,33.19,40.62,Complete,0.0
3893,5,Kano Pillars,Kun Khalifat,Kun Khalifat,Kano Pillars,Chidi Bello,ST,23,60,37,Progressive Pass,81.9,42.73,Complete,0.0
3894,5,Kano Pillars,Kun Khalifat,Kun Khalifat,Kano Pillars,Musa Usman,LB,20,60,51,Offside,68.08,50.81,Complete,0.0
3895,5,Kano Pillars,Kun Khalifat,Kun Khalifat,Kano Pillars,Chukwuemeka Adeyemi,LB,10,60,56,Pass,45.85,12.23,Complete,0.0
3896,5,Kano Pillars,Kun Khalifat,Kano Pillars,Kun Khalifat,Bayo Adebayo,GK,2,61,6,Foul,39.48,42.34,Complete,0.0
3897,5,Kano Pillars,Kun Khalifat,Kun Khalifat,Kano Pillars,Abdullahi Nwankwo,LB,6,61,21,Tackle,71.12,58.56,Complete,0.0
3898,5,Kano Pillars,Kun Khalifat,Kun Khalifat,Kano Pillars,Rasheed Mohammed,RW,1,61,24,Pass,59.42,34.7,Complete,0.0
3899,5,Kano Pillars,Kun Khalifat,Kano Pillars,Kun Khalifat,Yusuf Nnamdi,LB,29,61,26,Pass,97.03,23.33,Complete,0.0
3900,5,Kano Pillars,Kun Khalifat,Kun Khalifat,Kano Pillars,Kunle Egwuekwe,ST,4,61,28,Pass,5.51,80.0,Incomplete,0.0
3901,5,Kano Pillars,Kun Khalifat,Kun Khalifat,Kano Pillars,Abdullahi Nwankwo,LB,6,61,30,Turnover,39.46,46.16,Complete,0.0
3902,5,Kano Pillars,Kun Khalifat,Kun Khalifat,Kano Pillars,Tunde Usman,LW,16,61,42,Pass,54.29,66.5,Incomplete,0.0
3903,5,Kano Pillars,Kun Khalifat,Kano Pillars,Kun Khalifat,Praise Ndukwe,RB,19,61,46,Tackle,71.88,46.15,Complete,0.0
3904,5,Kano Pillars,Kun Khalifat,Kun Khalifat,Kano Pillars,Chidi Bello,ST,23,61,48,Pass,28.65,33.33,Complete,0.0
3905,5,Kano Pillars,Kun Khalifat,Kun Khalifat,Kano Pillars,Kunle Egwuekwe,ST,4,61,50,Pass,8.72,36.85,Incomplete,0.0
3906,5,Kano Pillars,Kun Khalifat,Kano Pillars,Kun Khalifat,Yusuf Nnamdi,LB,29,61,50,Pass,65.77,67.24,Complete,0.0
3907,5,Kano Pillars,Kun Khalifat,Kun Khalifat,Kano Pillars,Tunde Usman,LW,16,61,52,Pass,1.09,80.0,Complete,0.0
3908,5,Kano Pillars,Kun Khalifat,Kun Khalifat,Kano Pillars,Femi Nwankwo,CM,21,62,0,Offside,57.11,44.69,Complete,0.0
3909,5,Kano Pillars,Kun Khalifat,Kano Pillars,Kun Khalifat,Femi Sanni,LW,8,62,5,Progressive Pass,55.5,79.58,Complete,0.0
3910,5,Kano Pillars,Kun Khalifat,Kun Khalifat,Kano Pillars,Abubakar Yakubu,LB,24,62,12,Dangerous Pass,114.46,25.73,Complete,0.0
3911,5,Kano Pillars,Kun Khalifat,Kano Pillars,Kun Khalifat,Victor Adebayo,CAM,5,62,15,Cross,100.67,55.1,Complete,0.0
3912,5,Kano Pillars,Kun Khalifat,Kano Pillars,Kun Khalifat,Chidi Garba,RB,17,62,25,Pass,31.17,65.72,Complete,0.0
3913,5,Kano Pillars,Kun Khalifat,Kano Pillars,Kun Khalifat,Suleiman Ekong,CB,1,62,26,Pass,19.36,64.75,Complete,0.0
3914,5,Kano Pillars,Kun Khalifat,Kun Khalifat,Kano Pillars,Femi Nwankwo,CM,21,62,27,Yellow Card,21.46,44.08,Complete,0.0
3915,5,Kano Pillars,Kun Khalifat,Kano Pillars,Kun Khalifat,Yusuf Nnamdi,LB,29,62,39,Tackle,49.44,71.41,Complete,0.0
3916,5,Kano Pillars,Kun Khalifat,Kun Khalifat,Kano Pillars,Kunle Egwuekwe,ST,4,62,40,Cross,85.07,39.64,Complete,0.0
3917,5,Kano Pillars,Kun Khalifat,Kun Khalifat,Kano Pillars,Sani Adisa,LW,22,62,48,Interception,38.93,33.31,Complete,0.0
3918,5,Kano Pillars,Kun Khalifat,Kano Pillars,Kun Khalifat,Chibuzor Sanni,CB,23,62,57,Pass,59.26,25.69,Complete,0.0
3919,5,Kano Pillars,Kun Khalifat,Kano Pillars,Kun Khalifat,Chibuzor Sanni,CB,23,63,7,Pass,23.22,47.97,Incomplete,0.0
3920,5,Kano Pillars,Kun Khalifat,Kano Pillars,Kun Khalifat,Joseph Ndukwe,LB,16,63,22,Pass,64.2,42.15,Complete,0.0
3921,5,Kano Pillars,Kun Khalifat,Kano Pillars,Kun Khalifat,Aliyu Bello,ST,21,63,31,Dangerous Pass,114.09,7.72,Incomplete,0.0
3922,5,Kano Pillars,Kun Khalifat,Kano Pillars,Kun Khalifat,Olamide Mohammed,CAM,26,63,49,Dangerous Pass,102.53,37.46,Complete,0.0
3923,5,Kano Pillars,Kun Khalifat,Kun Khalifat,Kano Pillars,Success Danjuma,CDM,25,64,0,Tackle,70.37,58.71,Complete,0.0
3924,5,Kano Pillars,Kun Khalifat,Kano Pillars,Kun Khalifat,Suleiman Ekong,CB,1,64,6,Pass,37.45,49.78,Complete,0.0
3925,5,Kano Pillars,Kun Khalifat,Kun Khalifat,Kano Pillars,Chukwuemeka Adeyemi,LB,10,64,22,Interception,78.25,36.96,Complete,0.0
3926,5,Kano Pillars,Kun Khalifat,Kano Pillars,Kun Khalifat,Bayo Adebayo,GK,2,64,24,Progressive Pass,103.38,40.85,Incomplete,0.0
3927,5,Kano Pillars,Kun Khalifat,Kano Pillars,Kun Khalifat,Emmanuel Lawal,CDM,24,64,32,Shot,117.39,29.67,Off Target,0.382
3928,5,Kano Pillars,Kun Khalifat,Kun Khalifat,Kano Pillars,Femi Nwankwo,CM,21,64,37,Turnover,79.97,56.16,Complete,0.0
3929,5,Kano Pillars,Kun Khalifat,Kano Pillars,Kun Khalifat,Ifeanyi Ndukwe,CDM,13,64,42,Corner,92.93,21.51,Complete,0.0
3930,5,Kano Pillars,Kun Khalifat,Kun Khalifat,Kano Pillars,Chidi Bello,ST,23,64,46,Interception,44.28,29.33,Complete,0.0
3931,5,Kano Pillars,Kun Khalifat,Kun Khalifat,Kano Pillars,Femi Nwankwo,CM,21,64,53,Dangerous Pass,79.75,30.31,Complete,0.0
3932,5,Kano Pillars,Kun Khalifat,Kano Pillars,Kun Khalifat,Femi Sanni,LW,8,65,1,Successful Dribble,6.41,66.09,Complete,0.0
3933,5,Kano Pillars,Kun Khalifat,Kano Pillars,Kun Khalifat,Yusuf Nnamdi,LB,29,65,1,Interception,64.81,40.36,Complete,0.0
3934,5,Kano Pillars,Kun Khalifat,Kun Khalifat,Kano Pillars,Rasheed Nwankwo,CB,26,65,25,Pass,107.7,30.79,Complete,0.0
3935,5,Kano Pillars,Kun Khalifat,Kano Pillars,Kun Khalifat,Femi Sanni,LW,8,65,34,Progressive Pass,59.55,47.8,Complete,0.0
3936,5,Kano Pillars,Kun Khalifat,Kun Khalifat,Kano Pillars,Rasheed Mohammed,RW,1,65,37,Foul,87.23,40.6,Complete,0.0
3937,5,Kano Pillars,Kun Khalifat,Kano Pillars,Kun Khalifat,Olamide Mohammed,CAM,26,65,39,Interception,82.65,19.43,Complete,0.0
3938,5,Kano Pillars,Kun Khalifat,Kun Khalifat,Kano Pillars,Musa Usman,LB,20,65,41,Progressive Pass,106.48,60.01,Complete,0.0
3939,5,Kano Pillars,Kun Khalifat,Kun Khalifat,Kano Pillars,Femi Nwankwo,CM,21,65,43,Interception,13.13,43.59,Complete,0.0
3940,5,Kano Pillars,Kun Khalifat,Kun Khalifat,Kano Pillars,Sani Adisa,LW,22,65,53,Foul,52.04,0.0,Complete,0.0
3941,5,Kano Pillars,Kun Khalifat,Kano Pillars,Kun Khalifat,Kelechi Afolabi,CDM,12,65,53,Tackle,47.21,50.33,Complete,0.0
3942,5,Kano Pillars,Kun Khalifat,Kun Khalifat,Kano Pillars,Damilare Egwuekwe,RW,3,66,6,Progressive Pass,63.74,44.67,Complete,0.0
3943,5,Kano Pillars,Kun Khalifat,Kano Pillars,Kun Khalifat,Chukwuemeka Ibrahim,LW,25,66,23,Interception,82.52,28.24,Complete,0.0
3944,5,Kano Pillars,Kun Khalifat,Kun Khalifat,Kano Pillars,Rasheed Mohammed,RW,1,66,26,Pass,85.59,18.34,Incomplete,0.0
3945,5,Kano Pillars,Kun Khalifat,Kun Khalifat,Kano Pillars,Suleiman Mohammed,RW,9,66,42,Turnover,29.14,49.39,Complete,0.0
3946,5,Kano Pillars,Kun Khalifat,Kano Pillars,Kun Khalifat,Chidi Garba,RB,17,66,42,Pass,85.05,22.13,Complete,0.0
3947,5,Kano Pillars,Kun Khalifat,Kano Pillars,Kun Khalifat,Joseph Ekong,GK,6,66,50,Shot,112.75,35.27,Off Target,0.404
3948,5,Kano Pillars,Kun Khalifat,Kano Pillars,Kun Khalifat,Joseph Ekong,GK,6,66,51,Shot,95.64,35.3,Off Target,0.224
3949,5,Kano Pillars,Kun Khalifat,Kun Khalifat,Kano Pillars,Olamide Okonkwo,RW,29,67,13,Pass,116.43,47.78,Complete,0.0
3950,5,Kano Pillars,Kun Khalifat,Kun Khalifat,Kano Pillars,Success Danjuma,CDM,25,67,38,Cross,107.37,0.0,Complete,0.0
3951,5,Kano Pillars,Kun Khalifat,Kano Pillars,Kun Khalifat,Suleiman Ekong,CB,1,67,40,Pass,29.91,80.0,Complete,0.0
3952,5,Kano Pillars,Kun Khalifat,Kun Khalifat,Kano Pillars,Rasheed Mohammed,RW,1,67,40,Pass,37.73,61.98,Complete,0.0
3953,5,Kano Pillars,Kun Khalifat,Kano Pillars,Kun Khalifat,Chibuzor Sanni,CB,23,67,41,Tackle,73.48,28.13,Complete,0.0
3954,5,Kano Pillars,Kun Khalifat,Kano Pillars,Kun Khalifat,Victor Adebayo,CAM,5,67,49,Big Chance,92.24,38.46,Off Target,0.441
3955,5,Kano Pillars,Kun Khalifat,Kun Khalifat,Kano Pillars,Sani Adisa,LW,22,68,6,Shot,114.14,21.02,On Target,0.279
3956,5,Kano Pillars,Kun Khalifat,Kun Khalifat,Kano Pillars,Sani Adisa,LW,22,68,10,Foul,88.47,23.64,Complete,0.0
3957,5,Kano Pillars,Kun Khalifat,Kun Khalifat,Kano Pillars,Musa Usman,LB,20,68,11,Dangerous Pass,73.2,41.24,Complete,0.0
3958,5,Kano Pillars,Kun Khalifat,Kano Pillars,Kun Khalifat,Bayo Adebayo,GK,2,68,13,Interception,22.7,28.26,Complete,0.0
3959,5,Kano Pillars,Kun Khalifat,Kano Pillars,Kun Khalifat,Chibuzor Sanni,CB,23,68,16,Progressive Pass,41.02,27.87,Complete,0.0
3960,5,Kano Pillars,Kun Khalifat,Kano Pillars,Kun Khalifat,Chibuzor Sanni,CB,23,68,24,Progressive Pass,41.06,57.11,Complete,0.0
3961,5,Kano Pillars,Kun Khalifat,Kano Pillars,Kun Khalifat,Chibuzor Sanni,CB,23,68,41,Pass,10.78,24.52,Complete,0.0
3962,5,Kano Pillars,Kun Khalifat,Kano Pillars,Kun Khalifat,Joseph Ndukwe,LB,16,68,48,Turnover,63.57,40.61,Complete,0.0
3963,5,Kano Pillars,Kun Khalifat,Kun Khalifat,Kano Pillars,Success Danjuma,CDM,25,68,56,Dangerous Pass,96.4,13.77,Complete,0.0
3964,5,Kano Pillars,Kun Khalifat,Kano Pillars,Kun Khalifat,Ifeanyi Ndukwe,CDM,13,68,59,Interception,65.0,27.47,Complete,0.0
3965,5,Kano Pillars,Kun Khalifat,Kun Khalifat,Kano Pillars,Rasheed Nwankwo,CB,26,68,59,Pass,97.57,39.99,Complete,0.0
3966,5,Kano Pillars,Kun Khalifat,Kano Pillars,Kun Khalifat,Suleiman Ekong,CB,1,69,1,Cross,87.36,50.5,Complete,0.0
3967,5,Kano Pillars,Kun Khalifat,Kano Pillars,Kun Khalifat,Joseph Ndukwe,LB,16,69,2,Progressive Pass,97.32,50.42,Complete,0.0
3968,5,Kano Pillars,Kun Khalifat,Kano Pillars,Kun Khalifat,Suleiman Ekong,CB,1,69,4,Foul,28.13,42.65,Complete,0.0
3969,5,Kano Pillars,Kun Khalifat,Kun Khalifat,Kano Pillars,Femi Nwankwo,CM,21,69,13,Pass,37.75,63.19,Complete,0.0
3970,5,Kano Pillars,Kun Khalifat,Kano Pillars,Kun Khalifat,Ifeanyi Ndukwe,CDM,13,69,16,Pass,48.72,50.11,Complete,0.0
3971,5,Kano Pillars,Kun Khalifat,Kano Pillars,Kun Khalifat,Kelechi Afolabi,CDM,12,69,17,Pass,55.33,71.81,Complete,0.0
3972,5,Kano Pillars,Kun Khalifat,Kun Khalifat,Kano Pillars,Sani Adisa,LW,22,69,18,Pass,18.43,22.31,Incomplete,0.0
3973,5,Kano Pillars,Kun Khalifat,Kano Pillars,Kun Khalifat,Victor Adebayo,CAM,5,69,19,Turnover,29.24,57.13,Complete,0.0
3974,5,Kano Pillars,Kun Khalifat,Kano Pillars,Kun Khalifat,Suleiman Ekong,CB,1,69,38,Offside,72.39,36.26,Complete,0.0
3975,5,Kano Pillars,Kun Khalifat,Kano Pillars,Kun Khalifat,Bayo Adebayo,GK,2,69,42,Progressive Pass,75.82,36.36,Complete,0.0
3976,5,Kano Pillars,Kun Khalifat,Kun Khalifat,Kano Pillars,Chukwuemeka Adeyemi,LB,10,69,47,Turnover,18.32,32.9,Complete,0.0
3977,5,Kano Pillars,Kun Khalifat,Kano Pillars,Kun Khalifat,Bayo Adebayo,GK,2,69,48,Pass,98.23,22.87,Complete,0.0
3978,5,Kano Pillars,Kun Khalifat,Kano Pillars,Kun Khalifat,Emmanuel Lawal,CDM,24,69,59,Tackle,70.78,40.71,Complete,0.0
3979,5,Kano Pillars,Kun Khalifat,Kun Khalifat,Kano Pillars,Success Danjuma,CDM,25,70,1,Pass,9.63,63.77,Incomplete,0.0
3980,5,Kano Pillars,Kun Khalifat,Kun Khalifat,Kano Pillars,Rasheed Mohammed,RW,1,70,4,Successful Dribble,105.5,0.0,Complete,0.0
3981,5,Kano Pillars,Kun Khalifat,Kano Pillars,Kun Khalifat,Bayo Adebayo,GK,2,70,10,Progressive Pass,52.49,61.37,Complete,0.0
3982,5,Kano Pillars,Kun Khalifat,Kun Khalifat,Kano Pillars,Kunle Egwuekwe,ST,4,70,14,Interception,50.12,47.03,Complete,0.0
3983,5,Kano Pillars,Kun Khalifat,Kano Pillars,Kun Khalifat,Chukwuemeka Ibrahim,LW,25,70,23,Pass,95.7,57.44,Complete,0.0
3984,5,Kano Pillars,Kun Khalifat,Kun Khalifat,Kano Pillars,Abubakar Yakubu,LB,24,70,31,Foul,86.89,58.53,Complete,0.0
3985,5,Kano Pillars,Kun Khalifat,Kun Khalifat,Kano Pillars,Daniel Egwuekwe,CAM,7,70,33,Progressive Pass,114.89,61.01,Complete,0.0
3986,5,Kano Pillars,Kun Khalifat,Kun Khalifat,Kano Pillars,Femi Nwankwo,CM,21,70,42,Successful Dribble,81.04,29.87,Complete,0.0
3987,5,Kano Pillars,Kun Khalifat,Kun Khalifat,Kano Pillars,Damilare Egwuekwe,RW,3,70,44,Pass,61.9,59.28,Complete,0.0
3988,5,Kano Pillars,Kun Khalifat,Kano Pillars,Kun Khalifat,Kelechi Afolabi,CDM,12,70,45,Dangerous Pass,90.69,46.92,Incomplete,0.0
3989,5,Kano Pillars,Kun Khalifat,Kun Khalifat,Kano Pillars,Chukwuemeka Adeyemi,LB,10,70,46,Pass,102.88,65.71,Complete,0.0
3990,5,Kano Pillars,Kun Khalifat,Kun Khalifat,Kano Pillars,Damilare Egwuekwe,RW,3,70,52,Corner,75.93,16.06,Complete,0.0
3991,5,Kano Pillars,Kun Khalifat,Kano Pillars,Kun Khalifat,Olamide Mohammed,CAM,26,70,54,Tackle,16.95,28.88,Complete,0.0
3992,5,Kano Pillars,Kun Khalifat,Kun Khalifat,Kano Pillars,Sani Adisa,LW,22,71,0,Pass,22.37,48.79,Complete,0.0
3993,5,Kano Pillars,Kun Khalifat,Kano Pillars,Kun Khalifat,Kelechi Afolabi,CDM,12,71,0,Cross,106.79,7.43,Complete,0.0
3994,5,Kano Pillars,Kun Khalifat,Kano Pillars,Kun Khalifat,Praise Ndukwe,RB,19,71,3,Tackle,18.69,50.45,Complete,0.0
3995,5,Kano Pillars,Kun Khalifat,Kano Pillars,Kun Khalifat,Joseph Ndukwe,LB,16,71,11,Turnover,37.41,25.92,Complete,0.0
3996,5,Kano Pillars,Kun Khalifat,Kun Khalifat,Kano Pillars,Suleiman Mohammed,RW,9,71,21,Tackle,46.79,35.93,Complete,0.0
3997,5,Kano Pillars,Kun Khalifat,Kun Khalifat,Kano Pillars,Daniel Egwuekwe,CAM,7,71,22,Interception,67.01,8.6,Complete,0.0
3998,5,Kano Pillars,Kun Khalifat,Kano Pillars,Kun Khalifat,Olamide Mohammed,CAM,26,71,29,Pass,44.08,46.12,Complete,0.0
3999,5,Kano Pillars,Kun Khalifat,Kun Khalifat,Kano Pillars,Chidi Bello,ST,23,71,35,Dangerous Pass,108.95,66.44,Incomplete,0.0
4000,5,Kano Pillars,Kun Khalifat,Kun Khalifat,Kano Pillars,Femi Nwankwo,CM,21,71,44,Progressive Pass,95.45,65.54,Complete,0.0
4001,5,Kano Pillars,Kun Khalifat,Kano Pillars,Kun Khalifat,Praise Ndukwe,RB,19,71,59,Turnover,10.31,43.84,Complete,0.0
4002,5,Kano Pillars,Kun Khalifat,Kano Pillars,Kun Khalifat,Chibuzor Sanni,CB,23,72,0,Pass,91.89,61.38,Complete,0.0
4003,5,Kano Pillars,Kun Khalifat,Kun Khalifat,Kano Pillars,Femi Nwankwo,CM,21,72,27,Pass,43.5,23.32,Complete,0.0
4004,5,Kano Pillars,Kun Khalifat,Kun Khalifat,Kano Pillars,Success Danjuma,CDM,25,72,31,Shot,112.01,41.5,On Target,0.41
4005,5,Kano Pillars,Kun Khalifat,Kun Khalifat,Kano Pillars,Kunle Egwuekwe,ST,4,72,34,Turnover,27.81,58.39,Complete,0.0
4006,5,Kano Pillars,Kun Khalifat,Kano Pillars,Kun Khalifat,Femi Sanni,LW,8,72,40,Tackle,31.26,48.77,Complete,0.0
4007,5,Kano Pillars,Kun Khalifat,Kano Pillars,Kun Khalifat,Chukwuemeka Ibrahim,LW,25,72,45,Foul,49.51,26.56,Complete,0.0
4008,5,Kano Pillars,Kun Khalifat,Kano Pillars,Kun Khalifat,Bayo Adebayo,GK,2,72,56,Yellow Card,106.94,31.57,Complete,0.0
4009,5,Kano Pillars,Kun Khalifat,Kano Pillars,Kun Khalifat,Yusuf Nnamdi,LB,29,72,57,Tackle,78.61,38.62,Complete,0.0
4010,5,Kano Pillars,Kun Khalifat,Kano Pillars,Kun Khalifat,Yusuf Nnamdi,LB,29,73,14,Dangerous Pass,109.91,44.0,Complete,0.0
4011,5,Kano Pillars,Kun Khalifat,Kano Pillars,Kun Khalifat,Kelechi Afolabi,CDM,12,73,15,Tackle,60.26,45.12,Complete,0.0
4012,5,Kano Pillars,Kun Khalifat,Kano Pillars,Kun Khalifat,Victor Adebayo,CAM,5,73,28,Turnover,73.04,53.07,Complete,0.0
4013,5,Kano Pillars,Kun Khalifat,Kun Khalifat,Kano Pillars,Suleiman Mohammed,RW,9,73,33,Tackle,68.11,51.69,Complete,0.0
4014,5,Kano Pillars,Kun Khalifat,Kano Pillars,Kun Khalifat,Femi Sanni,LW,8,73,35,Interception,75.47,73.55,Complete,0.0
4015,5,Kano Pillars,Kun Khalifat,Kano Pillars,Kun Khalifat,Joseph Ekong,GK,6,73,40,Foul,48.54,66.95,Complete,0.0
4016,5,Kano Pillars,Kun Khalifat,Kun Khalifat,Kano Pillars,Musa Usman,LB,20,73,52,Shot,101.78,36.21,Off Target,0.293
4017,5,Kano Pillars,Kun Khalifat,Kano Pillars,Kun Khalifat,Olamide Mohammed,CAM,26,74,1,Pass,80.99,30.16,Complete,0.0
4018,5,Kano Pillars,Kun Khalifat,Kano Pillars,Kun Khalifat,Emmanuel Lawal,CDM,24,74,9,Pass,118.51,66.6,Complete,0.0
4019,5,Kano Pillars,Kun Khalifat,Kano Pillars,Kun Khalifat,Praise Ndukwe,RB,19,74,15,Pass,107.16,50.96,Complete,0.0
4020,5,Kano Pillars,Kun Khalifat,Kano Pillars,Kun Khalifat,Suleiman Ekong,CB,1,74,15,Corner,105.5,17.42,Complete,0.0
4021,5,Kano Pillars,Kun Khalifat,Kun Khalifat,Kano Pillars,Chidi Bello,ST,23,74,19,Turnover,56.44,1.79,Complete,0.0
4022,5,Kano Pillars,Kun Khalifat,Kun Khalifat,Kano Pillars,Femi Nwankwo,CM,21,74,20,Progressive Pass,78.79,30.67,Complete,0.0
4023,5,Kano Pillars,Kun Khalifat,Kun Khalifat,Kano Pillars,Success Danjuma,CDM,25,74,21,Dangerous Pass,77.82,55.55,Complete,0.0
4024,5,Kano Pillars,Kun Khalifat,Kano Pillars,Kun Khalifat,Joseph Ndukwe,LB,16,74,27,Tackle,66.07,61.83,Complete,0.0
4025,5,Kano Pillars,Kun Khalifat,Kun Khalifat,Kano Pillars,Sani Adisa,LW,22,74,28,Tackle,19.34,59.24,Complete,0.0
4026,5,Kano Pillars,Kun Khalifat,Kun Khalifat,Kano Pillars,Chukwuemeka Adeyemi,LB,10,74,37,Big Chance,98.84,31.52,On Target,0.497
4027,5,Kano Pillars,Kun Khalifat,Kun Khalifat,Kano Pillars,Daniel Egwuekwe,CAM,7,74,41,Successful Dribble,27.46,22.41,Complete,0.0
4028,5,Kano Pillars,Kun Khalifat,Kano Pillars,Kun Khalifat,Bayo Adebayo,GK,2,74,50,Pass,70.35,39.79,Incomplete,0.0
4029,5,Kano Pillars,Kun Khalifat,Kun Khalifat,Kano Pillars,Sani Adisa,LW,22,74,51,Pass,70.18,41.35,Incomplete,0.0
4030,5,Kano Pillars,Kun Khalifat,Kano Pillars,Kun Khalifat,Praise Ndukwe,RB,19,74,51,Interception,67.33,61.51,Complete,0.0
4031,5,Kano Pillars,Kun Khalifat,Kun Khalifat,Kano Pillars,Kunle Egwuekwe,ST,4,74,54,Pass,85.04,28.69,Complete,0.0
4032,5,Kano Pillars,Kun Khalifat,Kun Khalifat,Kano Pillars,Musa Usman,LB,20,75,3,Pass,62.36,32.24,Complete,0.0
4033,5,Kano Pillars,Kun Khalifat,Kano Pillars,Kun Khalifat,Aliyu Bello,ST,21,75,10,Pass,32.32,70.59,Complete,0.0
4034,5,Kano Pillars,Kun Khalifat,Kun Khalifat,Kano Pillars,Femi Nwankwo,CM,21,75,37,Progressive Pass,58.44,20.94,Complete,0.0
4035,5,Kano Pillars,Kun Khalifat,Kano Pillars,Kun Khalifat,Suleiman Ekong,CB,1,75,39,Interception,79.54,54.19,Complete,0.0
4036,5,Kano Pillars,Kun Khalifat,Kano Pillars,Kun Khalifat,Olamide Mohammed,CAM,26,76,3,Progressive Pass,108.24,41.91,Complete,0.0
4037,5,Kano Pillars,Kun Khalifat,Kano Pillars,Kun Khalifat,Kelechi Afolabi,CDM,12,76,7,Progressive Pass,85.91,45.8,Incomplete,0.0
4038,5,Kano Pillars,Kun Khalifat,Kano Pillars,Kun Khalifat,Ifeanyi Ndukwe,CDM,13,76,13,Cross,84.24,47.93,Complete,0.0
4039,5,Kano Pillars,Kun Khalifat,Kun Khalifat,Kano Pillars,Musa Usman,LB,20,76,15,Foul,54.91,31.79,Complete,0.0
4040,5,Kano Pillars,Kun Khalifat,Kano Pillars,Kun Khalifat,Victor Adebayo,CAM,5,76,18,Yellow Card,18.88,42.93,Complete,0.0
4041,5,Kano Pillars,Kun Khalifat,Kun Khalifat,Kano Pillars,Abubakar Yakubu,LB,24,76,25,Turnover,88.77,62.55,Complete,0.0
4042,5,Kano Pillars,Kun Khalifat,Kun Khalifat,Kano Pillars,Success Danjuma,CDM,25,76,28,Shot on Target,94.62,40.41,Off Target,0.218
4043,5,Kano Pillars,Kun Khalifat,Kano Pillars,Kun Khalifat,Praise Ndukwe,RB,19,76,40,Interception,19.28,55.47,Complete,0.0
4044,5,Kano Pillars,Kun Khalifat,Kano Pillars,Kun Khalifat,Yusuf Nnamdi,LB,29,76,41,Shot,105.12,60.68,On Target,0.217
4045,5,Kano Pillars,Kun Khalifat,Kun Khalifat,Kano Pillars,Abubakar Yakubu,LB,24,76,42,Progressive Pass,51.77,80.0,Complete,0.0
4046,5,Kano Pillars,Kun Khalifat,Kano Pillars,Kun Khalifat,Praise Ndukwe,RB,19,76,43,Pass,21.33,42.4,Complete,0.0
4047,5,Kano Pillars,Kun Khalifat,Kano Pillars,Kun Khalifat,Olamide Mohammed,CAM,26,76,55,Foul,71.84,15.97,Complete,0.0
4048,5,Kano Pillars,Kun Khalifat,Kano Pillars,Kun Khalifat,Chidi Garba,RB,17,77,10,Interception,10.55,44.88,Complete,0.0
4049,5,Kano Pillars,Kun Khalifat,Kano Pillars,Kun Khalifat,Praise Ndukwe,RB,19,77,11,Pass,77.02,23.98,Complete,0.0
4050,5,Kano Pillars,Kun Khalifat,Kun Khalifat,Kano Pillars,Abdullahi Nwankwo,LB,6,77,12,Shot,112.75,16.6,Off Target,0.228
4051,5,Kano Pillars,Kun Khalifat,Kun Khalifat,Kano Pillars,Femi Nwankwo,CM,21,77,34,Dangerous Pass,95.63,27.79,Incomplete,0.0
4052,5,Kano Pillars,Kun Khalifat,Kano Pillars,Kun Khalifat,Emmanuel Lawal,CDM,24,77,42,Tackle,56.02,36.89,Complete,0.0
4053,5,Kano Pillars,Kun Khalifat,Kano Pillars,Kun Khalifat,Joseph Ekong,GK,6,77,43,Cross,96.27,59.01,Complete,0.0
4054,5,Kano Pillars,Kun Khalifat,Kano Pillars,Kun Khalifat,Chibuzor Sanni,CB,23,77,53,Tackle,76.72,2.76,Complete,0.0
4055,5,Kano Pillars,Kun Khalifat,Kun Khalifat,Kano Pillars,Musa Usman,LB,20,78,4,Progressive Pass,59.3,49.23,Complete,0.0
4056,5,Kano Pillars,Kun Khalifat,Kun Khalifat,Kano Pillars,Chidi Bello,ST,23,78,4,Cross,91.84,27.12,Complete,0.0
4057,5,Kano Pillars,Kun Khalifat,Kano Pillars,Kun Khalifat,Olamide Mohammed,CAM,26,78,11,Tackle,25.32,40.52,Complete,0.0
4058,5,Kano Pillars,Kun Khalifat,Kano Pillars,Kun Khalifat,Victor Adebayo,CAM,5,78,11,Pass,45.44,43.08,Complete,0.0
4059,5,Kano Pillars,Kun Khalifat,Kano Pillars,Kun Khalifat,Suleiman Ekong,CB,1,78,13,Successful Dribble,27.38,46.28,Complete,0.0
4060,5,Kano Pillars,Kun Khalifat,Kano Pillars,Kun Khalifat,Emmanuel Lawal,CDM,24,78,23,Dangerous Pass,91.21,30.95,Complete,0.0
4061,5,Kano Pillars,Kun Khalifat,Kun Khalifat,Kano Pillars,Olamide Okonkwo,RW,29,78,27,Pass,53.46,62.54,Incomplete,0.0
4062,5,Kano Pillars,Kun Khalifat,Kano Pillars,Kun Khalifat,Chukwuemeka Ibrahim,LW,25,78,28,Pass,82.46,65.78,Complete,0.0
4063,5,Kano Pillars,Kun Khalifat,Kano Pillars,Kun Khalifat,Victor Adebayo,CAM,5,78,34,Pass,113.69,71.03,Complete,0.0
4064,5,Kano Pillars,Kun Khalifat,Kun Khalifat,Kano Pillars,Musa Usman,LB,20,78,36,Successful Dribble,11.75,31.62,Complete,0.0
4065,5,Kano Pillars,Kun Khalifat,Kano Pillars,Kun Khalifat,Joseph Ekong,GK,6,78,40,Pass,43.88,11.01,Complete,0.0
4066,5,Kano Pillars,Kun Khalifat,Kano Pillars,Kun Khalifat,Olamide Mohammed,CAM,26,79,4,Successful Dribble,0.68,57.21,Complete,0.0
4067,5,Kano Pillars,Kun Khalifat,Kun Khalifat,Kano Pillars,Sani Adisa,LW,22,79,25,Progressive Pass,114.67,41.02,Complete,0.0
4068,5,Kano Pillars,Kun Khalifat,Kun Khalifat,Kano Pillars,Olamide Okonkwo,RW,29,79,27,Turnover,73.47,46.68,Complete,0.0
4069,5,Kano Pillars,Kun Khalifat,Kun Khalifat,Kano Pillars,Femi Nwankwo,CM,21,79,30,Interception,26.29,38.53,Complete,0.0
4070,5,Kano Pillars,Kun Khalifat,Kano Pillars,Kun Khalifat,Aliyu Bello,ST,21,79,34,Shot on Target,89.86,20.13,Off Target,0.099
4071,5,Kano Pillars,Kun Khalifat,Kun Khalifat,Kano Pillars,Musa Usman,LB,20,79,43,Pass,51.77,47.75,Complete,0.0
4072,5,Kano Pillars,Kun Khalifat,Kun Khalifat,Kano Pillars,Daniel Egwuekwe,CAM,7,79,56,Successful Dribble,18.28,19.12,Complete,0.0
4073,5,Kano Pillars,Kun Khalifat,Kano Pillars,Kun Khalifat,Joseph Ekong,GK,6,79,56,Foul,40.8,34.19,Complete,0.0
4074,5,Kano Pillars,Kun Khalifat,Kano Pillars,Kun Khalifat,Joseph Ndukwe,LB,16,79,58,Shot,98.18,47.15,On Target,0.245
4075,5,Kano Pillars,Kun Khalifat,Kun Khalifat,Kano Pillars,Chukwuemeka Adeyemi,LB,10,79,58,Offside,18.79,80.0,Complete,0.0
4076,5,Kano Pillars,Kun Khalifat,Kano Pillars,Kun Khalifat,Aliyu Bello,ST,21,80,4,Cross,77.43,58.75,Complete,0.0
4077,5,Kano Pillars,Kun Khalifat,Kun Khalifat,Kano Pillars,Sani Adisa,LW,22,80,33,Turnover,13.29,67.14,Complete,0.0
4078,5,Kano Pillars,Kun Khalifat,Kano Pillars,Kun Khalifat,Ifeanyi Ndukwe,CDM,13,80,35,Big Chance,119.96,26.25,Off Target,0.597
4079,5,Kano Pillars,Kun Khalifat,Kano Pillars,Kun Khalifat,Chibuzor Sanni,CB,23,80,46,Tackle,56.2,20.52,Complete,0.0
4080,5,Kano Pillars,Kun Khalifat,Kano Pillars,Kun Khalifat,Ifeanyi Ndukwe,CDM,13,80,47,Foul,77.3,45.14,Complete,0.0
4081,5,Kano Pillars,Kun Khalifat,Kun Khalifat,Kano Pillars,Sani Adisa,LW,22,80,48,Tackle,51.45,44.39,Complete,0.0
4082,5,Kano Pillars,Kun Khalifat,Kano Pillars,Kun Khalifat,Chukwuemeka Ibrahim,LW,25,80,51,Tackle,76.75,38.59,Complete,0.0
4083,5,Kano Pillars,Kun Khalifat,Kano Pillars,Kun Khalifat,Yusuf Nnamdi,LB,29,80,59,Progressive Pass,103.26,61.59,Complete,0.0
4084,5,Kano Pillars,Kun Khalifat,Kano Pillars,Kun Khalifat,Praise Ndukwe,RB,19,81,2,Progressive Pass,36.03,62.4,Incomplete,0.0
4085,5,Kano Pillars,Kun Khalifat,Kun Khalifat,Kano Pillars,Sani Adisa,LW,22,81,3,Offside,24.64,22.37,Complete,0.0
4086,5,Kano Pillars,Kun Khalifat,Kano Pillars,Kun Khalifat,Praise Ndukwe,RB,19,81,16,Successful Dribble,119.11,77.15,Complete,0.0
4087,5,Kano Pillars,Kun Khalifat,Kano Pillars,Kun Khalifat,Olamide Mohammed,CAM,26,81,26,Interception,45.42,15.25,Complete,0.0
4088,5,Kano Pillars,Kun Khalifat,Kun Khalifat,Kano Pillars,Femi Nwankwo,CM,21,81,36,Pass,87.2,59.75,Complete,0.0
4089,5,Kano Pillars,Kun Khalifat,Kun Khalifat,Kano Pillars,Rasheed Nwankwo,CB,26,81,41,Pass,9.98,35.01,Complete,0.0
4090,5,Kano Pillars,Kun Khalifat,Kun Khalifat,Kano Pillars,Rasheed Mohammed,RW,1,81,42,Interception,23.88,32.14,Complete,0.0
4091,5,Kano Pillars,Kun Khalifat,Kun Khalifat,Kano Pillars,Rasheed Mohammed,RW,1,81,44,Successful Dribble,111.46,23.82,Complete,0.0
4092,5,Kano Pillars,Kun Khalifat,Kun Khalifat,Kano Pillars,Tunde Usman,LW,16,81,59,Pass,70.4,38.91,Complete,0.0
4093,5,Kano Pillars,Kun Khalifat,Kano Pillars,Kun Khalifat,Olamide Mohammed,CAM,26,82,13,Pass,90.53,24.15,Complete,0.0
4094,5,Kano Pillars,Kun Khalifat,Kun Khalifat,Kano Pillars,Sani Adisa,LW,22,82,18,Pass,19.84,56.47,Complete,0.0
4095,5,Kano Pillars,Kun Khalifat,Kun Khalifat,Kano Pillars,Femi Nwankwo,CM,21,82,23,Tackle,44.73,34.96,Complete,0.0
4096,5,Kano Pillars,Kun Khalifat,Kun Khalifat,Kano Pillars,Kunle Egwuekwe,ST,4,82,26,Cross,91.89,51.29,Complete,0.0
4097,5,Kano Pillars,Kun Khalifat,Kun Khalifat,Kano Pillars,Sani Adisa,LW,22,82,28,Pass,85.27,12.77,Complete,0.0
4098,5,Kano Pillars,Kun Khalifat,Kano Pillars,Kun Khalifat,Aliyu Bello,ST,21,82,54,Turnover,84.23,26.11,Complete,0.0
4099,5,Kano Pillars,Kun Khalifat,Kano Pillars,Kun Khalifat,Kelechi Afolabi,CDM,12,82,54,Tackle,20.76,31.31,Complete,0.0
4100,5,Kano Pillars,Kun Khalifat,Kun Khalifat,Kano Pillars,Sani Adisa,LW,22,82,55,Foul,45.84,42.0,Complete,0.0
4101,5,Kano Pillars,Kun Khalifat,Kano Pillars,Kun Khalifat,Olamide Mohammed,CAM,26,82,58,Interception,78.98,29.46,Complete,0.0
4102,5,Kano Pillars,Kun Khalifat,Kun Khalifat,Kano Pillars,Femi Nwankwo,CM,21,83,0,Progressive Pass,83.34,59.88,Complete,0.0
4103,5,Kano Pillars,Kun Khalifat,Kano Pillars,Kun Khalifat,Victor Adebayo,CAM,5,83,7,Turnover,23.2,56.6,Complete,0.0
4104,5,Kano Pillars,Kun Khalifat,Kun Khalifat,Kano Pillars,Kunle Egwuekwe,ST,4,83,10,Progressive Pass,100.45,70.86,Complete,0.0
4105,5,Kano Pillars,Kun Khalifat,Kun Khalifat,Kano Pillars,Femi Nwankwo,CM,21,83,13,Tackle,28.7,0.0,Complete,0.0
4106,5,Kano Pillars,Kun Khalifat,Kun Khalifat,Kano Pillars,Sani Adisa,LW,22,83,15,Dangerous Pass,89.5,80.0,Complete,0.0
4107,5,Kano Pillars,Kun Khalifat,Kano Pillars,Kun Khalifat,Joseph Ndukwe,LB,16,83,24,Dangerous Pass,87.99,68.11,Complete,0.0
4108,5,Kano Pillars,Kun Khalifat,Kun Khalifat,Kano Pillars,Musa Usman,LB,20,83,33,Dangerous Pass,100.85,37.11,Complete,0.0
4109,5,Kano Pillars,Kun Khalifat,Kun Khalifat,Kano Pillars,Abubakar Yakubu,LB,24,83,54,Successful Dribble,16.17,44.45,Complete,0.0
4110,5,Kano Pillars,Kun Khalifat,Kun Khalifat,Kano Pillars,Femi Nwankwo,CM,21,84,34,Corner,85.86,41.22,Complete,0.0
4111,5,Kano Pillars,Kun Khalifat,Kano Pillars,Kun Khalifat,Chidi Garba,RB,17,84,37,Dangerous Pass,109.47,43.57,Complete,0.0
4112,5,Kano Pillars,Kun Khalifat,Kano Pillars,Kun Khalifat,Emmanuel Lawal,CDM,24,84,43,Pass,53.07,41.57,Complete,0.0
4113,5,Kano Pillars,Kun Khalifat,Kano Pillars,Kun Khalifat,Aliyu Bello,ST,21,84,48,Cross,89.92,65.33,Complete,0.0
4114,5,Kano Pillars,Kun Khalifat,Kano Pillars,Kun Khalifat,Ifeanyi Ndukwe,CDM,13,85,0,Dangerous Pass,100.42,53.08,Incomplete,0.0
4115,5,Kano Pillars,Kun Khalifat,Kano Pillars,Kun Khalifat,Chukwuemeka Ibrahim,LW,25,85,2,Progressive Pass,15.94,54.96,Incomplete,0.0
4116,5,Kano Pillars,Kun Khalifat,Kano Pillars,Kun Khalifat,Chukwuemeka Ibrahim,LW,25,85,6,Shot,103.52,50.45,Off Target,0.283
4117,5,Kano Pillars,Kun Khalifat,Kano Pillars,Kun Khalifat,Olamide Mohammed,CAM,26,85,17,Tackle,32.37,55.96,Complete,0.0
4118,5,Kano Pillars,Kun Khalifat,Kano Pillars,Kun Khalifat,Aliyu Bello,ST,21,85,18,Progressive Pass,117.56,19.39,Incomplete,0.0
4119,5,Kano Pillars,Kun Khalifat,Kun Khalifat,Kano Pillars,Sani Adisa,LW,22,85,20,Foul,54.65,54.86,Complete,0.0
4120,5,Kano Pillars,Kun Khalifat,Kun Khalifat,Kano Pillars,Chidi Bello,ST,23,85,23,Progressive Pass,85.81,37.68,Complete,0.0
4121,5,Kano Pillars,Kun Khalifat,Kano Pillars,Kun Khalifat,Yusuf Nnamdi,LB,29,85,25,Pass,79.87,73.54,Complete,0.0
4122,5,Kano Pillars,Kun Khalifat,Kun Khalifat,Kano Pillars,Rasheed Mohammed,RW,1,85,27,Pass,18.35,63.57,Complete,0.0
4123,5,Kano Pillars,Kun Khalifat,Kun Khalifat,Kano Pillars,Sani Adisa,LW,22,85,35,Progressive Pass,2.91,12.48,Complete,0.0
4124,5,Kano Pillars,Kun Khalifat,Kun Khalifat,Kano Pillars,Abubakar Yakubu,LB,24,85,44,Pass,93.41,60.58,Complete,0.0
4125,5,Kano Pillars,Kun Khalifat,Kano Pillars,Kun Khalifat,Femi Sanni,LW,8,85,49,Pass,64.53,34.41,Complete,0.0
4126,5,Kano Pillars,Kun Khalifat,Kano Pillars,Kun Khalifat,Femi Sanni,LW,8,86,4,Pass,67.48,35.43,Complete,0.0
4127,5,Kano Pillars,Kun Khalifat,Kun Khalifat,Kano Pillars,Olamide Okonkwo,RW,29,86,21,Progressive Pass,78.61,26.09,Complete,0.0
4128,5,Kano Pillars,Kun Khalifat,Kun Khalifat,Kano Pillars,Suleiman Mohammed,RW,9,86,26,Pass,85.17,47.9,Complete,0.0
4129,5,Kano Pillars,Kun Khalifat,Kano Pillars,Kun Khalifat,Joseph Ndukwe,LB,16,86,28,Shot on Target,110.71,51.57,Off Target,0.335
4130,5,Kano Pillars,Kun Khalifat,Kano Pillars,Kun Khalifat,Victor Adebayo,CAM,5,86,32,Dangerous Pass,78.65,41.25,Complete,0.0
4131,5,Kano Pillars,Kun Khalifat,Kun Khalifat,Kano Pillars,Abdullahi Nwankwo,LB,6,86,36,Yellow Card,52.87,48.66,Complete,0.0
4132,5,Kano Pillars,Kun Khalifat,Kun Khalifat,Kano Pillars,Rasheed Mohammed,RW,1,86,43,Successful Dribble,70.26,54.25,Complete,0.0
4133,5,Kano Pillars,Kun Khalifat,Kano Pillars,Kun Khalifat,Victor Adebayo,CAM,5,86,50,Turnover,23.81,48.66,Complete,0.0
4134,5,Kano Pillars,Kun Khalifat,Kano Pillars,Kun Khalifat,Bayo Adebayo,GK,2,86,50,Cross,107.23,52.21,Complete,0.0
4135,5,Kano Pillars,Kun Khalifat,Kano Pillars,Kun Khalifat,Praise Ndukwe,RB,19,86,54,Interception,49.74,50.18,Complete,0.0
4136,5,Kano Pillars,Kun Khalifat,Kano Pillars,Kun Khalifat,Chukwuemeka Ibrahim,LW,25,87,2,Successful Dribble,59.08,67.1,Complete,0.0
4137,5,Kano Pillars,Kun Khalifat,Kano Pillars,Kun Khalifat,Femi Sanni,LW,8,87,2,Yellow Card,55.6,20.45,Complete,0.0
4138,5,Kano Pillars,Kun Khalifat,Kun Khalifat,Kano Pillars,Sani Adisa,LW,22,87,7,Successful Dribble,30.2,40.26,Complete,0.0
4139,5,Kano Pillars,Kun Khalifat,Kun Khalifat,Kano Pillars,Success Danjuma,CDM,25,87,15,Interception,24.31,48.04,Complete,0.0
4140,5,Kano Pillars,Kun Khalifat,Kano Pillars,Kun Khalifat,Olamide Mohammed,CAM,26,87,23,Foul,66.72,48.41,Complete,0.0
4141,5,Kano Pillars,Kun Khalifat,Kun Khalifat,Kano Pillars,Sani Adisa,LW,22,87,23,Turnover,68.91,31.38,Complete,0.0
4142,5,Kano Pillars,Kun Khalifat,Kun Khalifat,Kano Pillars,Olamide Okonkwo,RW,29,87,33,Pass,19.01,19.63,Complete,0.0
4143,5,Kano Pillars,Kun Khalifat,Kun Khalifat,Kano Pillars,Femi Nwankwo,CM,21,87,38,Pass,20.76,42.03,Complete,0.0
4144,5,Kano Pillars,Kun Khalifat,Kun Khalifat,Kano Pillars,Rasheed Mohammed,RW,1,87,41,Progressive Pass,95.88,54.85,Complete,0.0
4145,5,Kano Pillars,Kun Khalifat,Kun Khalifat,Kano Pillars,Sani Adisa,LW,22,87,50,Progressive Pass,30.27,55.85,Incomplete,0.0
4146,5,Kano Pillars,Kun Khalifat,Kun Khalifat,Kano Pillars,Femi Nwankwo,CM,21,87,51,Progressive Pass,109.19,47.94,Complete,0.0
4147,5,Kano Pillars,Kun Khalifat,Kun Khalifat,Kano Pillars,Sani Adisa,LW,22,87,57,Pass,35.64,54.31,Incomplete,0.0
4148,5,Kano Pillars,Kun Khalifat,Kun Khalifat,Kano Pillars,Damilare Egwuekwe,RW,3,87,58,Progressive Pass,103.66,38.48,Complete,0.0
4149,5,Kano Pillars,Kun Khalifat,Kano Pillars,Kun Khalifat,Kelechi Afolabi,CDM,12,87,59,Cross,96.65,0.0,Incomplete,0.0
4150,5,Kano Pillars,Kun Khalifat,Kano Pillars,Kun Khalifat,Praise Ndukwe,RB,19,88,12,Pass,27.14,43.37,Complete,0.0
4151,5,Kano Pillars,Kun Khalifat,Kun Khalifat,Kano Pillars,Abubakar Yakubu,LB,24,88,17,Foul,13.59,25.46,Complete,0.0
4152,5,Kano Pillars,Kun Khalifat,Kun Khalifat,Kano Pillars,Suleiman Mohammed,RW,9,88,18,Yellow Card,41.0,50.65,Complete,0.0
4153,5,Kano Pillars,Kun Khalifat,Kano Pillars,Kun Khalifat,Yusuf Nnamdi,LB,29,88,23,Dangerous Pass,94.13,56.32,Complete,0.0
4154,5,Kano Pillars,Kun Khalifat,Kano Pillars,Kun Khalifat,Joseph Ndukwe,LB,16,88,39,Pass,56.16,64.88,Complete,0.0
4155,5,Kano Pillars,Kun Khalifat,Kun Khalifat,Kano Pillars,Sani Adisa,LW,22,89,3,Successful Dribble,36.97,38.58,Complete,0.0
4156,5,Kano Pillars,Kun Khalifat,Kun Khalifat,Kano Pillars,Sani Adisa,LW,22,89,9,Pass,20.72,12.18,Complete,0.0
4157,5,Kano Pillars,Kun Khalifat,Kano Pillars,Kun Khalifat,Kelechi Afolabi,CDM,12,89,31,Pass,18.27,11.54,Incomplete,0.0
4158,5,Kano Pillars,Kun Khalifat,Kun Khalifat,Kano Pillars,Abubakar Yakubu,LB,24,89,32,Pass,46.03,41.62,Incomplete,0.0
4159,5,Kano Pillars,Kun Khalifat,Kano Pillars,Kun Khalifat,Emmanuel Lawal,CDM,24,90,5,Pass,16.15,75.39,Complete,0.0
4160,5,Kano Pillars,Kun Khalifat,Kano Pillars,Kun Khalifat,Joseph Ndukwe,LB,16,90,24,Progressive Pass,89.21,53.72,Complete,0.0
4161,5,Kano Pillars,Kun Khalifat,Kano Pillars,Kun Khalifat,Chukwuemeka Ibrahim,LW,25,90,25,Shot,111.05,41.15,Off Target,0.4
4162,5,Kano Pillars,Kun Khalifat,Kano Pillars,Kun Khalifat,Victor Adebayo,CAM,5,90,25,Pass,98.88,53.47,Complete,0.0
4163,5,Kano Pillars,Kun Khalifat,Kano Pillars,Kun Khalifat,Praise Ndukwe,RB,19,90,38,Turnover,66.44,51.08,Complete,0.0
4164,5,Kano Pillars,Kun Khalifat,Kun Khalifat,Kano Pillars,Kunle Egwuekwe,ST,4,90,51,Progressive Pass,106.97,27.84,Complete,0.0
4165,5,Kano Pillars,Kun Khalifat,Kun Khalifat,Kano Pillars,Abubakar Yakubu,LB,24,90,53,Cross,76.09,80.0,Complete,0.0
4166,6,Niger Tornadoes,Kwara United,Niger Tornadoes,Kwara United,Chinedu Nwankwo,RB,10,0,0,Cross,99.65,3.47,Complete,0.0
4167,6,Niger Tornadoes,Kwara United,Kwara United,Niger Tornadoes,Tunde Sanni,CB,14,0,16,Turnover,21.38,33.95,Complete,0.0
4168,6,Niger Tornadoes,Kwara United,Niger Tornadoes,Kwara United,Abubakar Osazuwa,LB,28,0,27,Pass,19.24,7.8,Complete,0.0
4169,6,Niger Tornadoes,Kwara United,Niger Tornadoes,Kwara United,Sani Nwankwo,CAM,25,0,28,Turnover,79.44,41.06,Complete,0.0
4170,6,Niger Tornadoes,Kwara United,Niger Tornadoes,Kwara United,Chinedu Nwankwo,RB,10,0,32,Tackle,70.73,75.08,Complete,0.0
4171,6,Niger Tornadoes,Kwara United,Niger Tornadoes,Kwara United,Sani Nwankwo,CAM,25,0,34,Progressive Pass,67.59,80.0,Complete,0.0
4172,6,Niger Tornadoes,Kwara United,Kwara United,Niger Tornadoes,Femi Osazuwa,RB,25,0,40,Tackle,54.96,31.52,Complete,0.0
4173,6,Niger Tornadoes,Kwara United,Niger Tornadoes,Kwara United,Aliyu Usman,RW,23,0,42,Pass,29.68,52.42,Complete,0.0
4174,6,Niger Tornadoes,Kwara United,Niger Tornadoes,Kwara United,Ibrahim Ndukwe,LB,19,0,48,Dangerous Pass,109.27,28.3,Complete,0.0
4175,6,Niger Tornadoes,Kwara United,Niger Tornadoes,Kwara United,Emeka Usman,LW,18,1,3,Pass,28.41,47.97,Complete,0.0
4176,6,Niger Tornadoes,Kwara United,Niger Tornadoes,Kwara United,Victor Ekong,GK,11,1,4,Progressive Pass,6.71,35.58,Complete,0.0
4177,6,Niger Tornadoes,Kwara United,Niger Tornadoes,Kwara United,Obinna Egwuekwe,LB,17,1,4,Tackle,43.47,45.75,Complete,0.0
4178,6,Niger Tornadoes,Kwara United,Kwara United,Niger Tornadoes,Wale Yakubu,ST,29,1,7,Foul,49.06,33.15,Complete,0.0
4179,6,Niger Tornadoes,Kwara United,Kwara United,Niger Tornadoes,Ibrahim Osazuwa,LW,20,1,11,Turnover,13.63,33.41,Complete,0.0
4180,6,Niger Tornadoes,Kwara United,Niger Tornadoes,Kwara United,Aliyu Usman,RW,23,1,19,Foul,44.04,53.43,Complete,0.0
4181,6,Niger Tornadoes,Kwara United,Kwara United,Niger Tornadoes,Obinna Okonkwo,LW,24,1,34,Interception,50.95,32.07,Complete,0.0
4182,6,Niger Tornadoes,Kwara United,Kwara United,Niger Tornadoes,Victor Okafor,CB,16,1,37,Foul,41.83,14.42,Complete,0.0
4183,6,Niger Tornadoes,Kwara United,Kwara United,Niger Tornadoes,Praise Balogun,CM,6,1,47,Pass,49.65,21.2,Complete,0.0
4184,6,Niger Tornadoes,Kwara United,Niger Tornadoes,Kwara United,Chinedu Nwankwo,RB,10,1,51,Turnover,32.08,31.84,Complete,0.0
4185,6,Niger Tornadoes,Kwara United,Niger Tornadoes,Kwara United,Chibuzor Onuoha,CAM,9,2,0,Progressive Pass,58.86,40.62,Complete,0.0
4186,6,Niger Tornadoes,Kwara United,Kwara United,Niger Tornadoes,Victor Okafor,CB,16,2,4,Successful Dribble,67.56,0.0,Complete,0.0
4187,6,Niger Tornadoes,Kwara United,Kwara United,Niger Tornadoes,Femi Osazuwa,RB,25,2,16,Turnover,15.81,15.74,Complete,0.0
4188,6,Niger Tornadoes,Kwara United,Niger Tornadoes,Kwara United,Samuel Adebayo,CM,15,2,24,Tackle,42.46,16.15,Complete,0.0
4189,6,Niger Tornadoes,Kwara United,Kwara United,Niger Tornadoes,Chidi Nnamdi,RW,19,2,28,Pass,115.25,38.19,Complete,0.0
4190,6,Niger Tornadoes,Kwara United,Niger Tornadoes,Kwara United,Ibrahim Ndukwe,LB,19,2,30,Successful Dribble,116.05,23.09,Complete,0.0
4191,6,Niger Tornadoes,Kwara United,Niger Tornadoes,Kwara United,Emeka Usman,LW,18,2,33,Pass,44.62,80.0,Complete,0.0
4192,6,Niger Tornadoes,Kwara United,Niger Tornadoes,Kwara United,Adewale Adebayo,RW,8,2,33,Corner,116.83,28.76,Complete,0.0
4193,6,Niger Tornadoes,Kwara United,Niger Tornadoes,Kwara United,Aliyu Usman,RW,23,2,47,Interception,21.57,58.5,Complete,0.0
4194,6,Niger Tornadoes,Kwara United,Niger Tornadoes,Kwara United,Sani Nwankwo,CAM,25,2,48,Tackle,82.42,35.28,Complete,0.0
4195,6,Niger Tornadoes,Kwara United,Kwara United,Niger Tornadoes,Obinna Okonkwo,LW,24,2,50,Progressive Pass,91.23,51.65,Complete,0.0
4196,6,Niger Tornadoes,Kwara United,Kwara United,Niger Tornadoes,Victor Okafor,CB,16,2,51,Progressive Pass,31.13,37.09,Incomplete,0.0
4197,6,Niger Tornadoes,Kwara United,Niger Tornadoes,Kwara United,Rasheed Ojo,LB,24,2,56,Shot on Target,100.52,44.23,Off Target,0.278
4198,6,Niger Tornadoes,Kwara United,Kwara United,Niger Tornadoes,Aliyu Egwuekwe,RB,4,2,56,Successful Dribble,32.02,28.24,Complete,0.0
4199,6,Niger Tornadoes,Kwara United,Kwara United,Niger Tornadoes,Emeka Afolabi,CB,28,3,5,Pass,22.69,22.7,Complete,0.0
4200,6,Niger Tornadoes,Kwara United,Kwara United,Niger Tornadoes,Chidi Balogun,CB,15,3,19,Shot,109.64,31.38,On Target,0.35
4201,6,Niger Tornadoes,Kwara United,Kwara United,Niger Tornadoes,Victor Okafor,CB,16,3,51,Interception,65.52,49.87,Complete,0.0
4202,6,Niger Tornadoes,Kwara United,Kwara United,Niger Tornadoes,Obinna Adebayo,LW,11,3,57,Tackle,64.52,6.34,Complete,0.0
4203,6,Niger Tornadoes,Kwara United,Kwara United,Niger Tornadoes,Emeka Afolabi,CB,28,4,8,Successful Dribble,107.81,33.74,Complete,0.0
4204,6,Niger Tornadoes,Kwara United,Niger Tornadoes,Kwara United,Chibuzor Onuoha,CAM,9,4,22,Big Chance,106.56,28.49,On Target,0.553
4205,6,Niger Tornadoes,Kwara United,Niger Tornadoes,Kwara United,Samuel Adebayo,CM,15,4,25,Tackle,83.98,34.11,Complete,0.0
4206,6,Niger Tornadoes,Kwara United,Kwara United,Niger Tornadoes,Emeka Afolabi,CB,28,4,39,Tackle,53.71,74.51,Complete,0.0
4207,6,Niger Tornadoes,Kwara United,Kwara United,Niger Tornadoes,Obinna Adebayo,LW,11,4,40,Pass,65.55,11.87,Incomplete,0.0
4208,6,Niger Tornadoes,Kwara United,Niger Tornadoes,Kwara United,Rasheed Ojo,LB,24,4,40,Turnover,23.41,46.92,Complete,0.0
4209,6,Niger Tornadoes,Kwara United,Kwara United,Niger Tornadoes,Chidi Balogun,CB,15,4,45,Successful Dribble,70.49,74.29,Complete,0.0
4210,6,Niger Tornadoes,Kwara United,Niger Tornadoes,Kwara United,Kelechi Ibrahim,GK,26,4,51,Pass,80.24,36.37,Complete,0.0
4211,6,Niger Tornadoes,Kwara United,Niger Tornadoes,Kwara United,Obinna Egwuekwe,LB,17,4,54,Big Chance,98.35,13.95,Off Target,0.374
4212,6,Niger Tornadoes,Kwara United,Niger Tornadoes,Kwara United,Kelechi Ibrahim,GK,26,4,57,Tackle,64.29,39.8,Complete,0.0
4213,6,Niger Tornadoes,Kwara United,Kwara United,Niger Tornadoes,Wale Yakubu,ST,29,4,58,Pass,7.41,48.21,Incomplete,0.0
4214,6,Niger Tornadoes,Kwara United,Niger Tornadoes,Kwara United,Adewale Adebayo,RW,8,5,6,Turnover,44.02,51.08,Complete,0.0
4215,6,Niger Tornadoes,Kwara United,Niger Tornadoes,Kwara United,Aliyu Usman,RW,23,5,17,Tackle,43.38,49.04,Complete,0.0
4216,6,Niger Tornadoes,Kwara United,Niger Tornadoes,Kwara United,Abubakar Osazuwa,LB,28,5,22,Pass,84.58,37.66,Complete,0.0
4217,6,Niger Tornadoes,Kwara United,Niger Tornadoes,Kwara United,Emeka Usman,LW,18,5,24,Pass,7.77,16.27,Complete,0.0
4218,6,Niger Tornadoes,Kwara United,Niger Tornadoes,Kwara United,Samuel Afolabi,LB,7,5,28,Pass,105.12,26.08,Complete,0.0
4219,6,Niger Tornadoes,Kwara United,Kwara United,Niger Tornadoes,Chidi Nnamdi,RW,19,5,29,Tackle,21.1,39.32,Complete,0.0
4220,6,Niger Tornadoes,Kwara United,Niger Tornadoes,Kwara United,Victor Ekong,GK,11,5,32,Cross,98.51,48.53,Complete,0.0
4221,6,Niger Tornadoes,Kwara United,Niger Tornadoes,Kwara United,Obinna Egwuekwe,LB,17,5,37,Tackle,39.92,39.09,Complete,0.0
4222,6,Niger Tornadoes,Kwara United,Kwara United,Niger Tornadoes,Ibrahim Osazuwa,LW,20,5,40,Progressive Pass,93.33,43.77,Complete,0.0
4223,6,Niger Tornadoes,Kwara United,Niger Tornadoes,Kwara United,Obinna Egwuekwe,LB,17,5,44,Tackle,42.9,35.71,Complete,0.0
4224,6,Niger Tornadoes,Kwara United,Niger Tornadoes,Kwara United,Aliyu Usman,RW,23,5,47,Pass,106.9,71.99,Complete,0.0
4225,6,Niger Tornadoes,Kwara United,Niger Tornadoes,Kwara United,Rasheed Ojo,LB,24,6,1,Pass,111.39,48.21,Complete,0.0
4226,6,Niger Tornadoes,Kwara United,Niger Tornadoes,Kwara United,Success Okafor,CAM,20,6,17,Tackle,59.35,69.47,Complete,0.0
4227,6,Niger Tornadoes,Kwara United,Kwara United,Niger Tornadoes,Victor Okafor,CB,16,6,23,Dangerous Pass,87.23,34.68,Complete,0.0
4228,6,Niger Tornadoes,Kwara United,Niger Tornadoes,Kwara United,Victor Ekong,GK,11,6,25,Pass,98.06,45.1,Complete,0.0
4229,6,Niger Tornadoes,Kwara United,Kwara United,Niger Tornadoes,Praise Balogun,CM,6,6,30,Cross,78.22,45.95,Complete,0.0
4230,6,Niger Tornadoes,Kwara United,Niger Tornadoes,Kwara United,Rasheed Ojo,LB,24,6,37,Interception,72.14,22.63,Complete,0.0
4231,6,Niger Tornadoes,Kwara United,Niger Tornadoes,Kwara United,Samuel Afolabi,LB,7,6,59,Successful Dribble,25.15,14.94,Complete,0.0
4232,6,Niger Tornadoes,Kwara United,Niger Tornadoes,Kwara United,Kelechi Ibrahim,GK,26,7,11,Shot,117.42,39.8,Off Target,0.471
4233,6,Niger Tornadoes,Kwara United,Kwara United,Niger Tornadoes,Chidi Balogun,CB,15,7,23,Foul,58.93,39.26,Complete,0.0
4234,6,Niger Tornadoes,Kwara United,Niger Tornadoes,Kwara United,Success Okafor,CAM,20,7,25,Goal,108.43,39.09,Goal,0.471
4235,6,Niger Tornadoes,Kwara United,Kwara United,Niger Tornadoes,Chidi Nnamdi,RW,19,7,29,Cross,108.65,49.29,Complete,0.0
4236,6,Niger Tornadoes,Kwara United,Niger Tornadoes,Kwara United,Kelechi Ibrahim,GK,26,7,54,Turnover,65.37,19.97,Complete,0.0
4237,6,Niger Tornadoes,Kwara United,Niger Tornadoes,Kwara United,Abubakar Osazuwa,LB,28,8,4,Tackle,79.73,49.6,Complete,0.0
4238,6,Niger Tornadoes,Kwara United,Niger Tornadoes,Kwara United,Sani Nwankwo,CAM,25,8,7,Successful Dribble,58.71,59.79,Complete,0.0
4239,6,Niger Tornadoes,Kwara United,Niger Tornadoes,Kwara United,Chibuzor Onuoha,CAM,9,8,11,Pass,89.56,43.65,Complete,0.0
4240,6,Niger Tornadoes,Kwara United,Niger Tornadoes,Kwara United,Samuel Adebayo,CM,15,8,12,Pass,15.63,35.82,Incomplete,0.0
4241,6,Niger Tornadoes,Kwara United,Niger Tornadoes,Kwara United,Sani Nwankwo,CAM,25,8,15,Cross,79.19,45.31,Complete,0.0
4242,6,Niger Tornadoes,Kwara United,Niger Tornadoes,Kwara United,Chibuzor Onuoha,CAM,9,8,18,Progressive Pass,8.97,23.84,Complete,0.0
4243,6,Niger Tornadoes,Kwara United,Kwara United,Niger Tornadoes,Tunde Sanni,CB,14,8,33,Progressive Pass,15.23,27.36,Complete,0.0
4244,6,Niger Tornadoes,Kwara United,Niger Tornadoes,Kwara United,Victor Ekong,GK,11,8,39,Tackle,54.69,69.97,Complete,0.0
4245,6,Niger Tornadoes,Kwara United,Niger Tornadoes,Kwara United,Victor Ekong,GK,11,8,50,Tackle,44.05,30.37,Complete,0.0
4246,6,Niger Tornadoes,Kwara United,Kwara United,Niger Tornadoes,Uche Garba,ST,10,8,57,Progressive Pass,29.54,43.95,Complete,0.0
4247,6,Niger Tornadoes,Kwara United,Kwara United,Niger Tornadoes,Aliyu Egwuekwe,RB,4,8,57,Pass,102.16,80.0,Complete,0.0
4248,6,Niger Tornadoes,Kwara United,Kwara United,Niger Tornadoes,Chidi Nnamdi,RW,19,8,59,Pass,61.86,66.98,Complete,0.0
4249,6,Niger Tornadoes,Kwara United,Kwara United,Niger Tornadoes,Ibrahim Osazuwa,LW,20,9,5,Pass,51.67,27.93,Complete,0.0
4250,6,Niger Tornadoes,Kwara United,Niger Tornadoes,Kwara United,Success Okafor,CAM,20,9,14,Cross,105.62,66.59,Complete,0.0
4251,6,Niger Tornadoes,Kwara United,Kwara United,Niger Tornadoes,Emeka Afolabi,CB,28,9,16,Pass,86.44,25.46,Complete,0.0
4252,6,Niger Tornadoes,Kwara United,Kwara United,Niger Tornadoes,Femi Osazuwa,RB,25,9,16,Pass,72.85,16.42,Complete,0.0
4253,6,Niger Tornadoes,Kwara United,Niger Tornadoes,Kwara United,Rasheed Ojo,LB,24,9,19,Interception,71.9,57.91,Complete,0.0
4254,6,Niger Tornadoes,Kwara United,Kwara United,Niger Tornadoes,Praise Balogun,CM,6,9,21,Pass,39.04,37.3,Complete,0.0
4255,6,Niger Tornadoes,Kwara United,Niger Tornadoes,Kwara United,Sani Nwankwo,CAM,25,9,23,Foul,55.25,15.1,Complete,0.0
4256,6,Niger Tornadoes,Kwara United,Niger Tornadoes,Kwara United,Ibrahim Ndukwe,LB,19,9,28,Successful Dribble,92.47,41.38,Complete,0.0
4257,6,Niger Tornadoes,Kwara United,Niger Tornadoes,Kwara United,Aliyu Usman,RW,23,9,30,Successful Dribble,25.11,38.99,Complete,0.0
4258,6,Niger Tornadoes,Kwara United,Niger Tornadoes,Kwara United,Daniel Chukwuma,ST,13,9,32,Progressive Pass,60.36,40.08,Complete,0.0
4259,6,Niger Tornadoes,Kwara United,Kwara United,Niger Tornadoes,Praise Balogun,CM,6,9,40,Tackle,18.19,0.0,Complete,0.0
4260,6,Niger Tornadoes,Kwara United,Niger Tornadoes,Kwara United,Emeka Usman,LW,18,9,43,Foul,12.46,17.58,Complete,0.0
4261,6,Niger Tornadoes,Kwara United,Kwara United,Niger Tornadoes,Chidi Balogun,CB,15,9,44,Pass,90.87,16.69,Complete,0.0
4262,6,Niger Tornadoes,Kwara United,Niger Tornadoes,Kwara United,Samuel Adebayo,CM,15,9,52,Progressive Pass,42.66,16.17,Complete,0.0
4263,6,Niger Tornadoes,Kwara United,Kwara United,Niger Tornadoes,Joseph Usman,RB,2,9,58,Pass,59.32,46.79,Incomplete,0.0
4264,6,Niger Tornadoes,Kwara United,Niger Tornadoes,Kwara United,Daniel Chukwuma,ST,13,10,12,Pass,102.93,31.58,Incomplete,0.0
4265,6,Niger Tornadoes,Kwara United,Kwara United,Niger Tornadoes,Aliyu Egwuekwe,RB,4,10,21,Pass,33.22,59.7,Complete,0.0
4266,6,Niger Tornadoes,Kwara United,Kwara United,Niger Tornadoes,Chidi Balogun,CB,15,10,23,Tackle,71.01,34.53,Complete,0.0
4267,6,Niger Tornadoes,Kwara United,Niger Tornadoes,Kwara United,Sani Nwankwo,CAM,25,10,30,Pass,70.62,27.53,Complete,0.0
4268,6,Niger Tornadoes,Kwara United,Niger Tornadoes,Kwara United,Abubakar Osazuwa,LB,28,10,52,Pass,112.23,48.99,Incomplete,0.0
4269,6,Niger Tornadoes,Kwara United,Kwara United,Niger Tornadoes,Femi Osazuwa,RB,25,11,3,Progressive Pass,79.99,55.0,Complete,0.0
4270,6,Niger Tornadoes,Kwara United,Niger Tornadoes,Kwara United,Obinna Egwuekwe,LB,17,11,5,Tackle,44.21,33.79,Complete,0.0
4271,6,Niger Tornadoes,Kwara United,Niger Tornadoes,Kwara United,Success Okafor,CAM,20,11,5,Turnover,19.0,42.09,Complete,0.0
4272,6,Niger Tornadoes,Kwara United,Kwara United,Niger Tornadoes,Femi Osazuwa,RB,25,11,17,Tackle,19.88,73.95,Complete,0.0
4273,6,Niger Tornadoes,Kwara United,Niger Tornadoes,Kwara United,Chibuzor Onuoha,CAM,9,11,19,Successful Dribble,113.24,72.21,Complete,0.0
4274,6,Niger Tornadoes,Kwara United,Kwara United,Niger Tornadoes,Obinna Okonkwo,LW,24,11,33,Shot,116.62,21.71,Off Target,0.293
4275,6,Niger Tornadoes,Kwara United,Kwara United,Niger Tornadoes,Obinna Adebayo,LW,11,11,46,Pass,90.32,27.49,Complete,0.0
4276,6,Niger Tornadoes,Kwara United,Niger Tornadoes,Kwara United,Abubakar Osazuwa,LB,28,11,48,Dangerous Pass,97.49,37.67,Complete,0.0
4277,6,Niger Tornadoes,Kwara United,Niger Tornadoes,Kwara United,Daniel Chukwuma,ST,13,11,55,Tackle,79.15,30.72,Complete,0.0
4278,6,Niger Tornadoes,Kwara United,Kwara United,Niger Tornadoes,Victor Okafor,CB,16,11,57,Successful Dribble,77.28,4.76,Complete,0.0
4279,6,Niger Tornadoes,Kwara United,Kwara United,Niger Tornadoes,Obinna Adebayo,LW,11,12,6,Tackle,60.15,28.0,Complete,0.0
4280,6,Niger Tornadoes,Kwara United,Niger Tornadoes,Kwara United,Obinna Egwuekwe,LB,17,12,15,Progressive Pass,7.8,33.98,Complete,0.0
4281,6,Niger Tornadoes,Kwara United,Kwara United,Niger Tornadoes,Ibrahim Osazuwa,LW,20,12,15,Corner,112.8,43.24,Complete,0.0
4282,6,Niger Tornadoes,Kwara United,Niger Tornadoes,Kwara United,Abubakar Osazuwa,LB,28,12,18,Dangerous Pass,106.91,39.2,Complete,0.0
4283,6,Niger Tornadoes,Kwara United,Niger Tornadoes,Kwara United,Samuel Adebayo,CM,15,12,23,Dangerous Pass,91.05,80.0,Complete,0.0
4284,6,Niger Tornadoes,Kwara United,Niger Tornadoes,Kwara United,Kelechi Ibrahim,GK,26,12,24,Foul,38.6,80.0,Complete,0.0
4285,6,Niger Tornadoes,Kwara United,Niger Tornadoes,Kwara United,Success Okafor,CAM,20,12,25,Pass,103.23,65.83,Complete,0.0
4286,6,Niger Tornadoes,Kwara United,Kwara United,Niger Tornadoes,Joseph Usman,RB,2,12,35,Pass,96.5,49.54,Complete,0.0
4287,6,Niger Tornadoes,Kwara United,Niger Tornadoes,Kwara United,Rasheed Ojo,LB,24,12,50,Turnover,46.68,43.31,Complete,0.0
4288,6,Niger Tornadoes,Kwara United,Niger Tornadoes,Kwara United,Rasheed Ojo,LB,24,13,7,Pass,94.01,49.98,Complete,0.0
4289,6,Niger Tornadoes,Kwara United,Kwara United,Niger Tornadoes,Obinna Adebayo,LW,11,13,32,Pass,19.01,46.0,Complete,0.0
4290,6,Niger Tornadoes,Kwara United,Niger Tornadoes,Kwara United,Emeka Usman,LW,18,13,33,Pass,15.26,24.07,Complete,0.0
4291,6,Niger Tornadoes,Kwara United,Kwara United,Niger Tornadoes,Joseph Usman,RB,2,13,37,Tackle,81.99,36.88,Complete,0.0
4292,6,Niger Tornadoes,Kwara United,Niger Tornadoes,Kwara United,Ibrahim Ndukwe,LB,19,13,39,Cross,102.13,37.67,Complete,0.0
4293,6,Niger Tornadoes,Kwara United,Kwara United,Niger Tornadoes,Chidi Nnamdi,RW,19,13,42,Progressive Pass,4.99,58.44,Complete,0.0
4294,6,Niger Tornadoes,Kwara United,Kwara United,Niger Tornadoes,Joseph Usman,RB,2,13,46,Dangerous Pass,70.48,59.77,Complete,0.0
4295,6,Niger Tornadoes,Kwara United,Kwara United,Niger Tornadoes,Victor Okafor,CB,16,13,53,Corner,93.09,35.91,Complete,0.0
4296,6,Niger Tornadoes,Kwara United,Niger Tornadoes,Kwara United,Adewale Adebayo,RW,8,13,55,Turnover,87.23,39.95,Complete,0.0
4297,6,Niger Tornadoes,Kwara United,Kwara United,Niger Tornadoes,Ifeanyi Ogundele,LW,23,14,6,Turnover,84.24,22.64,Complete,0.0
4298,6,Niger Tornadoes,Kwara United,Niger Tornadoes,Kwara United,Aliyu Usman,RW,23,14,15,Progressive Pass,60.9,23.79,Complete,0.0
4299,6,Niger Tornadoes,Kwara United,Kwara United,Niger Tornadoes,Femi Osazuwa,RB,25,14,18,Offside,95.68,1.63,Complete,0.0
4300,6,Niger Tornadoes,Kwara United,Kwara United,Niger Tornadoes,Sani Adisa,ST,18,14,25,Pass,37.02,19.51,Incomplete,0.0
4301,6,Niger Tornadoes,Kwara United,Niger Tornadoes,Kwara United,Aliyu Usman,RW,23,14,53,Dangerous Pass,94.88,80.0,Complete,0.0
4302,6,Niger Tornadoes,Kwara United,Kwara United,Niger Tornadoes,Ifeanyi Ogundele,LW,23,14,55,Interception,39.97,62.11,Complete,0.0
4303,6,Niger Tornadoes,Kwara United,Kwara United,Niger Tornadoes,Ifeanyi Ogundele,LW,23,14,56,Corner,101.5,29.28,Complete,0.0
4304,6,Niger Tornadoes,Kwara United,Kwara United,Niger Tornadoes,Obinna Adebayo,LW,11,14,57,Cross,80.59,25.61,Complete,0.0
4305,6,Niger Tornadoes,Kwara United,Niger Tornadoes,Kwara United,Success Okafor,CAM,20,15,1,Tackle,14.44,43.5,Complete,0.0
4306,6,Niger Tornadoes,Kwara United,Kwara United,Niger Tornadoes,Victor Okafor,CB,16,15,5,Tackle,15.9,26.12,Complete,0.0
4307,6,Niger Tornadoes,Kwara United,Kwara United,Niger Tornadoes,Ibrahim Osazuwa,LW,20,15,5,Pass,103.15,15.93,Complete,0.0
4308,6,Niger Tornadoes,Kwara United,Kwara United,Niger Tornadoes,Ifeanyi Ogundele,LW,23,15,7,Pass,103.94,28.28,Complete,0.0
4309,6,Niger Tornadoes,Kwara United,Niger Tornadoes,Kwara United,Obinna Egwuekwe,LB,17,15,10,Dangerous Pass,112.67,0.0,Complete,0.0
4310,6,Niger Tornadoes,Kwara United,Kwara United,Niger Tornadoes,Victor Okafor,CB,16,15,12,Pass,57.47,48.56,Complete,0.0
4311,6,Niger Tornadoes,Kwara United,Niger Tornadoes,Kwara United,Ibrahim Ndukwe,LB,19,15,12,Pass,83.98,6.95,Complete,0.0
4312,6,Niger Tornadoes,Kwara United,Niger Tornadoes,Kwara United,Samuel Afolabi,LB,7,15,23,Cross,116.07,57.01,Incomplete,0.0
4313,6,Niger Tornadoes,Kwara United,Niger Tornadoes,Kwara United,Kelechi Ibrahim,GK,26,15,35,Shot,109.52,13.83,Off Target,0.187
4314,6,Niger Tornadoes,Kwara United,Niger Tornadoes,Kwara United,Kelechi Ibrahim,GK,26,15,38,Cross,73.55,45.84,Incomplete,0.0
4315,6,Niger Tornadoes,Kwara United,Niger Tornadoes,Kwara United,Success Okafor,CAM,20,16,6,Interception,45.39,80.0,Complete,0.0
4316,6,Niger Tornadoes,Kwara United,Niger Tornadoes,Kwara United,Kelechi Ibrahim,GK,26,16,28,Tackle,69.79,24.23,Complete,0.0
4317,6,Niger Tornadoes,Kwara United,Niger Tornadoes,Kwara United,Abubakar Osazuwa,LB,28,16,44,Pass,19.26,61.3,Complete,0.0
4318,6,Niger Tornadoes,Kwara United,Kwara United,Niger Tornadoes,Ifeanyi Ogundele,LW,23,16,55,Shot,108.67,33.84,On Target,0.357
4319,6,Niger Tornadoes,Kwara United,Niger Tornadoes,Kwara United,Abubakar Osazuwa,LB,28,16,56,Pass,100.16,32.2,Incomplete,0.0
4320,6,Niger Tornadoes,Kwara United,Niger Tornadoes,Kwara United,Success Okafor,CAM,20,17,1,Turnover,74.84,47.88,Complete,0.0
4321,6,Niger Tornadoes,Kwara United,Kwara United,Niger Tornadoes,Ibrahim Osazuwa,LW,20,17,4,Pass,89.09,66.05,Incomplete,0.0
4322,6,Niger Tornadoes,Kwara United,Kwara United,Niger Tornadoes,Obinna Adebayo,LW,11,17,5,Pass,59.08,44.64,Incomplete,0.0
4323,6,Niger Tornadoes,Kwara United,Niger Tornadoes,Kwara United,Chinedu Nwankwo,RB,10,17,11,Progressive Pass,78.25,80.0,Complete,0.0
4324,6,Niger Tornadoes,Kwara United,Niger Tornadoes,Kwara United,Daniel Chukwuma,ST,13,17,18,Progressive Pass,79.07,43.94,Complete,0.0
4325,6,Niger Tornadoes,Kwara United,Niger Tornadoes,Kwara United,Chinedu Nwankwo,RB,10,17,25,Dangerous Pass,70.76,0.0,Complete,0.0
4326,6,Niger Tornadoes,Kwara United,Kwara United,Niger Tornadoes,Aliyu Egwuekwe,RB,4,17,45,Pass,90.74,58.45,Complete,0.0
4327,6,Niger Tornadoes,Kwara United,Niger Tornadoes,Kwara United,Rasheed Ojo,LB,24,17,53,Turnover,44.28,21.93,Complete,0.0
4328,6,Niger Tornadoes,Kwara United,Niger Tornadoes,Kwara United,Obinna Egwuekwe,LB,17,18,0,Turnover,11.9,38.01,Complete,0.0
4329,6,Niger Tornadoes,Kwara United,Niger Tornadoes,Kwara United,Aliyu Usman,RW,23,18,28,Turnover,21.52,15.72,Complete,0.0
4330,6,Niger Tornadoes,Kwara United,Kwara United,Niger Tornadoes,Obinna Adebayo,LW,11,18,50,Red Card,48.58,40.16,Complete,0.0
4331,6,Niger Tornadoes,Kwara United,Kwara United,Niger Tornadoes,Joseph Usman,RB,2,18,50,Successful Dribble,43.98,41.21,Complete,0.0
4332,6,Niger Tornadoes,Kwara United,Niger Tornadoes,Kwara United,Sani Nwankwo,CAM,25,18,53,Pass,95.2,0.0,Complete,0.0
4333,6,Niger Tornadoes,Kwara United,Niger Tornadoes,Kwara United,Emeka Usman,LW,18,19,9,Interception,37.23,59.55,Complete,0.0
4334,6,Niger Tornadoes,Kwara United,Niger Tornadoes,Kwara United,Kelechi Ibrahim,GK,26,19,17,Shot,89.22,9.11,On Target,0.02
4335,6,Niger Tornadoes,Kwara United,Niger Tornadoes,Kwara United,Samuel Adebayo,CM,15,19,19,Foul,53.38,65.85,Complete,0.0
4336,6,Niger Tornadoes,Kwara United,Niger Tornadoes,Kwara United,Rasheed Ojo,LB,24,19,21,Turnover,11.76,29.09,Complete,0.0
4337,6,Niger Tornadoes,Kwara United,Kwara United,Niger Tornadoes,Aliyu Egwuekwe,RB,4,19,25,Foul,56.87,46.71,Complete,0.0
4338,6,Niger Tornadoes,Kwara United,Niger Tornadoes,Kwara United,Samuel Adebayo,CM,15,19,26,Progressive Pass,88.42,53.87,Complete,0.0
4339,6,Niger Tornadoes,Kwara United,Kwara United,Niger Tornadoes,Victor Okafor,CB,16,19,29,Turnover,10.66,66.99,Complete,0.0
4340,6,Niger Tornadoes,Kwara United,Kwara United,Niger Tornadoes,Uche Garba,ST,10,19,36,Shot on Target,99.55,21.07,Off Target,0.19
4341,6,Niger Tornadoes,Kwara United,Kwara United,Niger Tornadoes,Tunde Sanni,CB,14,19,38,Progressive Pass,102.87,25.67,Complete,0.0
4342,6,Niger Tornadoes,Kwara United,Niger Tornadoes,Kwara United,Emeka Usman,LW,18,19,39,Big Chance,107.64,38.01,Off Target,0.611
4343,6,Niger Tornadoes,Kwara United,Niger Tornadoes,Kwara United,Samuel Adebayo,CM,15,19,44,Turnover,77.39,34.31,Complete,0.0
4344,6,Niger Tornadoes,Kwara United,Kwara United,Niger Tornadoes,Wale Yakubu,ST,29,19,45,Pass,117.7,61.01,Complete,0.0
4345,6,Niger Tornadoes,Kwara United,Niger Tornadoes,Kwara United,Victor Ekong,GK,11,19,54,Pass,1.3,18.0,Complete,0.0
4346,6,Niger Tornadoes,Kwara United,Niger Tornadoes,Kwara United,Rasheed Ojo,LB,24,19,56,Foul,17.15,79.82,Complete,0.0
4347,6,Niger Tornadoes,Kwara United,Niger Tornadoes,Kwara United,Success Okafor,CAM,20,20,4,Dangerous Pass,92.82,56.78,Complete,0.0
4348,6,Niger Tornadoes,Kwara United,Kwara United,Niger Tornadoes,Obinna Adebayo,LW,11,20,4,Successful Dribble,14.13,23.45,Complete,0.0
4349,6,Niger Tornadoes,Kwara United,Niger Tornadoes,Kwara United,Rasheed Ojo,LB,24,20,4,Tackle,33.08,25.4,Complete,0.0
4350,6,Niger Tornadoes,Kwara United,Kwara United,Niger Tornadoes,Obinna Okonkwo,LW,24,20,7,Successful Dribble,0.74,32.02,Complete,0.0
4351,6,Niger Tornadoes,Kwara United,Niger Tornadoes,Kwara United,Success Okafor,CAM,20,20,7,Dangerous Pass,85.91,27.61,Complete,0.0
4352,6,Niger Tornadoes,Kwara United,Niger Tornadoes,Kwara United,Aliyu Usman,RW,23,20,14,Shot,99.14,50.18,Off Target,0.242
4353,6,Niger Tornadoes,Kwara United,Niger Tornadoes,Kwara United,Victor Ekong,GK,11,20,15,Pass,68.36,50.63,Complete,0.0
4354,6,Niger Tornadoes,Kwara United,Kwara United,Niger Tornadoes,Femi Osazuwa,RB,25,20,16,Pass,45.74,54.19,Complete,0.0
4355,6,Niger Tornadoes,Kwara United,Kwara United,Niger Tornadoes,Wale Yakubu,ST,29,20,22,Progressive Pass,52.52,39.22,Complete,0.0
4356,6,Niger Tornadoes,Kwara United,Kwara United,Niger Tornadoes,Praise Balogun,CM,6,20,26,Shot,95.62,43.99,Off Target,0.226
4357,6,Niger Tornadoes,Kwara United,Kwara United,Niger Tornadoes,Femi Osazuwa,RB,25,20,29,Tackle,51.73,48.98,Complete,0.0
4358,6,Niger Tornadoes,Kwara United,Kwara United,Niger Tornadoes,Victor Okafor,CB,16,20,29,Shot on Target,91.58,37.57,On Target,0.183
4359,6,Niger Tornadoes,Kwara United,Kwara United,Niger Tornadoes,Uche Garba,ST,10,20,36,Turnover,76.48,35.46,Complete,0.0
4360,6,Niger Tornadoes,Kwara United,Kwara United,Niger Tornadoes,Chidi Balogun,CB,15,20,37,Tackle,17.57,32.63,Complete,0.0
4361,6,Niger Tornadoes,Kwara United,Kwara United,Niger Tornadoes,Aliyu Egwuekwe,RB,4,20,49,Pass,11.68,6.36,Complete,0.0
4362,6,Niger Tornadoes,Kwara United,Niger Tornadoes,Kwara United,Rasheed Ojo,LB,24,20,55,Progressive Pass,107.36,38.39,Complete,0.0
4363,6,Niger Tornadoes,Kwara United,Niger Tornadoes,Kwara United,Sani Nwankwo,CAM,25,21,30,Turnover,76.31,71.39,Complete,0.0
4364,6,Niger Tornadoes,Kwara United,Niger Tornadoes,Kwara United,Ibrahim Ndukwe,LB,19,21,34,Turnover,39.65,61.77,Complete,0.0
4365,6,Niger Tornadoes,Kwara United,Kwara United,Niger Tornadoes,Praise Balogun,CM,6,21,34,Interception,50.17,9.03,Complete,0.0
4366,6,Niger Tornadoes,Kwara United,Kwara United,Niger Tornadoes,Tunde Sanni,CB,14,21,40,Foul,22.64,32.89,Complete,0.0
4367,6,Niger Tornadoes,Kwara United,Kwara United,Niger Tornadoes,Emeka Afolabi,CB,28,21,40,Pass,108.12,22.72,Complete,0.0
4368,6,Niger Tornadoes,Kwara United,Niger Tornadoes,Kwara United,Aliyu Usman,RW,23,22,0,Corner,115.62,56.17,Complete,0.0
4369,6,Niger Tornadoes,Kwara United,Kwara United,Niger Tornadoes,Praise Balogun,CM,6,22,8,Pass,105.63,30.67,Complete,0.0
4370,6,Niger Tornadoes,Kwara United,Niger Tornadoes,Kwara United,Chinedu Nwankwo,RB,10,22,10,Yellow Card,3.81,57.2,Complete,0.0
4371,6,Niger Tornadoes,Kwara United,Niger Tornadoes,Kwara United,Kelechi Ibrahim,GK,26,22,19,Turnover,79.34,70.39,Complete,0.0
4372,6,Niger Tornadoes,Kwara United,Kwara United,Niger Tornadoes,Praise Balogun,CM,6,22,28,Shot on Target,109.28,55.19,On Target,0.293
4373,6,Niger Tornadoes,Kwara United,Kwara United,Niger Tornadoes,Wale Yakubu,ST,29,22,28,Pass,76.01,44.19,Complete,0.0
4374,6,Niger Tornadoes,Kwara United,Niger Tornadoes,Kwara United,Sani Nwankwo,CAM,25,22,41,Successful Dribble,78.9,38.45,Complete,0.0
4375,6,Niger Tornadoes,Kwara United,Kwara United,Niger Tornadoes,Aliyu Egwuekwe,RB,4,22,54,Cross,87.63,33.72,Complete,0.0
4376,6,Niger Tornadoes,Kwara United,Niger Tornadoes,Kwara United,Sani Nwankwo,CAM,25,22,57,Successful Dribble,77.87,40.08,Complete,0.0
4377,6,Niger Tornadoes,Kwara United,Niger Tornadoes,Kwara United,Abubakar Osazuwa,LB,28,23,4,Cross,109.44,0.0,Incomplete,0.0
4378,6,Niger Tornadoes,Kwara United,Kwara United,Niger Tornadoes,Obinna Okonkwo,LW,24,23,11,Progressive Pass,106.46,23.16,Incomplete,0.0
4379,6,Niger Tornadoes,Kwara United,Niger Tornadoes,Kwara United,Success Okafor,CAM,20,23,11,Pass,30.14,15.13,Complete,0.0
4380,6,Niger Tornadoes,Kwara United,Kwara United,Niger Tornadoes,Chidi Balogun,CB,15,23,13,Interception,75.16,17.83,Complete,0.0
4381,6,Niger Tornadoes,Kwara United,Niger Tornadoes,Kwara United,Adewale Adebayo,RW,8,23,15,Cross,70.83,21.33,Incomplete,0.0
4382,6,Niger Tornadoes,Kwara United,Niger Tornadoes,Kwara United,Victor Ekong,GK,11,23,16,Shot,101.44,47.75,Off Target,0.277
4383,6,Niger Tornadoes,Kwara United,Niger Tornadoes,Kwara United,Chibuzor Onuoha,CAM,9,23,38,Cross,86.89,20.0,Incomplete,0.0
4384,6,Niger Tornadoes,Kwara United,Niger Tornadoes,Kwara United,Success Okafor,CAM,20,23,49,Foul,71.93,80.0,Complete,0.0
4385,6,Niger Tornadoes,Kwara United,Niger Tornadoes,Kwara United,Victor Ekong,GK,11,23,50,Shot,93.15,20.36,Off Target,0.13
4386,6,Niger Tornadoes,Kwara United,Kwara United,Niger Tornadoes,Emeka Afolabi,CB,28,23,54,Pass,64.91,20.51,Complete,0.0
4387,6,Niger Tornadoes,Kwara United,Niger Tornadoes,Kwara United,Aliyu Usman,RW,23,23,54,Pass,64.44,44.4,Incomplete,0.0
4388,6,Niger Tornadoes,Kwara United,Niger Tornadoes,Kwara United,Sani Nwankwo,CAM,25,23,59,Tackle,59.77,59.1,Complete,0.0
4389,6,Niger Tornadoes,Kwara United,Kwara United,Niger Tornadoes,Ifeanyi Ogundele,LW,23,24,7,Dangerous Pass,90.13,31.66,Complete,0.0
4390,6,Niger Tornadoes,Kwara United,Niger Tornadoes,Kwara United,Ibrahim Ndukwe,LB,19,24,8,Cross,98.78,69.08,Complete,0.0
4391,6,Niger Tornadoes,Kwara United,Niger Tornadoes,Kwara United,Obinna Egwuekwe,LB,17,24,12,Tackle,71.38,52.0,Complete,0.0
4392,6,Niger Tornadoes,Kwara United,Kwara United,Niger Tornadoes,Joseph Usman,RB,2,24,17,Tackle,18.77,40.93,Complete,0.0
4393,6,Niger Tornadoes,Kwara United,Niger Tornadoes,Kwara United,Emeka Usman,LW,18,24,24,Tackle,81.9,16.97,Complete,0.0
4394,6,Niger Tornadoes,Kwara United,Kwara United,Niger Tornadoes,Praise Balogun,CM,6,24,26,Pass,101.64,48.83,Incomplete,0.0
4395,6,Niger Tornadoes,Kwara United,Kwara United,Niger Tornadoes,Obinna Adebayo,LW,11,24,29,Tackle,24.84,8.06,Complete,0.0
4396,6,Niger Tornadoes,Kwara United,Niger Tornadoes,Kwara United,Rasheed Ojo,LB,24,24,31,Progressive Pass,91.4,66.4,Incomplete,0.0
4397,6,Niger Tornadoes,Kwara United,Niger Tornadoes,Kwara United,Samuel Adebayo,CM,15,24,34,Pass,88.02,28.39,Incomplete,0.0
4398,6,Niger Tornadoes,Kwara United,Kwara United,Niger Tornadoes,Sani Adisa,ST,18,24,34,Cross,71.05,50.82,Complete,0.0
4399,6,Niger Tornadoes,Kwara United,Niger Tornadoes,Kwara United,Victor Ekong,GK,11,24,35,Foul,84.29,37.2,Complete,0.0
4400,6,Niger Tornadoes,Kwara United,Kwara United,Niger Tornadoes,Sani Adisa,ST,18,24,49,Progressive Pass,66.46,43.49,Complete,0.0
4401,6,Niger Tornadoes,Kwara United,Niger Tornadoes,Kwara United,Chinedu Nwankwo,RB,10,24,55,Pass,17.55,55.55,Complete,0.0
4402,6,Niger Tornadoes,Kwara United,Niger Tornadoes,Kwara United,Abubakar Osazuwa,LB,28,25,10,Pass,55.26,7.76,Complete,0.0
4403,6,Niger Tornadoes,Kwara United,Kwara United,Niger Tornadoes,Chidi Balogun,CB,15,25,21,Pass,109.43,3.16,Complete,0.0
4404,6,Niger Tornadoes,Kwara United,Niger Tornadoes,Kwara United,Chibuzor Onuoha,CAM,9,25,21,Progressive Pass,57.33,41.01,Complete,0.0
4405,6,Niger Tornadoes,Kwara United,Kwara United,Niger Tornadoes,Femi Osazuwa,RB,25,25,24,Pass,73.83,26.59,Incomplete,0.0
4406,6,Niger Tornadoes,Kwara United,Kwara United,Niger Tornadoes,Femi Osazuwa,RB,25,25,33,Shot,112.44,43.04,Off Target,0.409
4407,6,Niger Tornadoes,Kwara United,Niger Tornadoes,Kwara United,Kelechi Ibrahim,GK,26,25,39,Pass,78.65,0.0,Complete,0.0
4408,6,Niger Tornadoes,Kwara United,Kwara United,Niger Tornadoes,Sani Adisa,ST,18,25,45,Foul,47.29,27.48,Complete,0.0
4409,6,Niger Tornadoes,Kwara United,Niger Tornadoes,Kwara United,Samuel Adebayo,CM,15,25,55,Shot on Target,117.85,63.81,Off Target,0.234
4410,6,Niger Tornadoes,Kwara United,Niger Tornadoes,Kwara United,Success Okafor,CAM,20,26,10,Interception,87.22,8.33,Complete,0.0
4411,6,Niger Tornadoes,Kwara United,Niger Tornadoes,Kwara United,Sani Nwankwo,CAM,25,26,23,Tackle,67.23,26.04,Complete,0.0
4412,6,Niger Tornadoes,Kwara United,Niger Tornadoes,Kwara United,Kelechi Ibrahim,GK,26,26,25,Tackle,44.7,27.02,Complete,0.0
4413,6,Niger Tornadoes,Kwara United,Niger Tornadoes,Kwara United,Success Okafor,CAM,20,26,44,Pass,97.49,46.39,Complete,0.0
4414,6,Niger Tornadoes,Kwara United,Kwara United,Niger Tornadoes,Tunde Sanni,CB,14,26,50,Pass,0.41,29.9,Complete,0.0
4415,6,Niger Tornadoes,Kwara United,Niger Tornadoes,Kwara United,Victor Ekong,GK,11,27,0,Pass,81.37,31.89,Incomplete,0.0
4416,6,Niger Tornadoes,Kwara United,Kwara United,Niger Tornadoes,Aliyu Egwuekwe,RB,4,27,0,Pass,28.92,62.87,Complete,0.0
4417,6,Niger Tornadoes,Kwara United,Kwara United,Niger Tornadoes,Chidi Balogun,CB,15,27,14,Successful Dribble,61.55,38.37,Complete,0.0
4418,6,Niger Tornadoes,Kwara United,Niger Tornadoes,Kwara United,Kelechi Ibrahim,GK,26,27,18,Foul,75.1,34.46,Complete,0.0
4419,6,Niger Tornadoes,Kwara United,Niger Tornadoes,Kwara United,Emeka Usman,LW,18,27,19,Pass,43.01,45.52,Complete,0.0
4420,6,Niger Tornadoes,Kwara United,Kwara United,Niger Tornadoes,Ibrahim Osazuwa,LW,20,27,26,Offside,11.76,34.74,Complete,0.0
4421,6,Niger Tornadoes,Kwara United,Niger Tornadoes,Kwara United,Ibrahim Ndukwe,LB,19,27,28,Interception,77.09,38.94,Complete,0.0
4422,6,Niger Tornadoes,Kwara United,Niger Tornadoes,Kwara United,Adewale Adebayo,RW,8,27,28,Cross,90.92,37.11,Complete,0.0
4423,6,Niger Tornadoes,Kwara United,Niger Tornadoes,Kwara United,Adewale Adebayo,RW,8,27,34,Cross,75.74,0.0,Complete,0.0
4424,6,Niger Tornadoes,Kwara United,Niger Tornadoes,Kwara United,Abubakar Osazuwa,LB,28,27,35,Tackle,82.58,44.48,Complete,0.0
4425,6,Niger Tornadoes,Kwara United,Kwara United,Niger Tornadoes,Obinna Adebayo,LW,11,27,43,Pass,34.26,32.24,Complete,0.0
4426,6,Niger Tornadoes,Kwara United,Kwara United,Niger Tornadoes,Chidi Nnamdi,RW,19,27,48,Tackle,85.26,21.14,Complete,0.0
4427,6,Niger Tornadoes,Kwara United,Kwara United,Niger Tornadoes,Femi Osazuwa,RB,25,28,10,Pass,10.6,50.82,Complete,0.0
4428,6,Niger Tornadoes,Kwara United,Niger Tornadoes,Kwara United,Success Okafor,CAM,20,28,24,Turnover,64.57,34.35,Complete,0.0
4429,6,Niger Tornadoes,Kwara United,Niger Tornadoes,Kwara United,Chinedu Nwankwo,RB,10,28,33,Pass,34.43,69.21,Complete,0.0
4430,6,Niger Tornadoes,Kwara United,Niger Tornadoes,Kwara United,Emeka Usman,LW,18,28,36,Turnover,46.33,33.71,Complete,0.0
4431,6,Niger Tornadoes,Kwara United,Niger Tornadoes,Kwara United,Adewale Adebayo,RW,8,28,46,Foul,28.68,50.46,Complete,0.0
4432,6,Niger Tornadoes,Kwara United,Kwara United,Niger Tornadoes,Aliyu Egwuekwe,RB,4,28,50,Pass,23.25,21.14,Complete,0.0
4433,6,Niger Tornadoes,Kwara United,Niger Tornadoes,Kwara United,Kelechi Ibrahim,GK,26,29,3,Turnover,42.32,62.58,Complete,0.0
4434,6,Niger Tornadoes,Kwara United,Niger Tornadoes,Kwara United,Chinedu Nwankwo,RB,10,29,8,Pass,75.74,69.94,Complete,0.0
4435,6,Niger Tornadoes,Kwara United,Niger Tornadoes,Kwara United,Abubakar Osazuwa,LB,28,29,9,Tackle,22.48,7.24,Complete,0.0
4436,6,Niger Tornadoes,Kwara United,Niger Tornadoes,Kwara United,Chibuzor Onuoha,CAM,9,29,28,Pass,76.14,37.69,Complete,0.0
4437,6,Niger Tornadoes,Kwara United,Kwara United,Niger Tornadoes,Obinna Adebayo,LW,11,29,29,Successful Dribble,58.78,18.05,Complete,0.0
4438,6,Niger Tornadoes,Kwara United,Niger Tornadoes,Kwara United,Ibrahim Ndukwe,LB,19,29,38,Foul,54.19,10.73,Complete,0.0
4439,6,Niger Tornadoes,Kwara United,Kwara United,Niger Tornadoes,Femi Osazuwa,RB,25,29,40,Progressive Pass,15.55,80.0,Incomplete,0.0
4440,6,Niger Tornadoes,Kwara United,Niger Tornadoes,Kwara United,Emeka Usman,LW,18,29,47,Pass,110.77,31.27,Complete,0.0
4441,6,Niger Tornadoes,Kwara United,Niger Tornadoes,Kwara United,Victor Ekong,GK,11,29,52,Progressive Pass,20.42,36.46,Complete,0.0
4442,6,Niger Tornadoes,Kwara United,Niger Tornadoes,Kwara United,Sani Nwankwo,CAM,25,29,58,Turnover,15.36,51.62,Complete,0.0
4443,6,Niger Tornadoes,Kwara United,Kwara United,Niger Tornadoes,Obinna Okonkwo,LW,24,30,4,Dangerous Pass,106.86,51.51,Complete,0.0
4444,6,Niger Tornadoes,Kwara United,Niger Tornadoes,Kwara United,Victor Ekong,GK,11,30,11,Dangerous Pass,75.36,27.89,Complete,0.0
4445,6,Niger Tornadoes,Kwara United,Niger Tornadoes,Kwara United,Adewale Adebayo,RW,8,30,18,Dangerous Pass,100.23,43.2,Complete,0.0
4446,6,Niger Tornadoes,Kwara United,Kwara United,Niger Tornadoes,Victor Okafor,CB,16,30,22,Turnover,49.45,29.36,Complete,0.0
4447,6,Niger Tornadoes,Kwara United,Niger Tornadoes,Kwara United,Chibuzor Onuoha,CAM,9,30,26,Goal,90.89,20.86,Goal,0.213
4448,6,Niger Tornadoes,Kwara United,Kwara United,Niger Tornadoes,Obinna Okonkwo,LW,24,30,28,Interception,54.9,43.94,Complete,0.0
4449,6,Niger Tornadoes,Kwara United,Kwara United,Niger Tornadoes,Femi Osazuwa,RB,25,30,38,Pass,55.65,5.33,Complete,0.0
4450,6,Niger Tornadoes,Kwara United,Niger Tornadoes,Kwara United,Adewale Adebayo,RW,8,30,44,Interception,27.29,60.22,Complete,0.0
4451,6,Niger Tornadoes,Kwara United,Kwara United,Niger Tornadoes,Praise Balogun,CM,6,30,54,Interception,87.82,31.28,Complete,0.0
4452,6,Niger Tornadoes,Kwara United,Niger Tornadoes,Kwara United,Kelechi Ibrahim,GK,26,30,57,Interception,56.22,39.55,Complete,0.0
4453,6,Niger Tornadoes,Kwara United,Kwara United,Niger Tornadoes,Tunde Sanni,CB,14,30,57,Pass,109.82,65.42,Complete,0.0
4454,6,Niger Tornadoes,Kwara United,Niger Tornadoes,Kwara United,Rasheed Ojo,LB,24,30,57,Tackle,47.77,6.15,Complete,0.0
4455,6,Niger Tornadoes,Kwara United,Niger Tornadoes,Kwara United,Success Okafor,CAM,20,31,13,Yellow Card,37.3,57.36,Complete,0.0
4456,6,Niger Tornadoes,Kwara United,Niger Tornadoes,Kwara United,Kelechi Ibrahim,GK,26,31,21,Pass,7.3,59.59,Incomplete,0.0
4457,6,Niger Tornadoes,Kwara United,Niger Tornadoes,Kwara United,Ibrahim Ndukwe,LB,19,31,25,Foul,33.18,55.44,Complete,0.0
4458,6,Niger Tornadoes,Kwara United,Kwara United,Niger Tornadoes,Ifeanyi Ogundele,LW,23,31,29,Shot on Target,89.09,78.58,On Target,0.02
4459,6,Niger Tornadoes,Kwara United,Kwara United,Niger Tornadoes,Ibrahim Osazuwa,LW,20,31,37,Corner,117.47,32.22,Complete,0.0
4460,6,Niger Tornadoes,Kwara United,Niger Tornadoes,Kwara United,Samuel Adebayo,CM,15,31,58,Tackle,28.38,60.71,Complete,0.0
4461,6,Niger Tornadoes,Kwara United,Kwara United,Niger Tornadoes,Obinna Okonkwo,LW,24,32,2,Offside,23.72,42.09,Complete,0.0
4462,6,Niger Tornadoes,Kwara United,Kwara United,Niger Tornadoes,Ibrahim Osazuwa,LW,20,32,5,Interception,52.09,71.65,Complete,0.0
4463,6,Niger Tornadoes,Kwara United,Niger Tornadoes,Kwara United,Samuel Adebayo,CM,15,32,16,Pass,62.94,67.16,Complete,0.0
4464,6,Niger Tornadoes,Kwara United,Niger Tornadoes,Kwara United,Ibrahim Ndukwe,LB,19,32,17,Pass,111.28,54.17,Complete,0.0
4465,6,Niger Tornadoes,Kwara United,Kwara United,Niger Tornadoes,Femi Osazuwa,RB,25,32,59,Progressive Pass,39.92,55.82,Complete,0.0
4466,6,Niger Tornadoes,Kwara United,Kwara United,Niger Tornadoes,Femi Osazuwa,RB,25,33,1,Pass,13.64,41.87,Complete,0.0
4467,6,Niger Tornadoes,Kwara United,Kwara United,Niger Tornadoes,Femi Osazuwa,RB,25,33,1,Cross,103.33,80.0,Complete,0.0
4468,6,Niger Tornadoes,Kwara United,Kwara United,Niger Tornadoes,Wale Yakubu,ST,29,33,9,Big Chance,112.6,59.01,On Target,0.523
4469,6,Niger Tornadoes,Kwara United,Kwara United,Niger Tornadoes,Ibrahim Osazuwa,LW,20,33,10,Interception,46.39,39.14,Complete,0.0
4470,6,Niger Tornadoes,Kwara United,Kwara United,Niger Tornadoes,Chidi Balogun,CB,15,33,17,Foul,24.59,22.92,Complete,0.0
4471,6,Niger Tornadoes,Kwara United,Kwara United,Niger Tornadoes,Praise Balogun,CM,6,33,27,Successful Dribble,64.22,42.12,Complete,0.0
4472,6,Niger Tornadoes,Kwara United,Niger Tornadoes,Kwara United,Samuel Afolabi,LB,7,33,32,Cross,71.14,48.84,Complete,0.0
4473,6,Niger Tornadoes,Kwara United,Kwara United,Niger Tornadoes,Joseph Usman,RB,2,33,36,Progressive Pass,56.5,7.07,Complete,0.0
4474,6,Niger Tornadoes,Kwara United,Kwara United,Niger Tornadoes,Praise Balogun,CM,6,33,44,Shot on Target,88.5,37.79,Off Target,0.149
4475,6,Niger Tornadoes,Kwara United,Niger Tornadoes,Kwara United,Samuel Afolabi,LB,7,33,57,Pass,12.22,0.0,Incomplete,0.0
4476,6,Niger Tornadoes,Kwara United,Niger Tornadoes,Kwara United,Obinna Egwuekwe,LB,17,34,4,Shot,92.01,61.44,Off Target,0.108
4477,6,Niger Tornadoes,Kwara United,Niger Tornadoes,Kwara United,Sani Nwankwo,CAM,25,34,6,Tackle,27.1,43.88,Complete,0.0
4478,6,Niger Tornadoes,Kwara United,Niger Tornadoes,Kwara United,Victor Ekong,GK,11,34,7,Pass,15.33,10.26,Complete,0.0
4479,6,Niger Tornadoes,Kwara United,Kwara United,Niger Tornadoes,Praise Balogun,CM,6,34,14,Pass,104.77,69.88,Incomplete,0.0
4480,6,Niger Tornadoes,Kwara United,Kwara United,Niger Tornadoes,Wale Yakubu,ST,29,34,30,Cross,92.92,10.73,Complete,0.0
4481,6,Niger Tornadoes,Kwara United,Kwara United,Niger Tornadoes,Femi Osazuwa,RB,25,34,34,Cross,84.24,51.8,Complete,0.0
4482,6,Niger Tornadoes,Kwara United,Kwara United,Niger Tornadoes,Ibrahim Osazuwa,LW,20,34,38,Interception,87.62,58.25,Complete,0.0
4483,6,Niger Tornadoes,Kwara United,Kwara United,Niger Tornadoes,Chidi Nnamdi,RW,19,34,39,Tackle,23.5,41.18,Complete,0.0
4484,6,Niger Tornadoes,Kwara United,Kwara United,Niger Tornadoes,Obinna Okonkwo,LW,24,34,39,Pass,40.34,37.87,Complete,0.0
4485,6,Niger Tornadoes,Kwara United,Niger Tornadoes,Kwara United,Ibrahim Ndukwe,LB,19,34,47,Turnover,52.59,4.04,Complete,0.0
4486,6,Niger Tornadoes,Kwara United,Kwara United,Niger Tornadoes,Sani Adisa,ST,18,35,12,Progressive Pass,62.49,28.38,Complete,0.0
4487,6,Niger Tornadoes,Kwara United,Kwara United,Niger Tornadoes,Uche Garba,ST,10,35,14,Pass,93.14,71.35,Complete,0.0
4488,6,Niger Tornadoes,Kwara United,Kwara United,Niger Tornadoes,Chidi Balogun,CB,15,35,17,Successful Dribble,63.97,39.11,Complete,0.0
4489,6,Niger Tornadoes,Kwara United,Kwara United,Niger Tornadoes,Femi Osazuwa,RB,25,35,18,Cross,84.67,51.98,Complete,0.0
4490,6,Niger Tornadoes,Kwara United,Kwara United,Niger Tornadoes,Femi Osazuwa,RB,25,35,21,Turnover,19.82,56.27,Complete,0.0
4491,6,Niger Tornadoes,Kwara United,Kwara United,Niger Tornadoes,Aliyu Egwuekwe,RB,4,35,22,Pass,22.68,60.37,Complete,0.0
4492,6,Niger Tornadoes,Kwara United,Niger Tornadoes,Kwara United,Chibuzor Onuoha,CAM,9,35,30,Dangerous Pass,112.15,22.62,Complete,0.0
4493,6,Niger Tornadoes,Kwara United,Niger Tornadoes,Kwara United,Adewale Adebayo,RW,8,35,52,Pass,51.13,47.79,Complete,0.0
4494,6,Niger Tornadoes,Kwara United,Kwara United,Niger Tornadoes,Emeka Afolabi,CB,28,36,5,Pass,85.97,73.95,Complete,0.0
4495,6,Niger Tornadoes,Kwara United,Kwara United,Niger Tornadoes,Ifeanyi Ogundele,LW,23,36,13,Big Chance,99.92,56.24,Off Target,0.463
4496,6,Niger Tornadoes,Kwara United,Kwara United,Niger Tornadoes,Chidi Balogun,CB,15,36,24,Successful Dribble,48.08,19.73,Complete,0.0
4497,6,Niger Tornadoes,Kwara United,Niger Tornadoes,Kwara United,Rasheed Ojo,LB,24,36,30,Turnover,19.77,38.0,Complete,0.0
4498,6,Niger Tornadoes,Kwara United,Kwara United,Niger Tornadoes,Emeka Afolabi,CB,28,36,32,Cross,112.76,43.94,Complete,0.0
4499,6,Niger Tornadoes,Kwara United,Niger Tornadoes,Kwara United,Sani Nwankwo,CAM,25,36,47,Pass,112.81,12.17,Complete,0.0
4500,6,Niger Tornadoes,Kwara United,Kwara United,Niger Tornadoes,Obinna Okonkwo,LW,24,36,48,Pass,44.71,52.68,Incomplete,0.0
4501,6,Niger Tornadoes,Kwara United,Niger Tornadoes,Kwara United,Kelechi Ibrahim,GK,26,36,53,Interception,66.13,11.71,Complete,0.0
4502,6,Niger Tornadoes,Kwara United,Niger Tornadoes,Kwara United,Emeka Usman,LW,18,37,0,Pass,1.66,61.63,Complete,0.0
4503,6,Niger Tornadoes,Kwara United,Kwara United,Niger Tornadoes,Tunde Sanni,CB,14,37,5,Pass,116.29,21.91,Incomplete,0.0
4504,6,Niger Tornadoes,Kwara United,Kwara United,Niger Tornadoes,Femi Osazuwa,RB,25,37,7,Progressive Pass,95.72,48.23,Complete,0.0
4505,6,Niger Tornadoes,Kwara United,Niger Tornadoes,Kwara United,Chibuzor Onuoha,CAM,9,37,9,Dangerous Pass,116.9,30.9,Complete,0.0
4506,6,Niger Tornadoes,Kwara United,Kwara United,Niger Tornadoes,Ifeanyi Ogundele,LW,23,37,10,Progressive Pass,57.01,33.96,Complete,0.0
4507,6,Niger Tornadoes,Kwara United,Kwara United,Niger Tornadoes,Victor Okafor,CB,16,37,12,Dangerous Pass,112.68,41.77,Complete,0.0
4508,6,Niger Tornadoes,Kwara United,Niger Tornadoes,Kwara United,Samuel Adebayo,CM,15,37,12,Successful Dribble,74.27,13.38,Complete,0.0
4509,6,Niger Tornadoes,Kwara United,Niger Tornadoes,Kwara United,Samuel Adebayo,CM,15,37,14,Pass,65.6,49.29,Complete,0.0
4510,6,Niger Tornadoes,Kwara United,Niger Tornadoes,Kwara United,Aliyu Usman,RW,23,37,22,Pass,1.93,31.15,Complete,0.0
4511,6,Niger Tornadoes,Kwara United,Niger Tornadoes,Kwara United,Chinedu Nwankwo,RB,10,37,25,Pass,34.7,51.3,Complete,0.0
4512,6,Niger Tornadoes,Kwara United,Niger Tornadoes,Kwara United,Adewale Adebayo,RW,8,37,27,Pass,95.08,53.19,Complete,0.0
4513,6,Niger Tornadoes,Kwara United,Kwara United,Niger Tornadoes,Sani Adisa,ST,18,37,31,Pass,45.64,56.06,Incomplete,0.0
4514,6,Niger Tornadoes,Kwara United,Kwara United,Niger Tornadoes,Femi Osazuwa,RB,25,37,31,Turnover,47.09,16.08,Complete,0.0
4515,6,Niger Tornadoes,Kwara United,Kwara United,Niger Tornadoes,Joseph Usman,RB,2,37,33,Dangerous Pass,94.67,40.57,Complete,0.0
4516,6,Niger Tornadoes,Kwara United,Niger Tornadoes,Kwara United,Sani Nwankwo,CAM,25,37,35,Tackle,23.25,19.2,Complete,0.0
4517,6,Niger Tornadoes,Kwara United,Kwara United,Niger Tornadoes,Wale Yakubu,ST,29,37,37,Interception,14.9,50.19,Complete,0.0
4518,6,Niger Tornadoes,Kwara United,Kwara United,Niger Tornadoes,Praise Balogun,CM,6,37,38,Pass,102.28,35.22,Complete,0.0
4519,6,Niger Tornadoes,Kwara United,Kwara United,Niger Tornadoes,Ibrahim Osazuwa,LW,20,37,51,Shot on Target,118.5,6.07,Off Target,0.123
4520,6,Niger Tornadoes,Kwara United,Niger Tornadoes,Kwara United,Samuel Afolabi,LB,7,38,5,Dangerous Pass,84.88,48.73,Incomplete,0.0
4521,6,Niger Tornadoes,Kwara United,Kwara United,Niger Tornadoes,Ifeanyi Ogundele,LW,23,38,15,Tackle,77.36,65.28,Complete,0.0
4522,6,Niger Tornadoes,Kwara United,Niger Tornadoes,Kwara United,Success Okafor,CAM,20,38,17,Interception,37.26,60.14,Complete,0.0
4523,6,Niger Tornadoes,Kwara United,Niger Tornadoes,Kwara United,Rasheed Ojo,LB,24,38,18,Tackle,52.97,31.78,Complete,0.0
4524,6,Niger Tornadoes,Kwara United,Niger Tornadoes,Kwara United,Success Okafor,CAM,20,38,29,Progressive Pass,106.04,13.3,Complete,0.0
4525,6,Niger Tornadoes,Kwara United,Niger Tornadoes,Kwara United,Emeka Usman,LW,18,38,34,Shot,95.66,50.32,Off Target,0.206
4526,6,Niger Tornadoes,Kwara United,Niger Tornadoes,Kwara United,Kelechi Ibrahim,GK,26,38,43,Tackle,28.16,48.46,Complete,0.0
4527,6,Niger Tornadoes,Kwara United,Niger Tornadoes,Kwara United,Chinedu Nwankwo,RB,10,38,45,Tackle,40.13,2.57,Complete,0.0
4528,6,Niger Tornadoes,Kwara United,Niger Tornadoes,Kwara United,Success Okafor,CAM,20,38,57,Pass,117.68,57.18,Incomplete,0.0
4529,6,Niger Tornadoes,Kwara United,Niger Tornadoes,Kwara United,Kelechi Ibrahim,GK,26,39,0,Successful Dribble,56.42,56.47,Complete,0.0
4530,6,Niger Tornadoes,Kwara United,Kwara United,Niger Tornadoes,Ibrahim Osazuwa,LW,20,39,4,Progressive Pass,86.09,37.27,Complete,0.0
4531,6,Niger Tornadoes,Kwara United,Niger Tornadoes,Kwara United,Emeka Usman,LW,18,39,15,Progressive Pass,43.6,46.49,Complete,0.0
4532,6,Niger Tornadoes,Kwara United,Kwara United,Niger Tornadoes,Obinna Adebayo,LW,11,39,15,Shot,116.29,28.54,Off Target,0.366
4533,6,Niger Tornadoes,Kwara United,Kwara United,Niger Tornadoes,Emeka Afolabi,CB,28,39,19,Pass,73.8,46.55,Incomplete,0.0
4534,6,Niger Tornadoes,Kwara United,Niger Tornadoes,Kwara United,Samuel Afolabi,LB,7,39,23,Foul,81.14,48.07,Complete,0.0
4535,6,Niger Tornadoes,Kwara United,Kwara United,Niger Tornadoes,Ibrahim Osazuwa,LW,20,39,24,Pass,16.15,11.59,Complete,0.0
4536,6,Niger Tornadoes,Kwara United,Kwara United,Niger Tornadoes,Obinna Okonkwo,LW,24,39,40,Corner,95.15,34.92,Complete,0.0
4537,6,Niger Tornadoes,Kwara United,Niger Tornadoes,Kwara United,Rasheed Ojo,LB,24,39,48,Turnover,85.58,27.53,Complete,0.0
4538,6,Niger Tornadoes,Kwara United,Niger Tornadoes,Kwara United,Chibuzor Onuoha,CAM,9,39,55,Tackle,28.3,38.98,Complete,0.0
4539,6,Niger Tornadoes,Kwara United,Kwara United,Niger Tornadoes,Uche Garba,ST,10,40,34,Tackle,45.36,15.38,Complete,0.0
4540,6,Niger Tornadoes,Kwara United,Niger Tornadoes,Kwara United,Adewale Adebayo,RW,8,40,37,Cross,82.53,0.0,Incomplete,0.0
4541,6,Niger Tornadoes,Kwara United,Kwara United,Niger Tornadoes,Ifeanyi Ogundele,LW,23,40,48,Turnover,67.92,15.46,Complete,0.0
4542,6,Niger Tornadoes,Kwara United,Kwara United,Niger Tornadoes,Joseph Usman,RB,2,41,4,Pass,63.74,57.4,Complete,0.0
4543,6,Niger Tornadoes,Kwara United,Kwara United,Niger Tornadoes,Femi Osazuwa,RB,25,41,10,Cross,103.58,75.63,Complete,0.0
4544,6,Niger Tornadoes,Kwara United,Niger Tornadoes,Kwara United,Emeka Usman,LW,18,41,14,Shot,116.02,34.74,On Target,0.427
4545,6,Niger Tornadoes,Kwara United,Kwara United,Niger Tornadoes,Chidi Balogun,CB,15,41,19,Pass,26.38,24.56,Complete,0.0
4546,6,Niger Tornadoes,Kwara United,Kwara United,Niger Tornadoes,Uche Garba,ST,10,41,20,Cross,114.76,33.25,Complete,0.0
4547,6,Niger Tornadoes,Kwara United,Niger Tornadoes,Kwara United,Sani Nwankwo,CAM,25,41,24,Successful Dribble,94.34,3.84,Complete,0.0
4548,6,Niger Tornadoes,Kwara United,Niger Tornadoes,Kwara United,Samuel Adebayo,CM,15,41,26,Dangerous Pass,90.3,0.0,Complete,0.0
4549,6,Niger Tornadoes,Kwara United,Kwara United,Niger Tornadoes,Victor Okafor,CB,16,41,33,Dangerous Pass,114.9,80.0,Incomplete,0.0
4550,6,Niger Tornadoes,Kwara United,Niger Tornadoes,Kwara United,Obinna Egwuekwe,LB,17,41,39,Tackle,17.03,71.0,Complete,0.0
4551,6,Niger Tornadoes,Kwara United,Niger Tornadoes,Kwara United,Rasheed Ojo,LB,24,41,42,Pass,80.63,57.07,Complete,0.0
4552,6,Niger Tornadoes,Kwara United,Kwara United,Niger Tornadoes,Sani Adisa,ST,18,41,48,Shot on Target,114.83,20.75,On Target,0.279
4553,6,Niger Tornadoes,Kwara United,Kwara United,Niger Tornadoes,Wale Yakubu,ST,29,41,52,Tackle,22.15,27.01,Complete,0.0
4554,6,Niger Tornadoes,Kwara United,Kwara United,Niger Tornadoes,Tunde Sanni,CB,14,41,55,Shot on Target,104.38,41.34,Off Target,0.326
4555,6,Niger Tornadoes,Kwara United,Kwara United,Niger Tornadoes,Ifeanyi Ogundele,LW,23,42,3,Turnover,26.83,47.46,Complete,0.0
4556,6,Niger Tornadoes,Kwara United,Niger Tornadoes,Kwara United,Success Okafor,CAM,20,42,4,Pass,111.64,4.92,Complete,0.0
4557,6,Niger Tornadoes,Kwara United,Kwara United,Niger Tornadoes,Victor Okafor,CB,16,42,7,Turnover,36.6,21.28,Complete,0.0
4558,6,Niger Tornadoes,Kwara United,Niger Tornadoes,Kwara United,Rasheed Ojo,LB,24,42,7,Pass,117.21,57.03,Complete,0.0
4559,6,Niger Tornadoes,Kwara United,Niger Tornadoes,Kwara United,Samuel Adebayo,CM,15,42,15,Shot,99.17,34.71,Off Target,0.261
4560,6,Niger Tornadoes,Kwara United,Niger Tornadoes,Kwara United,Chibuzor Onuoha,CAM,9,42,22,Interception,46.35,56.58,Complete,0.0
4561,6,Niger Tornadoes,Kwara United,Kwara United,Niger Tornadoes,Victor Okafor,CB,16,42,31,Pass,21.14,61.52,Complete,0.0
4562,6,Niger Tornadoes,Kwara United,Niger Tornadoes,Kwara United,Kelechi Ibrahim,GK,26,42,33,Pass,69.95,25.24,Complete,0.0
4563,6,Niger Tornadoes,Kwara United,Niger Tornadoes,Kwara United,Chibuzor Onuoha,CAM,9,42,36,Interception,10.9,48.02,Complete,0.0
4564,6,Niger Tornadoes,Kwara United,Niger Tornadoes,Kwara United,Victor Ekong,GK,11,42,50,Pass,115.77,33.96,Complete,0.0
4565,6,Niger Tornadoes,Kwara United,Niger Tornadoes,Kwara United,Chinedu Nwankwo,RB,10,42,56,Cross,81.25,29.83,Complete,0.0
4566,6,Niger Tornadoes,Kwara United,Kwara United,Niger Tornadoes,Aliyu Egwuekwe,RB,4,43,14,Pass,75.2,66.52,Complete,0.0
4567,6,Niger Tornadoes,Kwara United,Niger Tornadoes,Kwara United,Chibuzor Onuoha,CAM,9,43,17,Interception,24.18,50.11,Complete,0.0
4568,6,Niger Tornadoes,Kwara United,Niger Tornadoes,Kwara United,Abubakar Osazuwa,LB,28,43,21,Dangerous Pass,80.34,56.46,Complete,0.0
4569,6,Niger Tornadoes,Kwara United,Kwara United,Niger Tornadoes,Ifeanyi Ogundele,LW,23,43,22,Turnover,73.36,40.63,Complete,0.0
4570,6,Niger Tornadoes,Kwara United,Kwara United,Niger Tornadoes,Praise Balogun,CM,6,43,42,Successful Dribble,66.56,34.11,Complete,0.0
4571,6,Niger Tornadoes,Kwara United,Niger Tornadoes,Kwara United,Kelechi Ibrahim,GK,26,43,56,Dangerous Pass,93.51,25.26,Complete,0.0
4572,6,Niger Tornadoes,Kwara United,Kwara United,Niger Tornadoes,Aliyu Egwuekwe,RB,4,43,59,Progressive Pass,54.06,42.89,Complete,0.0
4573,6,Niger Tornadoes,Kwara United,Niger Tornadoes,Kwara United,Success Okafor,CAM,20,44,0,Pass,42.21,74.98,Incomplete,0.0
4574,6,Niger Tornadoes,Kwara United,Niger Tornadoes,Kwara United,Samuel Afolabi,LB,7,44,15,Pass,78.17,53.15,Complete,0.0
4575,6,Niger Tornadoes,Kwara United,Kwara United,Niger Tornadoes,Sani Adisa,ST,18,44,17,Pass,89.58,38.82,Complete,0.0
4576,6,Niger Tornadoes,Kwara United,Kwara United,Niger Tornadoes,Chidi Balogun,CB,15,44,26,Progressive Pass,87.66,46.87,Complete,0.0
4577,6,Niger Tornadoes,Kwara United,Niger Tornadoes,Kwara United,Emeka Usman,LW,18,44,27,Pass,20.99,65.43,Complete,0.0
4578,6,Niger Tornadoes,Kwara United,Kwara United,Niger Tornadoes,Tunde Sanni,CB,14,44,39,Pass,105.11,55.27,Complete,0.0
4579,6,Niger Tornadoes,Kwara United,Niger Tornadoes,Kwara United,Chibuzor Onuoha,CAM,9,44,42,Pass,41.84,43.06,Complete,0.0
4580,6,Niger Tornadoes,Kwara United,Niger Tornadoes,Kwara United,Samuel Afolabi,LB,7,44,45,Pass,59.55,36.07,Complete,0.0
4581,6,Niger Tornadoes,Kwara United,Kwara United,Niger Tornadoes,Ifeanyi Ogundele,LW,23,44,48,Dangerous Pass,101.38,57.09,Complete,0.0
4582,6,Niger Tornadoes,Kwara United,Niger Tornadoes,Kwara United,Daniel Chukwuma,ST,13,44,55,Cross,85.92,49.86,Complete,0.0
4583,6,Niger Tornadoes,Kwara United,Kwara United,Niger Tornadoes,Tunde Sanni,CB,14,44,57,Pass,69.94,43.39,Complete,0.0
4584,6,Niger Tornadoes,Kwara United,Niger Tornadoes,Kwara United,Victor Ekong,GK,11,45,2,Interception,32.12,67.34,Complete,0.0
4585,6,Niger Tornadoes,Kwara United,Kwara United,Niger Tornadoes,Chidi Balogun,CB,15,45,10,Turnover,33.0,44.54,Complete,0.0
4586,6,Niger Tornadoes,Kwara United,Kwara United,Niger Tornadoes,Chidi Balogun,CB,15,45,24,Pass,99.15,19.77,Complete,0.0
4587,6,Niger Tornadoes,Kwara United,Kwara United,Niger Tornadoes,Ibrahim Osazuwa,LW,20,45,27,Offside,59.77,57.22,Complete,0.0
4588,6,Niger Tornadoes,Kwara United,Niger Tornadoes,Kwara United,Rasheed Ojo,LB,24,45,36,Foul,31.57,24.72,Complete,0.0
4589,6,Niger Tornadoes,Kwara United,Niger Tornadoes,Kwara United,Daniel Chukwuma,ST,13,45,39,Tackle,51.84,9.08,Complete,0.0
4590,6,Niger Tornadoes,Kwara United,Niger Tornadoes,Kwara United,Samuel Afolabi,LB,7,45,45,Pass,61.73,27.6,Complete,0.0
4591,6,Niger Tornadoes,Kwara United,Kwara United,Niger Tornadoes,Femi Osazuwa,RB,25,45,52,Interception,48.29,12.79,Complete,0.0
4592,6,Niger Tornadoes,Kwara United,Kwara United,Niger Tornadoes,Femi Osazuwa,RB,25,45,52,Dangerous Pass,95.42,16.53,Complete,0.0
4593,6,Niger Tornadoes,Kwara United,Niger Tornadoes,Kwara United,Sani Nwankwo,CAM,25,45,55,Cross,92.61,16.1,Complete,0.0
4594,6,Niger Tornadoes,Kwara United,Kwara United,Niger Tornadoes,Joseph Usman,RB,2,45,59,Interception,81.48,24.59,Complete,0.0
4595,6,Niger Tornadoes,Kwara United,Niger Tornadoes,Kwara United,Daniel Chukwuma,ST,13,46,17,Yellow Card,84.2,58.37,Complete,0.0
4596,6,Niger Tornadoes,Kwara United,Niger Tornadoes,Kwara United,Daniel Chukwuma,ST,13,46,21,Shot,99.25,60.93,Off Target,0.173
4597,6,Niger Tornadoes,Kwara United,Niger Tornadoes,Kwara United,Emeka Usman,LW,18,46,22,Interception,61.99,78.44,Complete,0.0
4598,6,Niger Tornadoes,Kwara United,Niger Tornadoes,Kwara United,Chinedu Nwankwo,RB,10,46,31,Successful Dribble,23.1,72.25,Complete,0.0
4599,6,Niger Tornadoes,Kwara United,Kwara United,Niger Tornadoes,Praise Balogun,CM,6,46,31,Foul,66.64,31.49,Complete,0.0
4600,6,Niger Tornadoes,Kwara United,Niger Tornadoes,Kwara United,Samuel Adebayo,CM,15,46,38,Pass,93.58,48.77,Complete,0.0
4601,6,Niger Tornadoes,Kwara United,Kwara United,Niger Tornadoes,Femi Osazuwa,RB,25,46,38,Pass,106.7,28.02,Complete,0.0
4602,6,Niger Tornadoes,Kwara United,Kwara United,Niger Tornadoes,Obinna Okonkwo,LW,24,46,39,Pass,93.06,39.62,Complete,0.0
4603,6,Niger Tornadoes,Kwara United,Kwara United,Niger Tornadoes,Uche Garba,ST,10,46,42,Tackle,41.28,67.19,Complete,0.0
4604,6,Niger Tornadoes,Kwara United,Kwara United,Niger Tornadoes,Victor Okafor,CB,16,46,49,Dangerous Pass,96.8,36.01,Complete,0.0
4605,6,Niger Tornadoes,Kwara United,Niger Tornadoes,Kwara United,Emeka Usman,LW,18,46,53,Cross,117.88,78.31,Complete,0.0
4606,6,Niger Tornadoes,Kwara United,Kwara United,Niger Tornadoes,Praise Balogun,CM,6,46,58,Interception,82.19,52.25,Complete,0.0
4607,6,Niger Tornadoes,Kwara United,Kwara United,Niger Tornadoes,Femi Osazuwa,RB,25,47,5,Pass,59.88,65.07,Complete,0.0
4608,6,Niger Tornadoes,Kwara United,Kwara United,Niger Tornadoes,Emeka Afolabi,CB,28,47,16,Dangerous Pass,82.38,39.77,Complete,0.0
4609,6,Niger Tornadoes,Kwara United,Kwara United,Niger Tornadoes,Tunde Sanni,CB,14,47,33,Pass,96.56,47.93,Complete,0.0
4610,6,Niger Tornadoes,Kwara United,Niger Tornadoes,Kwara United,Victor Ekong,GK,11,47,48,Pass,54.41,47.78,Complete,0.0
4611,6,Niger Tornadoes,Kwara United,Niger Tornadoes,Kwara United,Success Okafor,CAM,20,47,51,Foul,89.28,52.32,Complete,0.0
4612,6,Niger Tornadoes,Kwara United,Niger Tornadoes,Kwara United,Ibrahim Ndukwe,LB,19,47,55,Successful Dribble,63.16,43.02,Complete,0.0
4613,6,Niger Tornadoes,Kwara United,Kwara United,Niger Tornadoes,Chidi Balogun,CB,15,48,0,Corner,104.23,49.35,Complete,0.0
4614,6,Niger Tornadoes,Kwara United,Niger Tornadoes,Kwara United,Victor Ekong,GK,11,48,5,Pass,40.94,47.59,Complete,0.0
4615,6,Niger Tornadoes,Kwara United,Niger Tornadoes,Kwara United,Victor Ekong,GK,11,48,27,Pass,22.05,63.42,Complete,0.0
4616,6,Niger Tornadoes,Kwara United,Niger Tornadoes,Kwara United,Sani Nwankwo,CAM,25,48,38,Pass,94.06,43.84,Complete,0.0
4617,6,Niger Tornadoes,Kwara United,Kwara United,Niger Tornadoes,Ifeanyi Ogundele,LW,23,48,46,Successful Dribble,98.11,39.63,Complete,0.0
4618,6,Niger Tornadoes,Kwara United,Kwara United,Niger Tornadoes,Ifeanyi Ogundele,LW,23,48,48,Shot on Target,99.9,50.24,Off Target,0.249
4619,6,Niger Tornadoes,Kwara United,Niger Tornadoes,Kwara United,Chinedu Nwankwo,RB,10,48,50,Pass,2.26,44.39,Complete,0.0
4620,6,Niger Tornadoes,Kwara United,Niger Tornadoes,Kwara United,Sani Nwankwo,CAM,25,49,2,Offside,47.62,1.96,Complete,0.0
4621,6,Niger Tornadoes,Kwara United,Kwara United,Niger Tornadoes,Sani Adisa,ST,18,49,3,Turnover,48.35,60.36,Complete,0.0
4622,6,Niger Tornadoes,Kwara United,Kwara United,Niger Tornadoes,Aliyu Egwuekwe,RB,4,49,6,Shot on Target,96.38,56.87,Off Target,0.178
4623,6,Niger Tornadoes,Kwara United,Kwara United,Niger Tornadoes,Praise Balogun,CM,6,49,15,Tackle,33.1,40.67,Complete,0.0
4624,6,Niger Tornadoes,Kwara United,Kwara United,Niger Tornadoes,Ifeanyi Ogundele,LW,23,49,20,Pass,44.82,36.73,Complete,0.0
4625,6,Niger Tornadoes,Kwara United,Niger Tornadoes,Kwara United,Rasheed Ojo,LB,24,49,29,Dangerous Pass,107.98,30.56,Complete,0.0
4626,6,Niger Tornadoes,Kwara United,Kwara United,Niger Tornadoes,Praise Balogun,CM,6,49,32,Tackle,78.12,50.38,Complete,0.0
4627,6,Niger Tornadoes,Kwara United,Niger Tornadoes,Kwara United,Victor Ekong,GK,11,49,42,Shot,106.9,11.5,Off Target,0.151
4628,6,Niger Tornadoes,Kwara United,Niger Tornadoes,Kwara United,Kelechi Ibrahim,GK,26,49,47,Turnover,11.24,9.2,Complete,0.0
4629,6,Niger Tornadoes,Kwara United,Kwara United,Niger Tornadoes,Victor Okafor,CB,16,49,49,Pass,83.76,46.85,Complete,0.0
4630,6,Niger Tornadoes,Kwara United,Niger Tornadoes,Kwara United,Adewale Adebayo,RW,8,49,57,Successful Dribble,79.58,36.63,Complete,0.0
4631,6,Niger Tornadoes,Kwara United,Niger Tornadoes,Kwara United,Samuel Afolabi,LB,7,49,58,Pass,86.55,44.75,Complete,0.0
4632,6,Niger Tornadoes,Kwara United,Kwara United,Niger Tornadoes,Praise Balogun,CM,6,49,59,Pass,32.53,28.32,Complete,0.0
4633,6,Niger Tornadoes,Kwara United,Niger Tornadoes,Kwara United,Ibrahim Ndukwe,LB,19,49,59,Turnover,41.31,32.91,Complete,0.0
4634,6,Niger Tornadoes,Kwara United,Niger Tornadoes,Kwara United,Victor Ekong,GK,11,50,5,Cross,83.54,8.36,Complete,0.0
4635,6,Niger Tornadoes,Kwara United,Niger Tornadoes,Kwara United,Kelechi Ibrahim,GK,26,50,6,Pass,96.15,15.32,Complete,0.0
4636,6,Niger Tornadoes,Kwara United,Kwara United,Niger Tornadoes,Joseph Usman,RB,2,50,16,Tackle,61.03,39.89,Complete,0.0
4637,6,Niger Tornadoes,Kwara United,Niger Tornadoes,Kwara United,Ibrahim Ndukwe,LB,19,50,22,Turnover,58.6,71.09,Complete,0.0
4638,6,Niger Tornadoes,Kwara United,Niger Tornadoes,Kwara United,Adewale Adebayo,RW,8,50,43,Pass,105.9,19.47,Complete,0.0
4639,6,Niger Tornadoes,Kwara United,Kwara United,Niger Tornadoes,Aliyu Egwuekwe,RB,4,50,49,Pass,93.85,54.29,Complete,0.0
4640,6,Niger Tornadoes,Kwara United,Niger Tornadoes,Kwara United,Daniel Chukwuma,ST,13,50,54,Pass,46.27,67.84,Incomplete,0.0
4641,6,Niger Tornadoes,Kwara United,Kwara United,Niger Tornadoes,Aliyu Egwuekwe,RB,4,50,54,Pass,83.58,68.33,Complete,0.0
4642,6,Niger Tornadoes,Kwara United,Kwara United,Niger Tornadoes,Femi Osazuwa,RB,25,51,15,Pass,110.12,70.95,Incomplete,0.0
4643,6,Niger Tornadoes,Kwara United,Niger Tornadoes,Kwara United,Kelechi Ibrahim,GK,26,51,23,Pass,12.33,29.19,Complete,0.0
4644,6,Niger Tornadoes,Kwara United,Niger Tornadoes,Kwara United,Ibrahim Ndukwe,LB,19,51,32,Dangerous Pass,93.94,43.69,Incomplete,0.0
4645,6,Niger Tornadoes,Kwara United,Niger Tornadoes,Kwara United,Obinna Egwuekwe,LB,17,51,33,Dangerous Pass,76.67,0.0,Complete,0.0
4646,6,Niger Tornadoes,Kwara United,Niger Tornadoes,Kwara United,Chinedu Nwankwo,RB,10,52,2,Yellow Card,26.64,66.93,Complete,0.0
4647,6,Niger Tornadoes,Kwara United,Kwara United,Niger Tornadoes,Praise Balogun,CM,6,52,10,Corner,104.01,0.0,Complete,0.0
4648,6,Niger Tornadoes,Kwara United,Niger Tornadoes,Kwara United,Samuel Afolabi,LB,7,52,13,Corner,101.86,49.33,Complete,0.0
4649,6,Niger Tornadoes,Kwara United,Kwara United,Niger Tornadoes,Victor Okafor,CB,16,52,15,Progressive Pass,45.53,38.99,Complete,0.0
4650,6,Niger Tornadoes,Kwara United,Kwara United,Niger Tornadoes,Femi Osazuwa,RB,25,52,23,Progressive Pass,25.54,64.99,Complete,0.0
4651,6,Niger Tornadoes,Kwara United,Niger Tornadoes,Kwara United,Obinna Egwuekwe,LB,17,52,28,Pass,28.7,65.65,Complete,0.0
4652,6,Niger Tornadoes,Kwara United,Niger Tornadoes,Kwara United,Abubakar Osazuwa,LB,28,52,31,Successful Dribble,47.34,55.45,Complete,0.0
4653,6,Niger Tornadoes,Kwara United,Kwara United,Niger Tornadoes,Sani Adisa,ST,18,52,34,Tackle,14.0,53.29,Complete,0.0
4654,6,Niger Tornadoes,Kwara United,Kwara United,Niger Tornadoes,Ibrahim Osazuwa,LW,20,52,45,Pass,25.87,5.62,Complete,0.0
4655,6,Niger Tornadoes,Kwara United,Kwara United,Niger Tornadoes,Ibrahim Osazuwa,LW,20,52,46,Tackle,29.36,56.0,Complete,0.0
4656,6,Niger Tornadoes,Kwara United,Niger Tornadoes,Kwara United,Samuel Adebayo,CM,15,52,50,Shot,117.14,41.49,On Target,0.464
4657,6,Niger Tornadoes,Kwara United,Kwara United,Niger Tornadoes,Obinna Okonkwo,LW,24,52,58,Progressive Pass,71.56,34.19,Complete,0.0
4658,6,Niger Tornadoes,Kwara United,Niger Tornadoes,Kwara United,Aliyu Usman,RW,23,53,2,Tackle,21.86,13.26,Complete,0.0
4659,6,Niger Tornadoes,Kwara United,Niger Tornadoes,Kwara United,Chinedu Nwankwo,RB,10,53,16,Foul,23.38,0.0,Complete,0.0
4660,6,Niger Tornadoes,Kwara United,Niger Tornadoes,Kwara United,Ibrahim Ndukwe,LB,19,53,20,Turnover,58.13,50.72,Complete,0.0
4661,6,Niger Tornadoes,Kwara United,Kwara United,Niger Tornadoes,Tunde Sanni,CB,14,53,21,Interception,30.61,80.0,Complete,0.0
4662,6,Niger Tornadoes,Kwara United,Kwara United,Niger Tornadoes,Wale Yakubu,ST,29,53,25,Turnover,17.02,52.46,Complete,0.0
4663,6,Niger Tornadoes,Kwara United,Kwara United,Niger Tornadoes,Uche Garba,ST,10,53,43,Turnover,76.35,50.31,Complete,0.0
4664,6,Niger Tornadoes,Kwara United,Niger Tornadoes,Kwara United,Chinedu Nwankwo,RB,10,53,45,Successful Dribble,10.07,49.77,Complete,0.0
4665,6,Niger Tornadoes,Kwara United,Kwara United,Niger Tornadoes,Chidi Nnamdi,RW,19,53,52,Cross,82.2,62.34,Complete,0.0
4666,6,Niger Tornadoes,Kwara United,Niger Tornadoes,Kwara United,Kelechi Ibrahim,GK,26,53,57,Pass,119.17,29.18,Complete,0.0
4667,6,Niger Tornadoes,Kwara United,Niger Tornadoes,Kwara United,Ibrahim Ndukwe,LB,19,54,2,Pass,17.52,28.01,Incomplete,0.0
4668,6,Niger Tornadoes,Kwara United,Niger Tornadoes,Kwara United,Samuel Adebayo,CM,15,54,14,Interception,35.36,35.67,Complete,0.0
4669,6,Niger Tornadoes,Kwara United,Kwara United,Niger Tornadoes,Ibrahim Osazuwa,LW,20,54,23,Interception,57.84,35.64,Complete,0.0
4670,6,Niger Tornadoes,Kwara United,Kwara United,Niger Tornadoes,Ifeanyi Ogundele,LW,23,54,27,Pass,76.12,57.85,Complete,0.0
4671,6,Niger Tornadoes,Kwara United,Niger Tornadoes,Kwara United,Sani Nwankwo,CAM,25,54,29,Progressive Pass,35.45,80.0,Complete,0.0
4672,6,Niger Tornadoes,Kwara United,Kwara United,Niger Tornadoes,Joseph Usman,RB,2,54,41,Cross,86.02,60.48,Complete,0.0
4673,6,Niger Tornadoes,Kwara United,Niger Tornadoes,Kwara United,Adewale Adebayo,RW,8,54,46,Foul,63.08,24.88,Complete,0.0
4674,6,Niger Tornadoes,Kwara United,Kwara United,Niger Tornadoes,Praise Balogun,CM,6,55,3,Progressive Pass,68.26,36.52,Complete,0.0
4675,6,Niger Tornadoes,Kwara United,Kwara United,Niger Tornadoes,Tunde Sanni,CB,14,55,9,Pass,76.74,37.99,Complete,0.0
4676,6,Niger Tornadoes,Kwara United,Niger Tornadoes,Kwara United,Aliyu Usman,RW,23,55,10,Foul,54.55,29.93,Complete,0.0
4677,6,Niger Tornadoes,Kwara United,Kwara United,Niger Tornadoes,Wale Yakubu,ST,29,55,14,Successful Dribble,23.72,80.0,Complete,0.0
4678,6,Niger Tornadoes,Kwara United,Kwara United,Niger Tornadoes,Chidi Nnamdi,RW,19,55,21,Shot,99.86,27.54,On Target,0.237
4679,6,Niger Tornadoes,Kwara United,Niger Tornadoes,Kwara United,Samuel Adebayo,CM,15,55,21,Pass,0.63,71.31,Complete,0.0
4680,6,Niger Tornadoes,Kwara United,Kwara United,Niger Tornadoes,Sani Adisa,ST,18,55,23,Cross,97.18,45.6,Complete,0.0
4681,6,Niger Tornadoes,Kwara United,Niger Tornadoes,Kwara United,Chibuzor Onuoha,CAM,9,55,28,Successful Dribble,48.25,26.79,Complete,0.0
4682,6,Niger Tornadoes,Kwara United,Niger Tornadoes,Kwara United,Aliyu Usman,RW,23,55,52,Interception,51.91,58.97,Complete,0.0
4683,6,Niger Tornadoes,Kwara United,Kwara United,Niger Tornadoes,Victor Okafor,CB,16,55,56,Tackle,78.77,64.74,Complete,0.0
4684,6,Niger Tornadoes,Kwara United,Niger Tornadoes,Kwara United,Adewale Adebayo,RW,8,56,1,Successful Dribble,64.8,0.0,Complete,0.0
4685,6,Niger Tornadoes,Kwara United,Niger Tornadoes,Kwara United,Emeka Usman,LW,18,56,13,Turnover,18.98,24.72,Complete,0.0
4686,6,Niger Tornadoes,Kwara United,Niger Tornadoes,Kwara United,Samuel Afolabi,LB,7,56,21,Corner,80.16,58.29,Complete,0.0
4687,6,Niger Tornadoes,Kwara United,Niger Tornadoes,Kwara United,Kelechi Ibrahim,GK,26,56,26,Foul,35.23,75.41,Complete,0.0
4688,6,Niger Tornadoes,Kwara United,Niger Tornadoes,Kwara United,Ibrahim Ndukwe,LB,19,56,30,Pass,77.2,39.34,Complete,0.0
4689,6,Niger Tornadoes,Kwara United,Niger Tornadoes,Kwara United,Rasheed Ojo,LB,24,56,59,Successful Dribble,61.46,40.35,Complete,0.0
4690,6,Niger Tornadoes,Kwara United,Niger Tornadoes,Kwara United,Chinedu Nwankwo,RB,10,57,1,Turnover,26.79,6.8,Complete,0.0
4691,6,Niger Tornadoes,Kwara United,Niger Tornadoes,Kwara United,Abubakar Osazuwa,LB,28,57,19,Pass,42.13,4.59,Complete,0.0
4692,6,Niger Tornadoes,Kwara United,Niger Tornadoes,Kwara United,Success Okafor,CAM,20,57,32,Pass,19.64,44.3,Incomplete,0.0
4693,6,Niger Tornadoes,Kwara United,Niger Tornadoes,Kwara United,Abubakar Osazuwa,LB,28,57,32,Progressive Pass,65.51,40.88,Complete,0.0
4694,6,Niger Tornadoes,Kwara United,Niger Tornadoes,Kwara United,Success Okafor,CAM,20,57,37,Dangerous Pass,85.26,7.9,Incomplete,0.0
4695,6,Niger Tornadoes,Kwara United,Kwara United,Niger Tornadoes,Emeka Afolabi,CB,28,57,40,Goal,110.8,50.59,Goal,0.444
4696,6,Niger Tornadoes,Kwara United,Kwara United,Niger Tornadoes,Tunde Sanni,CB,14,57,50,Cross,83.72,58.9,Incomplete,0.0
4697,6,Niger Tornadoes,Kwara United,Niger Tornadoes,Kwara United,Aliyu Usman,RW,23,57,52,Dangerous Pass,84.95,68.13,Incomplete,0.0
4698,6,Niger Tornadoes,Kwara United,Niger Tornadoes,Kwara United,Chibuzor Onuoha,CAM,9,58,6,Dangerous Pass,79.45,39.27,Incomplete,0.0
4699,6,Niger Tornadoes,Kwara United,Niger Tornadoes,Kwara United,Daniel Chukwuma,ST,13,58,15,Pass,44.72,18.59,Complete,0.0
4700,6,Niger Tornadoes,Kwara United,Niger Tornadoes,Kwara United,Rasheed Ojo,LB,24,58,19,Cross,104.97,61.19,Complete,0.0
4701,6,Niger Tornadoes,Kwara United,Kwara United,Niger Tornadoes,Obinna Adebayo,LW,11,58,20,Interception,64.36,19.35,Complete,0.0
4702,6,Niger Tornadoes,Kwara United,Niger Tornadoes,Kwara United,Daniel Chukwuma,ST,13,58,22,Foul,67.6,20.35,Complete,0.0
4703,6,Niger Tornadoes,Kwara United,Niger Tornadoes,Kwara United,Rasheed Ojo,LB,24,58,35,Pass,83.06,17.0,Complete,0.0
4704,6,Niger Tornadoes,Kwara United,Niger Tornadoes,Kwara United,Victor Ekong,GK,11,58,42,Successful Dribble,80.5,25.19,Complete,0.0
4705,6,Niger Tornadoes,Kwara United,Kwara United,Niger Tornadoes,Uche Garba,ST,10,58,47,Tackle,88.03,25.69,Complete,0.0
4706,6,Niger Tornadoes,Kwara United,Kwara United,Niger Tornadoes,Obinna Okonkwo,LW,24,58,47,Tackle,30.53,55.09,Complete,0.0
4707,6,Niger Tornadoes,Kwara United,Kwara United,Niger Tornadoes,Praise Balogun,CM,6,58,52,Foul,53.08,67.76,Complete,0.0
4708,6,Niger Tornadoes,Kwara United,Niger Tornadoes,Kwara United,Abubakar Osazuwa,LB,28,59,7,Dangerous Pass,98.46,10.04,Complete,0.0
4709,6,Niger Tornadoes,Kwara United,Niger Tornadoes,Kwara United,Sani Nwankwo,CAM,25,59,7,Foul,15.61,70.12,Complete,0.0
4710,6,Niger Tornadoes,Kwara United,Niger Tornadoes,Kwara United,Sani Nwankwo,CAM,25,59,12,Foul,54.94,8.23,Complete,0.0
4711,6,Niger Tornadoes,Kwara United,Kwara United,Niger Tornadoes,Femi Osazuwa,RB,25,59,15,Pass,33.02,34.11,Complete,0.0
4712,6,Niger Tornadoes,Kwara United,Kwara United,Niger Tornadoes,Chidi Nnamdi,RW,19,59,17,Pass,27.34,62.56,Complete,0.0
4713,6,Niger Tornadoes,Kwara United,Niger Tornadoes,Kwara United,Aliyu Usman,RW,23,59,18,Progressive Pass,20.73,31.22,Complete,0.0
4714,6,Niger Tornadoes,Kwara United,Niger Tornadoes,Kwara United,Adewale Adebayo,RW,8,59,27,Successful Dribble,49.39,25.65,Complete,0.0
4715,6,Niger Tornadoes,Kwara United,Niger Tornadoes,Kwara United,Victor Ekong,GK,11,59,36,Turnover,17.87,17.46,Complete,0.0
4716,6,Niger Tornadoes,Kwara United,Niger Tornadoes,Kwara United,Chinedu Nwankwo,RB,10,59,43,Pass,35.11,54.52,Complete,0.0
4717,6,Niger Tornadoes,Kwara United,Kwara United,Niger Tornadoes,Ifeanyi Ogundele,LW,23,59,53,Pass,22.83,16.97,Complete,0.0
4718,6,Niger Tornadoes,Kwara United,Niger Tornadoes,Kwara United,Ibrahim Ndukwe,LB,19,59,54,Interception,57.4,57.25,Complete,0.0
4719,6,Niger Tornadoes,Kwara United,Kwara United,Niger Tornadoes,Wale Yakubu,ST,29,60,3,Foul,60.08,15.14,Complete,0.0
4720,6,Niger Tornadoes,Kwara United,Kwara United,Niger Tornadoes,Chidi Balogun,CB,15,60,9,Pass,68.25,42.38,Incomplete,0.0
4721,6,Niger Tornadoes,Kwara United,Kwara United,Niger Tornadoes,Chidi Nnamdi,RW,19,60,17,Pass,3.45,26.03,Complete,0.0
4722,6,Niger Tornadoes,Kwara United,Niger Tornadoes,Kwara United,Kelechi Ibrahim,GK,26,60,17,Cross,108.48,38.08,Incomplete,0.0
4723,6,Niger Tornadoes,Kwara United,Niger Tornadoes,Kwara United,Chinedu Nwankwo,RB,10,60,26,Tackle,17.54,14.86,Complete,0.0
4724,6,Niger Tornadoes,Kwara United,Niger Tornadoes,Kwara United,Sani Nwankwo,CAM,25,60,27,Foul,16.67,74.21,Complete,0.0
4725,6,Niger Tornadoes,Kwara United,Niger Tornadoes,Kwara United,Obinna Egwuekwe,LB,17,60,28,Pass,61.18,64.68,Incomplete,0.0
4726,6,Niger Tornadoes,Kwara United,Kwara United,Niger Tornadoes,Emeka Afolabi,CB,28,60,31,Turnover,40.34,64.43,Complete,0.0
4727,6,Niger Tornadoes,Kwara United,Kwara United,Niger Tornadoes,Femi Osazuwa,RB,25,60,40,Shot,104.21,47.56,Off Target,0.305
4728,6,Niger Tornadoes,Kwara United,Niger Tornadoes,Kwara United,Daniel Chukwuma,ST,13,60,42,Shot,89.25,55.33,On Target,0.118
4729,6,Niger Tornadoes,Kwara United,Niger Tornadoes,Kwara United,Aliyu Usman,RW,23,61,0,Tackle,77.16,61.4,Complete,0.0
4730,6,Niger Tornadoes,Kwara United,Kwara United,Niger Tornadoes,Sani Adisa,ST,18,61,1,Pass,72.78,66.91,Complete,0.0
4731,6,Niger Tornadoes,Kwara United,Niger Tornadoes,Kwara United,Adewale Adebayo,RW,8,61,7,Shot,95.85,45.58,Off Target,0.225
4732,6,Niger Tornadoes,Kwara United,Niger Tornadoes,Kwara United,Sani Nwankwo,CAM,25,61,9,Pass,102.85,37.22,Incomplete,0.0
4733,6,Niger Tornadoes,Kwara United,Kwara United,Niger Tornadoes,Chidi Nnamdi,RW,19,61,10,Turnover,67.64,49.77,Complete,0.0
4734,6,Niger Tornadoes,Kwara United,Niger Tornadoes,Kwara United,Emeka Usman,LW,18,61,13,Turnover,30.36,23.28,Complete,0.0
4735,6,Niger Tornadoes,Kwara United,Niger Tornadoes,Kwara United,Obinna Egwuekwe,LB,17,61,18,Shot,89.41,53.2,Off Target,0.13
4736,6,Niger Tornadoes,Kwara United,Kwara United,Niger Tornadoes,Joseph Usman,RB,2,61,28,Tackle,45.86,42.36,Complete,0.0
4737,6,Niger Tornadoes,Kwara United,Kwara United,Niger Tornadoes,Sani Adisa,ST,18,61,39,Pass,61.56,57.1,Complete,0.0
4738,6,Niger Tornadoes,Kwara United,Kwara United,Niger Tornadoes,Ifeanyi Ogundele,LW,23,61,46,Turnover,51.84,48.57,Complete,0.0
4739,6,Niger Tornadoes,Kwara United,Niger Tornadoes,Kwara United,Chinedu Nwankwo,RB,10,61,54,Cross,96.65,65.16,Complete,0.0
4740,6,Niger Tornadoes,Kwara United,Kwara United,Niger Tornadoes,Obinna Adebayo,LW,11,61,56,Pass,54.79,13.7,Complete,0.0
4741,6,Niger Tornadoes,Kwara United,Kwara United,Niger Tornadoes,Chidi Nnamdi,RW,19,61,56,Pass,82.47,8.72,Complete,0.0
4742,6,Niger Tornadoes,Kwara United,Niger Tornadoes,Kwara United,Chibuzor Onuoha,CAM,9,61,57,Progressive Pass,34.6,40.91,Complete,0.0
4743,6,Niger Tornadoes,Kwara United,Niger Tornadoes,Kwara United,Samuel Afolabi,LB,7,61,59,Interception,64.81,27.22,Complete,0.0
4744,6,Niger Tornadoes,Kwara United,Kwara United,Niger Tornadoes,Chidi Balogun,CB,15,62,46,Successful Dribble,29.26,42.58,Complete,0.0
4745,6,Niger Tornadoes,Kwara United,Niger Tornadoes,Kwara United,Ibrahim Ndukwe,LB,19,63,3,Pass,81.7,6.36,Complete,0.0
4746,6,Niger Tornadoes,Kwara United,Kwara United,Niger Tornadoes,Ibrahim Osazuwa,LW,20,63,24,Pass,99.15,31.52,Complete,0.0
4747,6,Niger Tornadoes,Kwara United,Niger Tornadoes,Kwara United,Aliyu Usman,RW,23,63,25,Pass,56.47,44.72,Complete,0.0
4748,6,Niger Tornadoes,Kwara United,Niger Tornadoes,Kwara United,Samuel Afolabi,LB,7,63,27,Interception,48.7,65.68,Complete,0.0
4749,6,Niger Tornadoes,Kwara United,Kwara United,Niger Tornadoes,Obinna Okonkwo,LW,24,63,27,Pass,55.15,39.43,Complete,0.0
4750,6,Niger Tornadoes,Kwara United,Niger Tornadoes,Kwara United,Victor Ekong,GK,11,63,28,Progressive Pass,22.19,0.0,Complete,0.0
4751,6,Niger Tornadoes,Kwara United,Niger Tornadoes,Kwara United,Daniel Chukwuma,ST,13,63,29,Foul,76.24,20.24,Complete,0.0
4752,6,Niger Tornadoes,Kwara United,Kwara United,Niger Tornadoes,Sani Adisa,ST,18,63,51,Dangerous Pass,80.99,30.54,Complete,0.0
4753,6,Niger Tornadoes,Kwara United,Niger Tornadoes,Kwara United,Rasheed Ojo,LB,24,64,6,Turnover,20.45,37.31,Complete,0.0
4754,6,Niger Tornadoes,Kwara United,Kwara United,Niger Tornadoes,Femi Osazuwa,RB,25,64,8,Turnover,15.94,26.94,Complete,0.0
4755,6,Niger Tornadoes,Kwara United,Niger Tornadoes,Kwara United,Aliyu Usman,RW,23,64,12,Dangerous Pass,72.83,25.29,Complete,0.0
4756,6,Niger Tornadoes,Kwara United,Kwara United,Niger Tornadoes,Joseph Usman,RB,2,64,18,Pass,27.02,0.0,Complete,0.0
4757,6,Niger Tornadoes,Kwara United,Kwara United,Niger Tornadoes,Obinna Adebayo,LW,11,64,20,Pass,82.13,49.7,Complete,0.0
4758,6,Niger Tornadoes,Kwara United,Kwara United,Niger Tornadoes,Sani Adisa,ST,18,64,20,Pass,54.24,49.85,Complete,0.0
4759,6,Niger Tornadoes,Kwara United,Niger Tornadoes,Kwara United,Rasheed Ojo,LB,24,64,25,Pass,92.12,64.73,Complete,0.0
4760,6,Niger Tornadoes,Kwara United,Niger Tornadoes,Kwara United,Daniel Chukwuma,ST,13,64,25,Interception,87.43,64.75,Complete,0.0
4761,6,Niger Tornadoes,Kwara United,Niger Tornadoes,Kwara United,Sani Nwankwo,CAM,25,64,43,Pass,65.54,49.33,Complete,0.0
4762,6,Niger Tornadoes,Kwara United,Kwara United,Niger Tornadoes,Emeka Afolabi,CB,28,64,54,Successful Dribble,90.8,27.32,Complete,0.0
4763,6,Niger Tornadoes,Kwara United,Niger Tornadoes,Kwara United,Daniel Chukwuma,ST,13,64,54,Shot on Target,118.91,14.49,On Target,0.216
4764,6,Niger Tornadoes,Kwara United,Niger Tornadoes,Kwara United,Abubakar Osazuwa,LB,28,64,55,Pass,114.65,52.81,Complete,0.0
4765,6,Niger Tornadoes,Kwara United,Kwara United,Niger Tornadoes,Ibrahim Osazuwa,LW,20,64,56,Interception,46.08,57.44,Complete,0.0
4766,6,Niger Tornadoes,Kwara United,Niger Tornadoes,Kwara United,Adewale Adebayo,RW,8,64,57,Successful Dribble,29.57,27.26,Complete,0.0
4767,6,Niger Tornadoes,Kwara United,Kwara United,Niger Tornadoes,Aliyu Egwuekwe,RB,4,65,5,Successful Dribble,116.52,18.81,Complete,0.0
4768,6,Niger Tornadoes,Kwara United,Niger Tornadoes,Kwara United,Aliyu Usman,RW,23,65,15,Pass,80.49,25.74,Complete,0.0
4769,6,Niger Tornadoes,Kwara United,Kwara United,Niger Tornadoes,Femi Osazuwa,RB,25,65,18,Progressive Pass,2.4,44.46,Complete,0.0
4770,6,Niger Tornadoes,Kwara United,Kwara United,Niger Tornadoes,Aliyu Egwuekwe,RB,4,65,23,Corner,99.62,22.32,Complete,0.0
4771,6,Niger Tornadoes,Kwara United,Kwara United,Niger Tornadoes,Tunde Sanni,CB,14,65,23,Successful Dribble,27.52,45.33,Complete,0.0
4772,6,Niger Tornadoes,Kwara United,Kwara United,Niger Tornadoes,Chidi Nnamdi,RW,19,65,32,Pass,53.16,35.43,Complete,0.0
4773,6,Niger Tornadoes,Kwara United,Kwara United,Niger Tornadoes,Femi Osazuwa,RB,25,65,33,Pass,35.12,48.76,Incomplete,0.0
4774,6,Niger Tornadoes,Kwara United,Kwara United,Niger Tornadoes,Obinna Adebayo,LW,11,65,41,Turnover,52.92,48.05,Complete,0.0
4775,6,Niger Tornadoes,Kwara United,Niger Tornadoes,Kwara United,Rasheed Ojo,LB,24,65,54,Foul,59.82,60.36,Complete,0.0
4776,6,Niger Tornadoes,Kwara United,Kwara United,Niger Tornadoes,Sani Adisa,ST,18,65,55,Cross,106.23,31.96,Complete,0.0
4777,6,Niger Tornadoes,Kwara United,Kwara United,Niger Tornadoes,Obinna Okonkwo,LW,24,65,58,Pass,11.51,46.41,Complete,0.0
4778,6,Niger Tornadoes,Kwara United,Kwara United,Niger Tornadoes,Wale Yakubu,ST,29,66,5,Tackle,26.12,49.78,Complete,0.0
4779,6,Niger Tornadoes,Kwara United,Niger Tornadoes,Kwara United,Samuel Afolabi,LB,7,66,7,Turnover,16.49,19.63,Complete,0.0
4780,6,Niger Tornadoes,Kwara United,Niger Tornadoes,Kwara United,Chinedu Nwankwo,RB,10,66,20,Interception,25.71,50.57,Complete,0.0
4781,6,Niger Tornadoes,Kwara United,Kwara United,Niger Tornadoes,Obinna Okonkwo,LW,24,66,32,Pass,75.1,38.11,Complete,0.0
4782,6,Niger Tornadoes,Kwara United,Niger Tornadoes,Kwara United,Rasheed Ojo,LB,24,66,40,Cross,74.34,65.43,Complete,0.0
4783,6,Niger Tornadoes,Kwara United,Niger Tornadoes,Kwara United,Chibuzor Onuoha,CAM,9,66,49,Turnover,63.04,23.52,Complete,0.0
4784,6,Niger Tornadoes,Kwara United,Kwara United,Niger Tornadoes,Obinna Adebayo,LW,11,66,52,Turnover,61.35,0.0,Complete,0.0
4785,6,Niger Tornadoes,Kwara United,Kwara United,Niger Tornadoes,Obinna Okonkwo,LW,24,66,56,Pass,114.2,29.07,Complete,0.0
4786,6,Niger Tornadoes,Kwara United,Kwara United,Niger Tornadoes,Aliyu Egwuekwe,RB,4,67,9,Pass,115.79,59.97,Complete,0.0
4787,6,Niger Tornadoes,Kwara United,Niger Tornadoes,Kwara United,Ibrahim Ndukwe,LB,19,67,9,Turnover,87.07,26.77,Complete,0.0
4788,6,Niger Tornadoes,Kwara United,Kwara United,Niger Tornadoes,Obinna Adebayo,LW,11,67,14,Successful Dribble,50.72,60.52,Complete,0.0
4789,6,Niger Tornadoes,Kwara United,Niger Tornadoes,Kwara United,Chibuzor Onuoha,CAM,9,67,23,Yellow Card,26.05,35.95,Complete,0.0
4790,6,Niger Tornadoes,Kwara United,Kwara United,Niger Tornadoes,Emeka Afolabi,CB,28,67,28,Turnover,75.48,46.8,Complete,0.0
4791,6,Niger Tornadoes,Kwara United,Niger Tornadoes,Kwara United,Obinna Egwuekwe,LB,17,67,28,Pass,23.31,23.33,Complete,0.0
4792,6,Niger Tornadoes,Kwara United,Kwara United,Niger Tornadoes,Uche Garba,ST,10,67,30,Dangerous Pass,105.79,48.92,Incomplete,0.0
4793,6,Niger Tornadoes,Kwara United,Niger Tornadoes,Kwara United,Success Okafor,CAM,20,67,35,Pass,55.37,30.47,Complete,0.0
4794,6,Niger Tornadoes,Kwara United,Niger Tornadoes,Kwara United,Obinna Egwuekwe,LB,17,67,42,Cross,109.82,80.0,Complete,0.0
4795,6,Niger Tornadoes,Kwara United,Kwara United,Niger Tornadoes,Aliyu Egwuekwe,RB,4,67,47,Shot,94.9,40.23,On Target,0.221
4796,6,Niger Tornadoes,Kwara United,Kwara United,Niger Tornadoes,Aliyu Egwuekwe,RB,4,67,55,Turnover,86.86,51.13,Complete,0.0
4797,6,Niger Tornadoes,Kwara United,Niger Tornadoes,Kwara United,Sani Nwankwo,CAM,25,67,56,Progressive Pass,91.29,59.74,Complete,0.0
4798,6,Niger Tornadoes,Kwara United,Kwara United,Niger Tornadoes,Sani Adisa,ST,18,68,1,Pass,2.93,33.42,Complete,0.0
4799,6,Niger Tornadoes,Kwara United,Niger Tornadoes,Kwara United,Success Okafor,CAM,20,68,3,Interception,56.23,15.05,Complete,0.0
4800,6,Niger Tornadoes,Kwara United,Niger Tornadoes,Kwara United,Adewale Adebayo,RW,8,68,6,Interception,21.35,62.13,Complete,0.0
4801,6,Niger Tornadoes,Kwara United,Niger Tornadoes,Kwara United,Obinna Egwuekwe,LB,17,68,14,Pass,31.64,21.37,Complete,0.0
4802,6,Niger Tornadoes,Kwara United,Niger Tornadoes,Kwara United,Obinna Egwuekwe,LB,17,68,18,Pass,112.36,53.34,Complete,0.0
4803,6,Niger Tornadoes,Kwara United,Niger Tornadoes,Kwara United,Ibrahim Ndukwe,LB,19,68,21,Progressive Pass,24.14,55.73,Complete,0.0
4804,6,Niger Tornadoes,Kwara United,Kwara United,Niger Tornadoes,Chidi Balogun,CB,15,68,36,Tackle,69.35,46.38,Complete,0.0
4805,6,Niger Tornadoes,Kwara United,Kwara United,Niger Tornadoes,Praise Balogun,CM,6,68,37,Pass,26.72,80.0,Complete,0.0
4806,6,Niger Tornadoes,Kwara United,Niger Tornadoes,Kwara United,Ibrahim Ndukwe,LB,19,68,38,Pass,21.83,23.94,Complete,0.0
4807,6,Niger Tornadoes,Kwara United,Niger Tornadoes,Kwara United,Victor Ekong,GK,11,68,57,Shot,118.62,34.76,Off Target,0.44
4808,6,Niger Tornadoes,Kwara United,Kwara United,Niger Tornadoes,Uche Garba,ST,10,69,1,Tackle,55.34,37.73,Complete,0.0
4809,6,Niger Tornadoes,Kwara United,Niger Tornadoes,Kwara United,Chibuzor Onuoha,CAM,9,69,8,Progressive Pass,31.27,46.47,Complete,0.0
4810,6,Niger Tornadoes,Kwara United,Kwara United,Niger Tornadoes,Ifeanyi Ogundele,LW,23,69,12,Tackle,12.81,45.2,Complete,0.0
4811,6,Niger Tornadoes,Kwara United,Niger Tornadoes,Kwara United,Samuel Afolabi,LB,7,69,16,Shot,88.12,28.36,On Target,0.123
4812,6,Niger Tornadoes,Kwara United,Niger Tornadoes,Kwara United,Sani Nwankwo,CAM,25,69,19,Successful Dribble,61.24,25.36,Complete,0.0
4813,6,Niger Tornadoes,Kwara United,Kwara United,Niger Tornadoes,Sani Adisa,ST,18,69,23,Dangerous Pass,73.31,42.05,Complete,0.0
4814,6,Niger Tornadoes,Kwara United,Niger Tornadoes,Kwara United,Chinedu Nwankwo,RB,10,69,23,Corner,114.99,63.9,Complete,0.0
4815,6,Niger Tornadoes,Kwara United,Kwara United,Niger Tornadoes,Emeka Afolabi,CB,28,69,33,Shot,116.66,49.1,On Target,0.392
4816,6,Niger Tornadoes,Kwara United,Niger Tornadoes,Kwara United,Adewale Adebayo,RW,8,69,36,Tackle,26.05,61.2,Complete,0.0
4817,6,Niger Tornadoes,Kwara United,Niger Tornadoes,Kwara United,Chinedu Nwankwo,RB,10,69,43,Pass,17.73,34.42,Incomplete,0.0
4818,6,Niger Tornadoes,Kwara United,Kwara United,Niger Tornadoes,Obinna Okonkwo,LW,24,69,48,Foul,45.22,27.03,Complete,0.0
4819,6,Niger Tornadoes,Kwara United,Niger Tornadoes,Kwara United,Obinna Egwuekwe,LB,17,69,56,Interception,26.0,67.35,Complete,0.0
4820,6,Niger Tornadoes,Kwara United,Kwara United,Niger Tornadoes,Wale Yakubu,ST,29,70,18,Offside,32.19,32.89,Complete,0.0
4821,6,Niger Tornadoes,Kwara United,Kwara United,Niger Tornadoes,Emeka Afolabi,CB,28,70,26,Pass,58.85,52.2,Complete,0.0
4822,6,Niger Tornadoes,Kwara United,Kwara United,Niger Tornadoes,Femi Osazuwa,RB,25,70,27,Tackle,52.54,51.64,Complete,0.0
4823,6,Niger Tornadoes,Kwara United,Niger Tornadoes,Kwara United,Chinedu Nwankwo,RB,10,70,30,Pass,51.01,16.44,Complete,0.0
4824,6,Niger Tornadoes,Kwara United,Niger Tornadoes,Kwara United,Abubakar Osazuwa,LB,28,70,30,Interception,43.24,48.28,Complete,0.0
4825,6,Niger Tornadoes,Kwara United,Kwara United,Niger Tornadoes,Aliyu Egwuekwe,RB,4,70,30,Big Chance,108.39,59.42,On Target,0.499
4826,6,Niger Tornadoes,Kwara United,Niger Tornadoes,Kwara United,Ibrahim Ndukwe,LB,19,70,33,Pass,54.83,44.99,Complete,0.0
4827,6,Niger Tornadoes,Kwara United,Kwara United,Niger Tornadoes,Victor Okafor,CB,16,70,34,Turnover,77.39,23.56,Complete,0.0
4828,6,Niger Tornadoes,Kwara United,Niger Tornadoes,Kwara United,Samuel Adebayo,CM,15,70,38,Progressive Pass,6.57,0.0,Complete,0.0
4829,6,Niger Tornadoes,Kwara United,Kwara United,Niger Tornadoes,Obinna Okonkwo,LW,24,70,45,Shot on Target,119.54,34.54,On Target,0.439
4830,6,Niger Tornadoes,Kwara United,Kwara United,Niger Tornadoes,Joseph Usman,RB,2,71,9,Pass,75.94,10.31,Complete,0.0
4831,6,Niger Tornadoes,Kwara United,Kwara United,Niger Tornadoes,Praise Balogun,CM,6,71,18,Interception,38.78,27.79,Complete,0.0
4832,6,Niger Tornadoes,Kwara United,Kwara United,Niger Tornadoes,Obinna Okonkwo,LW,24,71,19,Interception,68.47,38.06,Complete,0.0
4833,6,Niger Tornadoes,Kwara United,Kwara United,Niger Tornadoes,Obinna Adebayo,LW,11,71,22,Shot,93.17,53.76,Off Target,0.165
4834,6,Niger Tornadoes,Kwara United,Niger Tornadoes,Kwara United,Obinna Egwuekwe,LB,17,71,42,Shot,95.62,39.48,Off Target,0.229
4835,6,Niger Tornadoes,Kwara United,Kwara United,Niger Tornadoes,Emeka Afolabi,CB,28,71,46,Pass,34.13,80.0,Complete,0.0
4836,6,Niger Tornadoes,Kwara United,Kwara United,Niger Tornadoes,Emeka Afolabi,CB,28,71,48,Interception,13.29,42.46,Complete,0.0
4837,6,Niger Tornadoes,Kwara United,Kwara United,Niger Tornadoes,Emeka Afolabi,CB,28,72,3,Pass,55.74,63.77,Complete,0.0
4838,6,Niger Tornadoes,Kwara United,Niger Tornadoes,Kwara United,Samuel Afolabi,LB,7,72,6,Turnover,76.72,41.49,Complete,0.0
4839,6,Niger Tornadoes,Kwara United,Kwara United,Niger Tornadoes,Emeka Afolabi,CB,28,72,6,Progressive Pass,8.94,16.6,Complete,0.0
4840,6,Niger Tornadoes,Kwara United,Niger Tornadoes,Kwara United,Rasheed Ojo,LB,24,72,7,Pass,82.4,65.42,Complete,0.0
4841,6,Niger Tornadoes,Kwara United,Niger Tornadoes,Kwara United,Samuel Adebayo,CM,15,72,8,Pass,90.18,28.05,Complete,0.0
4842,6,Niger Tornadoes,Kwara United,Kwara United,Niger Tornadoes,Tunde Sanni,CB,14,72,18,Progressive Pass,66.34,21.61,Complete,0.0
4843,6,Niger Tornadoes,Kwara United,Niger Tornadoes,Kwara United,Emeka Usman,LW,18,72,21,Progressive Pass,117.59,43.42,Complete,0.0
4844,6,Niger Tornadoes,Kwara United,Kwara United,Niger Tornadoes,Sani Adisa,ST,18,72,21,Foul,14.63,8.29,Complete,0.0
4845,6,Niger Tornadoes,Kwara United,Niger Tornadoes,Kwara United,Success Okafor,CAM,20,72,30,Successful Dribble,26.9,54.77,Complete,0.0
4846,6,Niger Tornadoes,Kwara United,Kwara United,Niger Tornadoes,Praise Balogun,CM,6,72,37,Foul,27.27,48.77,Complete,0.0
4847,6,Niger Tornadoes,Kwara United,Niger Tornadoes,Kwara United,Kelechi Ibrahim,GK,26,72,57,Turnover,38.08,21.15,Complete,0.0
4848,6,Niger Tornadoes,Kwara United,Kwara United,Niger Tornadoes,Obinna Okonkwo,LW,24,73,15,Cross,101.9,59.9,Complete,0.0
4849,6,Niger Tornadoes,Kwara United,Kwara United,Niger Tornadoes,Obinna Adebayo,LW,11,73,16,Turnover,20.51,13.76,Complete,0.0
4850,6,Niger Tornadoes,Kwara United,Niger Tornadoes,Kwara United,Victor Ekong,GK,11,73,19,Cross,87.09,45.67,Incomplete,0.0
4851,6,Niger Tornadoes,Kwara United,Niger Tornadoes,Kwara United,Emeka Usman,LW,18,73,34,Foul,39.16,0.0,Complete,0.0
4852,6,Niger Tornadoes,Kwara United,Niger Tornadoes,Kwara United,Samuel Afolabi,LB,7,73,36,Pass,99.91,23.61,Incomplete,0.0
4853,6,Niger Tornadoes,Kwara United,Niger Tornadoes,Kwara United,Samuel Afolabi,LB,7,73,49,Pass,62.83,32.25,Complete,0.0
4854,6,Niger Tornadoes,Kwara United,Niger Tornadoes,Kwara United,Chibuzor Onuoha,CAM,9,74,4,Pass,87.77,68.73,Complete,0.0
4855,6,Niger Tornadoes,Kwara United,Kwara United,Niger Tornadoes,Obinna Okonkwo,LW,24,74,5,Pass,68.73,39.64,Complete,0.0
4856,6,Niger Tornadoes,Kwara United,Niger Tornadoes,Kwara United,Chinedu Nwankwo,RB,10,74,14,Tackle,80.25,39.4,Complete,0.0
4857,6,Niger Tornadoes,Kwara United,Kwara United,Niger Tornadoes,Victor Okafor,CB,16,74,31,Yellow Card,117.96,32.56,Complete,0.0
4858,6,Niger Tornadoes,Kwara United,Kwara United,Niger Tornadoes,Obinna Adebayo,LW,11,74,34,Foul,31.36,29.39,Complete,0.0
4859,6,Niger Tornadoes,Kwara United,Niger Tornadoes,Kwara United,Victor Ekong,GK,11,74,34,Turnover,74.55,80.0,Complete,0.0
4860,6,Niger Tornadoes,Kwara United,Niger Tornadoes,Kwara United,Ibrahim Ndukwe,LB,19,74,34,Turnover,69.21,39.37,Complete,0.0
4861,6,Niger Tornadoes,Kwara United,Kwara United,Niger Tornadoes,Chidi Balogun,CB,15,74,44,Pass,45.81,40.78,Incomplete,0.0
4862,6,Niger Tornadoes,Kwara United,Niger Tornadoes,Kwara United,Kelechi Ibrahim,GK,26,74,59,Tackle,21.96,38.96,Complete,0.0
4863,6,Niger Tornadoes,Kwara United,Niger Tornadoes,Kwara United,Kelechi Ibrahim,GK,26,75,2,Tackle,33.74,44.4,Complete,0.0
4864,6,Niger Tornadoes,Kwara United,Kwara United,Niger Tornadoes,Obinna Okonkwo,LW,24,75,4,Interception,86.1,76.99,Complete,0.0
4865,6,Niger Tornadoes,Kwara United,Niger Tornadoes,Kwara United,Abubakar Osazuwa,LB,28,75,14,Pass,51.73,52.23,Incomplete,0.0
4866,6,Niger Tornadoes,Kwara United,Kwara United,Niger Tornadoes,Obinna Okonkwo,LW,24,75,15,Tackle,35.33,4.3,Complete,0.0
4867,6,Niger Tornadoes,Kwara United,Niger Tornadoes,Kwara United,Rasheed Ojo,LB,24,75,25,Pass,100.19,38.63,Complete,0.0
4868,6,Niger Tornadoes,Kwara United,Niger Tornadoes,Kwara United,Obinna Egwuekwe,LB,17,75,27,Dangerous Pass,78.34,0.0,Complete,0.0
4869,6,Niger Tornadoes,Kwara United,Kwara United,Niger Tornadoes,Chidi Nnamdi,RW,19,75,28,Pass,119.61,18.12,Complete,0.0
4870,6,Niger Tornadoes,Kwara United,Niger Tornadoes,Kwara United,Rasheed Ojo,LB,24,75,42,Pass,66.61,63.02,Complete,0.0
4871,6,Niger Tornadoes,Kwara United,Niger Tornadoes,Kwara United,Obinna Egwuekwe,LB,17,75,44,Progressive Pass,13.5,10.8,Complete,0.0
4872,6,Niger Tornadoes,Kwara United,Kwara United,Niger Tornadoes,Obinna Okonkwo,LW,24,75,45,Tackle,22.07,33.47,Complete,0.0
4873,6,Niger Tornadoes,Kwara United,Niger Tornadoes,Kwara United,Emeka Usman,LW,18,75,51,Pass,110.34,45.95,Incomplete,0.0
4874,6,Niger Tornadoes,Kwara United,Niger Tornadoes,Kwara United,Adewale Adebayo,RW,8,76,0,Successful Dribble,61.92,39.32,Complete,0.0
4875,6,Niger Tornadoes,Kwara United,Kwara United,Niger Tornadoes,Joseph Usman,RB,2,76,1,Pass,76.26,43.57,Incomplete,0.0
4876,6,Niger Tornadoes,Kwara United,Kwara United,Niger Tornadoes,Chidi Nnamdi,RW,19,76,14,Tackle,19.36,51.31,Complete,0.0
4877,6,Niger Tornadoes,Kwara United,Niger Tornadoes,Kwara United,Abubakar Osazuwa,LB,28,76,15,Pass,64.05,0.5,Complete,0.0
4878,6,Niger Tornadoes,Kwara United,Niger Tornadoes,Kwara United,Abubakar Osazuwa,LB,28,76,30,Foul,20.3,17.6,Complete,0.0
4879,6,Niger Tornadoes,Kwara United,Niger Tornadoes,Kwara United,Kelechi Ibrahim,GK,26,76,32,Pass,39.68,0.0,Complete,0.0
4880,6,Niger Tornadoes,Kwara United,Niger Tornadoes,Kwara United,Aliyu Usman,RW,23,76,38,Turnover,82.6,34.64,Complete,0.0
4881,6,Niger Tornadoes,Kwara United,Kwara United,Niger Tornadoes,Ifeanyi Ogundele,LW,23,76,44,Pass,63.4,0.0,Complete,0.0
4882,6,Niger Tornadoes,Kwara United,Niger Tornadoes,Kwara United,Sani Nwankwo,CAM,25,76,50,Dangerous Pass,86.04,42.4,Complete,0.0
4883,6,Niger Tornadoes,Kwara United,Kwara United,Niger Tornadoes,Ibrahim Osazuwa,LW,20,77,3,Successful Dribble,107.03,52.15,Complete,0.0
4884,6,Niger Tornadoes,Kwara United,Kwara United,Niger Tornadoes,Chidi Nnamdi,RW,19,77,4,Dangerous Pass,114.76,45.95,Complete,0.0
4885,6,Niger Tornadoes,Kwara United,Niger Tornadoes,Kwara United,Samuel Adebayo,CM,15,77,8,Yellow Card,75.68,22.4,Complete,0.0
4886,6,Niger Tornadoes,Kwara United,Kwara United,Niger Tornadoes,Femi Osazuwa,RB,25,77,12,Dangerous Pass,93.81,42.98,Complete,0.0
4887,6,Niger Tornadoes,Kwara United,Kwara United,Niger Tornadoes,Chidi Nnamdi,RW,19,77,12,Successful Dribble,90.73,33.33,Complete,0.0
4888,6,Niger Tornadoes,Kwara United,Niger Tornadoes,Kwara United,Adewale Adebayo,RW,8,77,18,Turnover,69.58,64.07,Complete,0.0
4889,6,Niger Tornadoes,Kwara United,Kwara United,Niger Tornadoes,Emeka Afolabi,CB,28,77,26,Pass,58.03,29.16,Complete,0.0
4890,6,Niger Tornadoes,Kwara United,Kwara United,Niger Tornadoes,Obinna Adebayo,LW,11,77,31,Progressive Pass,105.12,68.68,Complete,0.0
4891,6,Niger Tornadoes,Kwara United,Kwara United,Niger Tornadoes,Uche Garba,ST,10,77,42,Pass,68.56,59.82,Incomplete,0.0
4892,6,Niger Tornadoes,Kwara United,Kwara United,Niger Tornadoes,Ifeanyi Ogundele,LW,23,77,43,Foul,78.89,59.57,Complete,0.0
4893,6,Niger Tornadoes,Kwara United,Niger Tornadoes,Kwara United,Emeka Usman,LW,18,77,45,Dangerous Pass,106.67,47.1,Complete,0.0
4894,6,Niger Tornadoes,Kwara United,Niger Tornadoes,Kwara United,Victor Ekong,GK,11,77,56,Shot on Target,101.28,54.05,Off Target,0.24
4895,6,Niger Tornadoes,Kwara United,Niger Tornadoes,Kwara United,Ibrahim Ndukwe,LB,19,78,1,Interception,49.4,69.76,Complete,0.0
4896,6,Niger Tornadoes,Kwara United,Niger Tornadoes,Kwara United,Chinedu Nwankwo,RB,10,78,9,Tackle,19.72,35.54,Complete,0.0
4897,6,Niger Tornadoes,Kwara United,Kwara United,Niger Tornadoes,Uche Garba,ST,10,78,16,Corner,113.13,74.18,Complete,0.0
4898,6,Niger Tornadoes,Kwara United,Niger Tornadoes,Kwara United,Sani Nwankwo,CAM,25,78,25,Interception,60.92,9.64,Complete,0.0
4899,6,Niger Tornadoes,Kwara United,Niger Tornadoes,Kwara United,Aliyu Usman,RW,23,78,42,Interception,80.37,59.63,Complete,0.0
4900,6,Niger Tornadoes,Kwara United,Niger Tornadoes,Kwara United,Kelechi Ibrahim,GK,26,78,43,Successful Dribble,16.83,48.53,Complete,0.0
4901,6,Niger Tornadoes,Kwara United,Niger Tornadoes,Kwara United,Chibuzor Onuoha,CAM,9,79,12,Cross,96.67,16.4,Complete,0.0
4902,6,Niger Tornadoes,Kwara United,Niger Tornadoes,Kwara United,Chibuzor Onuoha,CAM,9,79,12,Pass,48.51,49.5,Complete,0.0
4903,6,Niger Tornadoes,Kwara United,Niger Tornadoes,Kwara United,Samuel Afolabi,LB,7,79,27,Pass,83.96,50.94,Complete,0.0
4904,6,Niger Tornadoes,Kwara United,Niger Tornadoes,Kwara United,Chinedu Nwankwo,RB,10,79,44,Dangerous Pass,113.93,47.8,Complete,0.0
4905,6,Niger Tornadoes,Kwara United,Kwara United,Niger Tornadoes,Praise Balogun,CM,6,79,51,Successful Dribble,67.02,80.0,Complete,0.0
4906,6,Niger Tornadoes,Kwara United,Niger Tornadoes,Kwara United,Victor Ekong,GK,11,79,59,Pass,18.56,48.9,Incomplete,0.0
4907,6,Niger Tornadoes,Kwara United,Kwara United,Niger Tornadoes,Victor Okafor,CB,16,80,0,Foul,82.78,25.58,Complete,0.0
4908,6,Niger Tornadoes,Kwara United,Kwara United,Niger Tornadoes,Uche Garba,ST,10,80,10,Turnover,43.8,65.53,Complete,0.0
4909,6,Niger Tornadoes,Kwara United,Niger Tornadoes,Kwara United,Daniel Chukwuma,ST,13,80,17,Tackle,68.64,29.98,Complete,0.0
4910,6,Niger Tornadoes,Kwara United,Niger Tornadoes,Kwara United,Samuel Afolabi,LB,7,80,27,Pass,23.7,16.25,Incomplete,0.0
4911,6,Niger Tornadoes,Kwara United,Kwara United,Niger Tornadoes,Wale Yakubu,ST,29,80,29,Pass,53.53,42.68,Complete,0.0
4912,6,Niger Tornadoes,Kwara United,Kwara United,Niger Tornadoes,Femi Osazuwa,RB,25,80,31,Pass,68.17,11.01,Complete,0.0
4913,6,Niger Tornadoes,Kwara United,Kwara United,Niger Tornadoes,Chidi Nnamdi,RW,19,80,43,Tackle,49.39,43.24,Complete,0.0
4914,6,Niger Tornadoes,Kwara United,Kwara United,Niger Tornadoes,Joseph Usman,RB,2,80,45,Pass,2.63,31.09,Complete,0.0
4915,6,Niger Tornadoes,Kwara United,Kwara United,Niger Tornadoes,Sani Adisa,ST,18,80,48,Successful Dribble,91.71,20.87,Complete,0.0
4916,6,Niger Tornadoes,Kwara United,Kwara United,Niger Tornadoes,Obinna Okonkwo,LW,24,80,48,Pass,73.05,30.41,Complete,0.0
4917,6,Niger Tornadoes,Kwara United,Kwara United,Niger Tornadoes,Uche Garba,ST,10,80,59,Progressive Pass,38.62,40.86,Complete,0.0
4918,6,Niger Tornadoes,Kwara United,Kwara United,Niger Tornadoes,Tunde Sanni,CB,14,81,6,Pass,78.7,14.18,Complete,0.0
4919,6,Niger Tornadoes,Kwara United,Niger Tornadoes,Kwara United,Aliyu Usman,RW,23,81,8,Foul,38.31,57.82,Complete,0.0
4920,6,Niger Tornadoes,Kwara United,Kwara United,Niger Tornadoes,Ibrahim Osazuwa,LW,20,81,20,Interception,46.92,37.35,Complete,0.0
4921,6,Niger Tornadoes,Kwara United,Niger Tornadoes,Kwara United,Adewale Adebayo,RW,8,81,20,Turnover,48.68,61.07,Complete,0.0
4922,6,Niger Tornadoes,Kwara United,Niger Tornadoes,Kwara United,Kelechi Ibrahim,GK,26,81,25,Tackle,42.97,35.47,Complete,0.0
4923,6,Niger Tornadoes,Kwara United,Kwara United,Niger Tornadoes,Obinna Adebayo,LW,11,81,26,Shot on Target,109.02,59.88,On Target,0.248
4924,6,Niger Tornadoes,Kwara United,Niger Tornadoes,Kwara United,Emeka Usman,LW,18,81,35,Dangerous Pass,72.92,47.37,Complete,0.0
4925,6,Niger Tornadoes,Kwara United,Kwara United,Niger Tornadoes,Ifeanyi Ogundele,LW,23,82,4,Dangerous Pass,87.82,36.1,Complete,0.0
4926,6,Niger Tornadoes,Kwara United,Kwara United,Niger Tornadoes,Sani Adisa,ST,18,82,10,Progressive Pass,30.75,53.98,Complete,0.0
4927,6,Niger Tornadoes,Kwara United,Niger Tornadoes,Kwara United,Aliyu Usman,RW,23,82,15,Interception,39.78,55.12,Complete,0.0
4928,6,Niger Tornadoes,Kwara United,Kwara United,Niger Tornadoes,Victor Okafor,CB,16,82,29,Interception,13.34,19.08,Complete,0.0
4929,6,Niger Tornadoes,Kwara United,Kwara United,Niger Tornadoes,Sani Adisa,ST,18,82,34,Pass,95.28,47.76,Complete,0.0
4930,6,Niger Tornadoes,Kwara United,Niger Tornadoes,Kwara United,Adewale Adebayo,RW,8,82,38,Pass,24.46,34.04,Complete,0.0
4931,6,Niger Tornadoes,Kwara United,Niger Tornadoes,Kwara United,Abubakar Osazuwa,LB,28,82,39,Dangerous Pass,75.01,32.64,Incomplete,0.0
4932,6,Niger Tornadoes,Kwara United,Kwara United,Niger Tornadoes,Joseph Usman,RB,2,83,7,Shot,96.42,53.04,Off Target,0.201
4933,6,Niger Tornadoes,Kwara United,Kwara United,Niger Tornadoes,Praise Balogun,CM,6,83,20,Dangerous Pass,81.48,47.06,Complete,0.0
4934,6,Niger Tornadoes,Kwara United,Kwara United,Niger Tornadoes,Uche Garba,ST,10,83,29,Pass,35.63,67.66,Complete,0.0
4935,6,Niger Tornadoes,Kwara United,Niger Tornadoes,Kwara United,Chibuzor Onuoha,CAM,9,83,42,Pass,48.74,38.56,Complete,0.0
4936,6,Niger Tornadoes,Kwara United,Niger Tornadoes,Kwara United,Chinedu Nwankwo,RB,10,83,48,Corner,109.49,24.02,Complete,0.0
4937,6,Niger Tornadoes,Kwara United,Kwara United,Niger Tornadoes,Emeka Afolabi,CB,28,83,49,Pass,56.38,23.97,Complete,0.0
4938,6,Niger Tornadoes,Kwara United,Niger Tornadoes,Kwara United,Chibuzor Onuoha,CAM,9,83,56,Pass,41.88,31.55,Complete,0.0
4939,6,Niger Tornadoes,Kwara United,Niger Tornadoes,Kwara United,Samuel Afolabi,LB,7,84,1,Corner,114.29,11.03,Complete,0.0
4940,6,Niger Tornadoes,Kwara United,Kwara United,Niger Tornadoes,Joseph Usman,RB,2,84,3,Progressive Pass,74.62,1.95,Incomplete,0.0
4941,6,Niger Tornadoes,Kwara United,Niger Tornadoes,Kwara United,Samuel Adebayo,CM,15,84,4,Pass,112.76,55.9,Complete,0.0
4942,6,Niger Tornadoes,Kwara United,Niger Tornadoes,Kwara United,Aliyu Usman,RW,23,84,7,Big Chance,107.28,52.51,Off Target,0.552
4943,6,Niger Tornadoes,Kwara United,Kwara United,Niger Tornadoes,Obinna Adebayo,LW,11,84,11,Turnover,79.92,46.84,Complete,0.0
4944,6,Niger Tornadoes,Kwara United,Kwara United,Niger Tornadoes,Ibrahim Osazuwa,LW,20,84,19,Shot,88.23,53.38,Off Target,0.117
4945,6,Niger Tornadoes,Kwara United,Niger Tornadoes,Kwara United,Adewale Adebayo,RW,8,84,19,Cross,70.23,47.61,Complete,0.0
4946,6,Niger Tornadoes,Kwara United,Kwara United,Niger Tornadoes,Obinna Adebayo,LW,11,84,26,Pass,23.02,49.46,Complete,0.0
4947,6,Niger Tornadoes,Kwara United,Niger Tornadoes,Kwara United,Chinedu Nwankwo,RB,10,84,33,Pass,29.97,24.92,Complete,0.0
4948,6,Niger Tornadoes,Kwara United,Kwara United,Niger Tornadoes,Joseph Usman,RB,2,84,36,Cross,107.49,49.23,Complete,0.0
4949,6,Niger Tornadoes,Kwara United,Kwara United,Niger Tornadoes,Ibrahim Osazuwa,LW,20,84,42,Shot on Target,97.48,46.9,Off Target,0.238
4950,6,Niger Tornadoes,Kwara United,Niger Tornadoes,Kwara United,Samuel Adebayo,CM,15,84,52,Pass,8.77,76.7,Complete,0.0
4951,6,Niger Tornadoes,Kwara United,Niger Tornadoes,Kwara United,Emeka Usman,LW,18,84,54,Shot,97.68,36.16,Off Target,0.248
4952,6,Niger Tornadoes,Kwara United,Kwara United,Niger Tornadoes,Praise Balogun,CM,6,84,59,Pass,0.72,73.88,Incomplete,0.0
4953,6,Niger Tornadoes,Kwara United,Niger Tornadoes,Kwara United,Daniel Chukwuma,ST,13,85,6,Tackle,49.9,43.97,Complete,0.0
4954,6,Niger Tornadoes,Kwara United,Kwara United,Niger Tornadoes,Obinna Okonkwo,LW,24,85,7,Cross,88.01,60.67,Complete,0.0
4955,6,Niger Tornadoes,Kwara United,Kwara United,Niger Tornadoes,Wale Yakubu,ST,29,85,8,Turnover,80.6,50.33,Complete,0.0
4956,6,Niger Tornadoes,Kwara United,Kwara United,Niger Tornadoes,Wale Yakubu,ST,29,85,8,Turnover,13.34,45.38,Complete,0.0
4957,6,Niger Tornadoes,Kwara United,Kwara United,Niger Tornadoes,Emeka Afolabi,CB,28,85,11,Pass,96.56,43.17,Incomplete,0.0
4958,6,Niger Tornadoes,Kwara United,Niger Tornadoes,Kwara United,Samuel Afolabi,LB,7,85,15,Turnover,11.51,14.7,Complete,0.0
4959,6,Niger Tornadoes,Kwara United,Kwara United,Niger Tornadoes,Chidi Balogun,CB,15,85,16,Interception,52.18,54.37,Complete,0.0
4960,6,Niger Tornadoes,Kwara United,Niger Tornadoes,Kwara United,Chibuzor Onuoha,CAM,9,85,21,Pass,37.9,47.68,Complete,0.0
4961,6,Niger Tornadoes,Kwara United,Niger Tornadoes,Kwara United,Rasheed Ojo,LB,24,85,29,Pass,46.48,57.6,Incomplete,0.0
4962,6,Niger Tornadoes,Kwara United,Niger Tornadoes,Kwara United,Daniel Chukwuma,ST,13,85,40,Cross,82.07,57.82,Complete,0.0
4963,6,Niger Tornadoes,Kwara United,Kwara United,Niger Tornadoes,Obinna Okonkwo,LW,24,85,40,Progressive Pass,49.59,53.46,Complete,0.0
4964,6,Niger Tornadoes,Kwara United,Kwara United,Niger Tornadoes,Aliyu Egwuekwe,RB,4,86,8,Pass,117.87,43.51,Complete,0.0
4965,6,Niger Tornadoes,Kwara United,Kwara United,Niger Tornadoes,Femi Osazuwa,RB,25,86,31,Turnover,55.03,30.76,Complete,0.0
4966,6,Niger Tornadoes,Kwara United,Niger Tornadoes,Kwara United,Ibrahim Ndukwe,LB,19,86,32,Pass,115.52,52.31,Complete,0.0
4967,6,Niger Tornadoes,Kwara United,Kwara United,Niger Tornadoes,Obinna Okonkwo,LW,24,86,45,Shot,97.23,40.02,Off Target,0.247
4968,6,Niger Tornadoes,Kwara United,Kwara United,Niger Tornadoes,Chidi Balogun,CB,15,86,47,Shot,109.68,17.99,On Target,0.23
4969,6,Niger Tornadoes,Kwara United,Niger Tornadoes,Kwara United,Sani Nwankwo,CAM,25,86,51,Dangerous Pass,95.96,57.71,Complete,0.0
4970,6,Niger Tornadoes,Kwara United,Kwara United,Niger Tornadoes,Ifeanyi Ogundele,LW,23,86,55,Pass,102.01,42.15,Complete,0.0
4971,6,Niger Tornadoes,Kwara United,Kwara United,Niger Tornadoes,Victor Okafor,CB,16,86,58,Foul,85.68,28.77,Complete,0.0
4972,6,Niger Tornadoes,Kwara United,Niger Tornadoes,Kwara United,Victor Ekong,GK,11,86,59,Progressive Pass,103.14,25.05,Complete,0.0
4973,6,Niger Tornadoes,Kwara United,Niger Tornadoes,Kwara United,Chinedu Nwankwo,RB,10,87,6,Interception,80.91,49.32,Complete,0.0
4974,6,Niger Tornadoes,Kwara United,Kwara United,Niger Tornadoes,Femi Osazuwa,RB,25,87,9,Pass,28.55,58.77,Complete,0.0
4975,6,Niger Tornadoes,Kwara United,Niger Tornadoes,Kwara United,Emeka Usman,LW,18,87,20,Pass,84.07,70.27,Complete,0.0
4976,6,Niger Tornadoes,Kwara United,Niger Tornadoes,Kwara United,Obinna Egwuekwe,LB,17,87,21,Interception,21.66,49.83,Complete,0.0
4977,6,Niger Tornadoes,Kwara United,Niger Tornadoes,Kwara United,Rasheed Ojo,LB,24,87,23,Pass,108.13,23.73,Complete,0.0
4978,6,Niger Tornadoes,Kwara United,Kwara United,Niger Tornadoes,Obinna Okonkwo,LW,24,87,26,Interception,59.14,72.04,Complete,0.0
4979,6,Niger Tornadoes,Kwara United,Niger Tornadoes,Kwara United,Rasheed Ojo,LB,24,87,39,Pass,7.99,22.61,Incomplete,0.0
4980,6,Niger Tornadoes,Kwara United,Niger Tornadoes,Kwara United,Success Okafor,CAM,20,87,55,Pass,68.87,32.16,Incomplete,0.0
4981,6,Niger Tornadoes,Kwara United,Kwara United,Niger Tornadoes,Victor Okafor,CB,16,88,6,Interception,31.2,57.16,Complete,0.0
4982,6,Niger Tornadoes,Kwara United,Kwara United,Niger Tornadoes,Tunde Sanni,CB,14,88,19,Foul,18.16,36.59,Complete,0.0
4983,6,Niger Tornadoes,Kwara United,Niger Tornadoes,Kwara United,Rasheed Ojo,LB,24,88,19,Tackle,60.64,45.6,Complete,0.0
4984,6,Niger Tornadoes,Kwara United,Niger Tornadoes,Kwara United,Kelechi Ibrahim,GK,26,88,30,Pass,111.07,42.26,Complete,0.0
4985,6,Niger Tornadoes,Kwara United,Niger Tornadoes,Kwara United,Chibuzor Onuoha,CAM,9,88,34,Pass,51.44,36.51,Complete,0.0
4986,6,Niger Tornadoes,Kwara United,Niger Tornadoes,Kwara United,Samuel Adebayo,CM,15,88,36,Pass,47.53,60.5,Complete,0.0
4987,6,Niger Tornadoes,Kwara United,Niger Tornadoes,Kwara United,Victor Ekong,GK,11,88,36,Pass,37.93,50.83,Complete,0.0
4988,6,Niger Tornadoes,Kwara United,Kwara United,Niger Tornadoes,Chidi Nnamdi,RW,19,88,43,Turnover,87.13,23.3,Complete,0.0
4989,6,Niger Tornadoes,Kwara United,Kwara United,Niger Tornadoes,Obinna Okonkwo,LW,24,89,6,Pass,78.89,4.8,Complete,0.0
4990,6,Niger Tornadoes,Kwara United,Niger Tornadoes,Kwara United,Obinna Egwuekwe,LB,17,89,23,Tackle,74.77,44.83,Complete,0.0
4991,6,Niger Tornadoes,Kwara United,Kwara United,Niger Tornadoes,Praise Balogun,CM,6,90,14,Interception,48.92,13.76,Complete,0.0
4992,6,Niger Tornadoes,Kwara United,Kwara United,Niger Tornadoes,Wale Yakubu,ST,29,90,23,Dangerous Pass,99.95,44.98,Complete,0.0
4993,6,Niger Tornadoes,Kwara United,Kwara United,Niger Tornadoes,Uche Garba,ST,10,90,23,Cross,91.66,46.75,Complete,0.0
4994,6,Niger Tornadoes,Kwara United,Kwara United,Niger Tornadoes,Emeka Afolabi,CB,28,90,32,Foul,12.98,52.1,Complete,0.0
4995,6,Niger Tornadoes,Kwara United,Niger Tornadoes,Kwara United,Adewale Adebayo,RW,8,90,34,Turnover,73.2,15.45,Complete,0.0
4996,6,Niger Tornadoes,Kwara United,Niger Tornadoes,Kwara United,Sani Nwankwo,CAM,25,90,48,Pass,113.18,31.37,Incomplete,0.0
4997,6,Niger Tornadoes,Kwara United,Niger Tornadoes,Kwara United,Sani Nwankwo,CAM,25,90,50,Pass,107.48,47.11,Complete,0.0
4998,6,Niger Tornadoes,Kwara United,Kwara United,Niger Tornadoes,Aliyu Egwuekwe,RB,4,90,54,Tackle,29.24,72.87,Complete,0.0
